date;close;open;high;low
1996-01-01;1507,65;1507,65;1507,65;1507,65
1996-01-02;1526,58;1526,58;1526,58;1526,58
1996-01-03;1544,07;1544,07;1544,07;1544,07
1996-01-04;1535,23;1535,23;1535,23;1535,23
1996-01-05;1527,90;1527,90;1527,90;1527,90
1996-01-08;1526,41;1526,41;1526,41;1526,41
1996-01-09;1530,44;1530,44;1530,44;1530,44
1996-01-10;1523,43;1523,43;1523,43;1523,43
1996-01-11;1513,85;1513,85;1513,85;1513,85
1996-01-12;1535,02;1535,02;1535,02;1535,02
1996-01-15;1533,84;1533,84;1533,84;1533,84
1996-01-16;1549,09;1549,09;1549,09;1549,09
1996-01-17;1558,37;1558,37;1558,37;1558,37
1996-01-18;1563,18;1563,18;1563,18;1563,18
1996-01-19;1577,92;1577,92;1577,92;1577,92
1996-01-22;1576,04;1576,04;1576,04;1576,04
1996-01-23;1565,50;1565,50;1565,50;1565,50
1996-01-24;1586,43;1586,43;1586,43;1586,43
1996-01-25;1593,03;1593,03;1593,03;1593,03
1996-01-26;1599,87;1599,87;1599,87;1599,87
1996-01-29;1605,08;1605,08;1605,08;1605,08
1996-01-30;1603,77;1603,77;1603,77;1603,77
1996-01-31;1611,05;1611,05;1611,05;1611,05
1996-02-01;1608,78;1608,78;1608,78;1608,78
1996-02-02;1610,54;1610,54;1610,54;1610,54
1996-02-05;1590,69;1590,69;1590,69;1590,69
1996-02-06;1594,11;1594,11;1594,11;1594,11
1996-02-07;1594,51;1594,51;1594,51;1594,51
1996-02-08;1586,24;1586,24;1586,24;1586,24
1996-02-09;1583,29;1583,29;1583,29;1583,29
1996-02-12;1589,01;1589,01;1589,01;1589,01
1996-02-13;1599,64;1599,64;1599,64;1599,64
1996-02-14;1593,17;1593,17;1593,17;1593,17
1996-02-15;1587,69;1587,69;1587,69;1587,69
1996-02-16;1586,81;1586,81;1586,81;1586,81
1996-02-19;1572,32;1572,32;1572,32;1572,32
1996-02-20;1556,36;1556,36;1556,36;1556,36
1996-02-21;1563,72;1563,72;1563,72;1563,72
1996-02-22;1579,31;1579,31;1579,31;1579,31
1996-02-23;1594,36;1594,36;1594,36;1594,36
1996-02-26;1581,35;1581,35;1581,35;1581,35
1996-02-27;1577,78;1577,78;1577,78;1577,78
1996-02-28;1593,88;1593,88;1593,88;1593,88
1996-02-29;1595,64;1595,64;1595,64;1595,64
1996-03-01;1609,59;1609,59;1609,59;1609,59
1996-03-04;1604,76;1604,76;1604,76;1604,76
1996-03-05;1593,18;1593,18;1593,18;1593,18
1996-03-06;1592,60;1592,60;1592,60;1592,60
1996-03-07;1599,87;1599,87;1599,87;1599,87
1996-03-08;1585,61;1585,61;1585,61;1585,61
1996-03-11;1563,31;1563,31;1563,31;1563,31
1996-03-12;1566,72;1566,72;1566,72;1566,72
1996-03-13;1568,97;1568,97;1568,97;1568,97
1996-03-14;1576,33;1576,33;1576,33;1576,33
1996-03-15;1578,08;1578,08;1578,08;1578,08
1996-03-18;1589,20;1589,20;1589,20;1589,20
1996-03-19;1601,27;1601,27;1601,27;1601,27
1996-03-20;1600,39;1600,39;1600,39;1600,39
1996-03-21;1603,15;1603,15;1603,15;1603,15
1996-03-22;1604,06;1604,06;1604,06;1604,06
1996-03-25;1606,10;1606,10;1606,10;1606,10
1996-03-26;1602,44;1602,44;1602,44;1602,44
1996-03-27;1611,44;1611,44;1611,44;1611,44
1996-03-28;1604,96;1604,96;1604,96;1604,96
1996-03-29;1612,24;1612,24;1612,24;1612,24
1996-04-01;1619,33;1619,33;1619,33;1619,33
1996-04-02;1620,88;1620,88;1620,88;1620,88
1996-04-03;1622,79;1622,79;1622,79;1622,79
1996-04-04;1627,37;1627,37;1627,37;1627,37
1996-04-05;1625,74;1625,74;1625,74;1625,74
1996-04-08;1626,08;1626,08;1626,08;1626,08
1996-04-09;1627,77;1627,77;1627,77;1627,77
1996-04-10;1644,85;1644,85;1644,85;1644,85
1996-04-11;1633,45;1633,45;1633,45;1633,45
1996-04-12;1632,71;1632,71;1632,71;1632,71
1996-04-15;1647,87;1647,87;1647,87;1647,87
1996-04-16;1651,56;1651,56;1651,56;1651,56
1996-04-17;1639,99;1639,99;1639,99;1639,99
1996-04-18;1645,28;1645,28;1645,28;1645,28
1996-04-19;1651,43;1651,43;1651,43;1651,43
1996-04-22;1666,30;1666,30;1666,30;1666,30
1996-04-23;1665,07;1665,07;1665,07;1665,07
1996-04-24;1666,47;1666,47;1666,47;1666,47
1996-04-25;1670,37;1670,37;1670,37;1670,37
1996-04-26;1674,50;1674,50;1674,50;1674,50
1996-04-29;1669,09;1669,09;1669,09;1669,09
1996-04-30;1671,13;1671,13;1671,13;1671,13
1996-05-01;1675,67;1675,67;1675,67;1675,67
1996-05-02;1673,12;1673,12;1673,12;1673,12
1996-05-03;1653,20;1653,20;1653,20;1653,20
1996-05-06;1655,77;1655,77;1655,77;1655,77
1996-05-07;1655,23;1655,23;1655,23;1655,23
1996-05-08;1645,41;1645,41;1645,41;1645,41
1996-05-09;1651,74;1651,74;1651,74;1651,74
1996-05-10;1658,16;1658,16;1658,16;1658,16
1996-05-13;1660,23;1660,23;1660,23;1660,23
1996-05-14;1676,50;1676,50;1676,50;1676,50
1996-05-15;1687,45;1687,45;1687,45;1687,45
1996-05-16;1684,09;1684,09;1684,09;1684,09
1996-05-17;1678,32;1678,32;1678,32;1678,32
1996-05-20;1685,34;1685,34;1685,34;1685,34
1996-05-21;1691,04;1691,04;1691,04;1691,04
1996-05-22;1681,22;1681,22;1681,22;1681,22
1996-05-23;1682,84;1682,84;1682,84;1682,84
1996-05-24;1678,46;1678,46;1678,46;1678,46
1996-05-27;1680,44;1680,44;1680,44;1680,44
1996-05-28;1686,86;1686,86;1686,86;1686,86
1996-05-29;1678,81;1678,81;1678,81;1678,81
1996-05-30;1668,58;1668,58;1668,58;1668,58
1996-05-31;1673,76;1673,76;1673,76;1673,76
1996-06-03;1662,58;1662,58;1662,58;1662,58
1996-06-04;1665,87;1665,87;1665,87;1665,87
1996-06-05;1673,71;1673,71;1673,71;1673,71
1996-06-06;1674,43;1674,43;1674,43;1674,43
1996-06-07;1666,66;1666,66;1666,66;1666,66
1996-06-10;1676,01;1676,01;1676,01;1676,01
1996-06-11;1680,02;1680,02;1680,02;1680,02
1996-06-12;1685,21;1685,21;1685,21;1685,21
1996-06-13;1675,32;1675,32;1675,32;1675,32
1996-06-14;1665,96;1665,96;1665,96;1665,96
1996-06-17;1665,98;1665,98;1665,98;1665,98
1996-06-18;1672,31;1672,31;1672,31;1672,31
1996-06-19;1661,97;1661,97;1661,97;1661,97
1996-06-20;1651,82;1651,82;1651,82;1651,82
1996-06-21;1649,54;1649,54;1649,54;1649,54
1996-06-24;1658,69;1658,69;1658,69;1658,69
1996-06-25;1667,28;1667,28;1667,28;1667,28
1996-06-26;1667,40;1667,40;1667,40;1667,40
1996-06-27;1657,51;1657,51;1657,51;1657,51
1996-06-28;1665,90;1665,90;1665,90;1665,90
1996-07-01;1663,44;1663,44;1663,44;1663,44
1996-07-02;1662,17;1662,17;1662,17;1662,17
1996-07-03;1662,39;1662,39;1662,39;1662,39
1996-07-04;1668,86;1668,86;1668,86;1668,86
1996-07-05;1657,40;1657,40;1657,40;1657,40
1996-07-08;1643,72;1643,72;1643,72;1643,72
1996-07-09;1649,90;1649,90;1649,90;1649,90
1996-07-10;1644,54;1644,54;1644,54;1644,54
1996-07-11;1637,84;1637,84;1637,84;1637,84
1996-07-12;1624,01;1624,01;1624,01;1624,01
1996-07-15;1614,81;1614,81;1614,81;1614,81
1996-07-16;1578,26;1578,26;1578,26;1578,26
1996-07-17;1589,28;1589,28;1589,28;1589,28
1996-07-18;1599,28;1599,28;1599,28;1599,28
1996-07-19;1602,75;1602,75;1602,75;1602,75
1996-07-22;1578,00;1578,00;1578,00;1578,00
1996-07-23;1586,00;1586,00;1586,00;1586,00
1996-07-24;1563,32;1563,32;1563,32;1563,32
1996-07-25;1578,70;1578,70;1578,70;1578,70
1996-07-26;1571,31;1571,31;1571,31;1571,31
1996-07-29;1573,74;1573,74;1573,74;1573,74
1996-07-30;1574,73;1574,73;1574,73;1574,73
1996-07-31;1590,93;1590,93;1590,93;1590,93
1996-08-01;1601,71;1601,71;1601,71;1601,71
1996-08-02;1616,43;1616,43;1616,43;1616,43
1996-08-05;1620,54;1620,54;1620,54;1620,54
1996-08-06;1617,66;1617,66;1617,66;1617,66
1996-08-07;1621,59;1621,59;1621,59;1621,59
1996-08-08;1620,71;1620,71;1620,71;1620,71
1996-08-09;1612,64;1612,64;1612,64;1612,64
1996-08-12;1610,67;1610,67;1610,67;1610,67
1996-08-13;1614,26;1614,26;1614,26;1614,26
1996-08-14;1612,07;1612,07;1612,07;1612,07
1996-08-15;1615,67;1615,67;1615,67;1615,67
1996-08-16;1620,22;1620,22;1620,22;1620,22
1996-08-19;1627,45;1627,45;1627,45;1627,45
1996-08-20;1638,17;1638,17;1638,17;1638,17
1996-08-21;1625,95;1625,95;1625,95;1625,95
1996-08-22;1637,33;1637,33;1637,33;1637,33
1996-08-23;1633,28;1633,28;1633,28;1633,28
1996-08-26;1625,81;1625,81;1625,81;1625,81
1996-08-27;1628,32;1628,32;1628,32;1628,32
1996-08-28;1627,22;1627,22;1627,22;1627,22
1996-08-29;1615,32;1615,32;1615,32;1615,32
1996-08-30;1601,43;1601,43;1601,43;1601,43
1996-09-02;1602,57;1602,57;1602,57;1602,57
1996-09-03;1595,17;1595,17;1595,17;1595,17
1996-09-04;1604,53;1604,53;1604,53;1604,53
1996-09-05;1605,33;1605,33;1605,33;1605,33
1996-09-06;1605,98;1605,98;1605,98;1605,98
1996-09-09;1623,19;1623,19;1623,19;1623,19
1996-09-10;1630,62;1630,62;1630,62;1630,62
1996-09-11;1626,79;1626,79;1626,79;1626,79
1996-09-12;1635,45;1635,45;1635,45;1635,45
1996-09-13;1656,08;1656,08;1656,08;1656,08
1996-09-16;1665,71;1665,71;1665,71;1665,71
1996-09-17;1659,79;1659,79;1659,79;1659,79
1996-09-18;1655,95;1655,95;1655,95;1655,95
1996-09-19;1658,05;1658,05;1658,05;1658,05
1996-09-20;1665,15;1665,15;1665,15;1665,15
1996-09-23;1655,69;1655,69;1655,69;1655,69
1996-09-24;1652,97;1652,97;1652,97;1652,97
1996-09-25;1672,15;1672,15;1672,15;1672,15
1996-09-26;1678,28;1678,28;1678,28;1678,28
1996-09-27;1689,69;1689,69;1689,69;1689,69
1996-09-30;1694,51;1694,51;1694,51;1694,51
1996-10-01;1693,99;1693,99;1693,99;1693,99
1996-10-02;1705,92;1705,92;1705,92;1705,92
1996-10-03;1708,95;1708,95;1708,95;1708,95
1996-10-04;1710,79;1710,79;1710,79;1710,79
1996-10-07;1712,03;1712,03;1712,03;1712,03
1996-10-08;1714,22;1714,22;1714,22;1714,22
1996-10-09;1710,64;1710,64;1710,64;1710,64
1996-10-10;1700,19;1700,19;1700,19;1700,19
1996-10-11;1701,25;1701,25;1701,25;1701,25
1996-10-14;1704,06;1704,06;1704,06;1704,06
1996-10-15;1723,12;1723,12;1723,12;1723,12
1996-10-16;1714,92;1714,92;1714,92;1714,92
1996-10-17;1718,44;1718,44;1718,44;1718,44
1996-10-18;1734,83;1734,83;1734,83;1734,83
1996-10-21;1734,44;1734,44;1734,44;1734,44
1996-10-22;1741,50;1741,50;1741,50;1741,50
1996-10-23;1724,32;1724,32;1724,32;1724,32
1996-10-24;1720,07;1720,07;1720,07;1720,07
1996-10-25;1719,42;1719,42;1719,42;1719,42
1996-10-28;1725,65;1725,65;1725,65;1725,65
1996-10-29;1704,83;1704,83;1704,83;1704,83
1996-10-30;1698,65;1698,65;1698,65;1698,65
1996-10-31;1700,54;1700,54;1700,54;1700,54
1996-11-01;1702,07;1702,07;1702,07;1702,07
1996-11-04;1697,24;1697,24;1697,24;1697,24
1996-11-05;1720,30;1720,30;1720,30;1720,30
1996-11-06;1738,32;1738,32;1738,32;1738,32
1996-11-07;1735,62;1735,62;1735,62;1735,62
1996-11-08;1742,08;1742,08;1742,08;1742,08
1996-11-11;1737,84;1737,84;1737,84;1737,84
1996-11-12;1749,75;1749,75;1749,75;1749,75
1996-11-13;1756,94;1756,94;1756,94;1756,94
1996-11-14;1764,12;1764,12;1764,12;1764,12
1996-11-15;1774,15;1774,15;1774,15;1774,15
1996-11-18;1768,38;1768,38;1768,38;1768,38
1996-11-19;1773,49;1773,49;1773,49;1773,49
1996-11-20;1773,00;1773,00;1773,00;1773,00
1996-11-21;1770,72;1770,72;1770,72;1770,72
1996-11-22;1783,62;1783,62;1783,62;1783,62
1996-11-25;1788,27;1788,27;1788,27;1788,27
1996-11-26;1798,65;1798,65;1798,65;1798,65
1996-11-27;1784,30;1784,30;1784,30;1784,30
1996-11-28;1799,90;1799,90;1799,90;1799,90
1996-11-29;1817,95;1817,95;1817,95;1817,95
1996-12-02;1825,15;1825,15;1825,15;1825,15
1996-12-03;1836,59;1836,59;1836,59;1836,59
1996-12-04;1823,51;1823,51;1823,51;1823,51
1996-12-05;1830,76;1830,76;1830,76;1830,76
1996-12-06;1780,95;1780,95;1780,95;1780,95
1996-12-09;1804,80;1804,80;1804,80;1804,80
1996-12-10;1810,43;1810,43;1810,43;1810,43
1996-12-11;1781,06;1781,06;1781,06;1781,06
1996-12-12;1784,20;1784,20;1784,20;1784,20
1996-12-13;1761,60;1761,60;1761,60;1761,60
1996-12-16;1791,28;1791,28;1791,28;1791,28
1996-12-17;1778,59;1778,59;1778,59;1778,59
1996-12-18;1795,03;1795,03;1795,03;1795,03
1996-12-19;1816,01;1816,01;1816,01;1816,01
1996-12-20;1833,99;1833,99;1833,99;1833,99
1996-12-23;1836,26;1836,26;1836,26;1836,26
1996-12-24;1836,31;1836,31;1836,31;1836,31
1996-12-25;1833,04;1833,04;1833,04;1833,04
1996-12-26;1839,58;1839,58;1839,58;1839,58
1996-12-27;1845,66;1845,66;1845,66;1845,66
1996-12-30;1859,10;1859,10;1859,10;1859,10
1996-12-31;1850,32;1850,32;1850,32;1850,32
1997-01-01;1853,78;1853,78;1853,78;1853,78
1997-01-02;1824,52;1824,52;1824,52;1824,52
1997-01-03;1845,79;1845,79;1845,79;1845,79
1997-01-06;1853,82;1853,82;1853,82;1853,82
1997-01-07;1854,75;1854,75;1854,75;1854,75
1997-01-08;1874,47;1874,47;1874,47;1874,47
1997-01-09;1880,96;1880,96;1880,96;1880,96
1997-01-10;1898,34;1898,34;1898,34;1898,34
1997-01-13;1923,44;1923,44;1923,44;1923,44
1997-01-14;1941,90;1941,90;1941,90;1941,90
1997-01-15;1943,90;1943,90;1943,90;1943,90
1997-01-16;1959,29;1959,29;1959,29;1959,29
1997-01-17;1967,86;1967,86;1967,86;1967,86
1997-01-20;1972,72;1972,72;1972,72;1972,72
1997-01-21;1961,12;1961,12;1961,12;1961,12
1997-01-22;1991,18;1991,18;1991,18;1991,18
1997-01-23;2000,68;2000,68;2000,68;2000,68
1997-01-24;1977,00;1977,00;1977,00;1977,00
1997-01-27;1975,98;1975,98;1975,98;1975,98
1997-01-28;1983,83;1983,83;1983,83;1983,83
1997-01-29;1969,12;1969,12;1969,12;1969,12
1997-01-30;1987,84;1987,84;1987,84;1987,84
1997-01-31;2005,36;2005,36;2005,36;2005,36
1997-02-03;2004,32;2004,32;2004,32;2004,32
1997-02-04;2006,61;2006,61;2006,61;2006,61
1997-02-05;2035,49;2035,49;2035,49;2035,49
1997-02-06;2038,20;2038,20;2038,20;2038,20
1997-02-07;2056,83;2056,83;2056,83;2056,83
1997-02-10;2064,99;2064,99;2064,99;2064,99
1997-02-11;2057,73;2057,73;2057,73;2057,73
1997-02-12;2071,10;2071,10;2071,10;2071,10
1997-02-13;2088,21;2088,21;2088,21;2088,21
1997-02-14;2097,42;2097,42;2097,42;2097,42
1997-02-17;2102,12;2102,12;2102,12;2102,12
1997-02-18;2107,17;2107,17;2107,17;2107,17
1997-02-19;2098,10;2098,10;2098,10;2098,10
1997-02-20;2086,06;2086,06;2086,06;2086,06
1997-02-21;2070,45;2070,45;2070,45;2070,45
1997-02-24;2069,43;2069,43;2069,43;2069,43
1997-02-25;2096,81;2096,81;2096,81;2096,81
1997-02-26;2088,77;2088,77;2088,77;2088,77
1997-02-27;2099,80;2099,80;2099,80;2099,80
1997-02-28;2077,22;2077,22;2077,22;2077,22
1997-03-03;2080,42;2080,42;2080,42;2080,42
1997-03-04;2111,36;2111,36;2111,36;2111,36
1997-03-05;2122,98;2122,98;2122,98;2122,98
1997-03-06;2150,21;2150,21;2150,21;2150,21
1997-03-07;2142,99;2142,99;2142,99;2142,99
1997-03-10;2162,20;2162,20;2162,20;2162,20
1997-03-11;2169,71;2169,71;2169,71;2169,71
1997-03-12;2143,17;2143,17;2143,17;2143,17
1997-03-13;2133,95;2133,95;2133,95;2133,95
1997-03-14;2139,65;2139,65;2139,65;2139,65
1997-03-17;2124,55;2124,55;2124,55;2124,55
1997-03-18;2095,49;2095,49;2095,49;2095,49
1997-03-19;2099,91;2099,91;2099,91;2099,91
1997-03-20;2068,00;2068,00;2068,00;2068,00
1997-03-21;2090,88;2090,88;2090,88;2090,88
1997-03-24;2080,93;2080,93;2080,93;2080,93
1997-03-25;2108,68;2108,68;2108,68;2108,68
1997-03-26;2133,60;2133,60;2133,60;2133,60
1997-03-27;2141,51;2141,51;2141,51;2141,51
1997-03-28;2142,45;2142,45;2142,45;2142,45
1997-03-31;2137,28;2137,28;2137,28;2137,28
1997-04-01;2063,22;2063,22;2063,22;2063,22
1997-04-02;2056,63;2056,63;2056,63;2056,63
1997-04-03;2026,91;2026,91;2026,91;2026,91
1997-04-04;2031,61;2031,61;2031,61;2031,61
1997-04-07;2072,15;2072,15;2072,15;2072,15
1997-04-08;2077,81;2077,81;2077,81;2077,81
1997-04-09;2100,70;2100,70;2100,70;2100,70
1997-04-10;2091,17;2091,17;2091,17;2091,17
1997-04-11;2080,82;2080,82;2080,82;2080,82
1997-04-14;2059,07;2059,07;2059,07;2059,07
1997-04-15;2100,96;2100,96;2100,96;2100,96
1997-04-16;2108,24;2108,24;2108,24;2108,24
1997-04-17;2120,31;2120,31;2120,31;2120,31
1997-04-18;2104,84;2104,84;2104,84;2104,84
1997-04-21;2108,25;2108,25;2108,25;2108,25
1997-04-22;2108,48;2108,48;2108,48;2108,48
1997-04-23;2134,76;2134,76;2134,76;2134,76
1997-04-24;2135,01;2135,01;2135,01;2135,01
1997-04-25;2123,99;2123,99;2123,99;2123,99
1997-04-28;2111,60;2111,60;2111,60;2111,60
1997-04-29;2142,84;2142,84;2142,84;2142,84
1997-04-30;2164,68;2164,68;2164,68;2164,68
1997-05-01;2175,50;2175,50;2175,50;2175,50
1997-05-02;2175,52;2175,52;2175,52;2175,52
1997-05-05;2204,66;2204,66;2204,66;2204,66
1997-05-06;2213,29;2213,29;2213,29;2213,29
1997-05-07;2205,71;2205,71;2205,71;2205,71
1997-05-08;2206,78;2206,78;2206,78;2206,78
1997-05-09;2218,99;2218,99;2218,99;2218,99
1997-05-12;2243,84;2243,84;2243,84;2243,84
1997-05-13;2252,52;2252,52;2252,52;2252,52
1997-05-14;2264,28;2264,28;2264,28;2264,28
1997-05-15;2260,64;2260,64;2260,64;2260,64
1997-05-16;2267,46;2267,46;2267,46;2267,46
1997-05-19;2266,30;2266,30;2266,30;2266,30
1997-05-20;2228,67;2228,67;2228,67;2228,67
1997-05-21;2281,58;2281,58;2281,58;2281,58
1997-05-22;2267,18;2267,18;2267,18;2267,18
1997-05-23;2274,95;2274,95;2274,95;2274,95
1997-05-26;2280,76;2280,76;2280,76;2280,76
1997-05-27;2288,31;2288,31;2288,31;2288,31
1997-05-28;2262,02;2262,02;2262,02;2262,02
1997-05-29;2256,07;2256,07;2256,07;2256,07
1997-05-30;2220,86;2220,86;2220,86;2220,86
1997-06-02;2250,77;2250,77;2250,77;2250,77
1997-06-03;2262,72;2262,72;2262,72;2262,72
1997-06-04;2275,62;2275,62;2275,62;2275,62
1997-06-05;2288,60;2288,60;2288,60;2288,60
1997-06-06;2310,55;2310,55;2310,55;2310,55
1997-06-09;2314,58;2314,58;2314,58;2314,58
1997-06-10;2305,01;2305,01;2305,01;2305,01
1997-06-11;2316,53;2316,53;2316,53;2316,53
1997-06-12;2346,73;2346,73;2346,73;2346,73
1997-06-13;2369,86;2369,86;2369,86;2369,86
1997-06-16;2373,32;2373,32;2373,32;2373,32
1997-06-17;2355,68;2355,68;2355,68;2355,68
1997-06-18;2359,91;2359,91;2359,91;2359,91
1997-06-19;2370,00;2370,00;2370,00;2370,00
1997-06-20;2386,13;2386,13;2386,13;2386,13
1997-06-23;2384,72;2384,72;2384,72;2384,72
1997-06-24;2389,28;2389,28;2389,28;2389,28
1997-06-25;2426,34;2426,34;2426,34;2426,34
1997-06-26;2438,38;2438,38;2438,38;2438,38
1997-06-27;2431,73;2431,73;2431,73;2431,73
1997-06-30;2398,41;2398,41;2398,41;2398,41
1997-07-01;2445,80;2445,80;2445,80;2445,80
1997-07-02;2452,79;2452,79;2452,79;2452,79
1997-07-03;2491,58;2491,58;2491,58;2491,58
1997-07-04;2509,09;2509,09;2509,09;2509,09
1997-07-07;2531,84;2531,84;2531,84;2531,84
1997-07-08;2520,46;2520,46;2520,46;2520,46
1997-07-09;2544,62;2544,62;2544,62;2544,62
1997-07-10;2512,98;2512,98;2512,98;2512,98
1997-07-11;2542,17;2542,17;2542,17;2542,17
1997-07-14;2554,05;2554,05;2554,05;2554,05
1997-07-15;2546,57;2546,57;2546,57;2546,57
1997-07-16;2598,19;2598,19;2598,19;2598,19
1997-07-17;2601,80;2601,80;2601,80;2601,80
1997-07-18;2558,56;2558,56;2558,56;2558,56
1997-07-21;2516,79;2516,79;2516,79;2516,79
1997-07-22;2578,77;2578,77;2578,77;2578,77
1997-07-23;2645,05;2645,05;2645,05;2645,05
1997-07-24;2619,17;2619,17;2619,17;2619,17
1997-07-25;2640,14;2640,14;2640,14;2640,14
1997-07-28;2660,13;2660,13;2660,13;2660,13
1997-07-29;2638,05;2638,05;2638,05;2638,05
1997-07-30;2674,56;2674,56;2674,56;2674,56
1997-07-31;2674,83;2674,83;2674,83;2674,83
1997-08-01;2656,32;2656,32;2656,32;2656,32
1997-08-04;2614,82;2614,82;2614,82;2614,82
1997-08-05;2618,30;2618,30;2618,30;2618,30
1997-08-06;2667,77;2667,77;2667,77;2667,77
1997-08-07;2699,78;2699,78;2699,78;2699,78
1997-08-08;2654,07;2654,07;2654,07;2654,07
1997-08-11;2625,86;2625,86;2625,86;2625,86
1997-08-12;2645,81;2645,81;2645,81;2645,81
1997-08-13;2578,11;2578,11;2578,11;2578,11
1997-08-14;2558,30;2558,30;2558,30;2558,30
1997-08-15;2503,46;2503,46;2503,46;2503,46
1997-08-18;2508,04;2508,04;2508,04;2508,04
1997-08-19;2549,74;2549,74;2549,74;2549,74
1997-08-20;2589,14;2589,14;2589,14;2589,14
1997-08-21;2581,93;2581,93;2581,93;2581,93
1997-08-22;2515,62;2515,62;2515,62;2515,62
1997-08-25;2513,53;2513,53;2513,53;2513,53
1997-08-26;2466,54;2466,54;2466,54;2466,54
1997-08-27;2467,04;2467,04;2467,04;2467,04
1997-08-28;2438,60;2438,60;2438,60;2438,60
1997-08-29;2407,58;2407,58;2407,58;2407,58
1997-09-01;2439,92;2439,92;2439,92;2439,92
1997-09-02;2514,53;2514,53;2514,53;2514,53
1997-09-03;2537,65;2537,65;2537,65;2537,65
1997-09-04;2521,34;2521,34;2521,34;2521,34
1997-09-05;2533,35;2533,35;2533,35;2533,35
1997-09-08;2528,14;2528,14;2528,14;2528,14
1997-09-09;2512,40;2512,40;2512,40;2512,40
1997-09-10;2478,75;2478,75;2478,75;2478,75
1997-09-11;2434,49;2434,49;2434,49;2434,49
1997-09-12;2409,42;2409,42;2409,42;2409,42
1997-09-15;2430,24;2430,24;2430,24;2430,24
1997-09-16;2473,76;2473,76;2473,76;2473,76
1997-09-17;2500,16;2500,16;2500,16;2500,16
1997-09-18;2506,79;2506,79;2506,79;2506,79
1997-09-19;2511,17;2511,17;2511,17;2511,17
1997-09-22;2558,10;2558,10;2558,10;2558,10
1997-09-23;2546,60;2546,60;2546,60;2546,60
1997-09-24;2561,21;2561,21;2561,21;2561,21
1997-09-25;2556,23;2556,23;2556,23;2556,23
1997-09-26;2555,21;2555,21;2555,21;2555,21
1997-09-29;2551,87;2551,87;2551,87;2551,87
1997-09-30;2581,36;2581,36;2581,36;2581,36
1997-10-01;2608,01;2608,01;2608,01;2608,01
1997-10-02;2609,64;2609,64;2609,64;2609,64
1997-10-03;2641,68;2641,68;2641,68;2641,68
1997-10-06;2635,67;2635,67;2635,67;2635,67
1997-10-07;2628,43;2628,43;2628,43;2628,43
1997-10-08;2625,44;2625,44;2625,44;2625,44
1997-10-09;2550,22;2550,22;2550,22;2550,22
1997-10-10;2534,48;2534,48;2534,48;2534,48
1997-10-13;2582,03;2582,03;2582,03;2582,03
1997-10-14;2584,02;2584,02;2584,02;2584,02
1997-10-15;2567,53;2567,53;2567,53;2567,53
1997-10-16;2544,60;2544,60;2544,60;2544,60
1997-10-17;2508,15;2508,15;2508,15;2508,15
1997-10-20;2502,42;2502,42;2502,42;2502,42
1997-10-21;2546,57;2546,57;2546,57;2546,57
1997-10-22;2537,55;2537,55;2537,55;2537,55
1997-10-23;2444,06;2444,06;2444,06;2444,06
1997-10-24;2450,30;2450,30;2450,30;2450,30
1997-10-27;2371,39;2371,39;2371,39;2371,39
1997-10-28;2241,21;2241,21;2241,21;2241,21
1997-10-29;2370,94;2370,94;2370,94;2370,94
1997-10-30;2330,44;2330,44;2330,44;2330,44
1997-10-31;2331,25;2331,25;2331,25;2331,25
1997-11-03;2392,17;2392,17;2392,17;2392,17
1997-11-04;2368,23;2368,23;2368,23;2368,23
1997-11-05;2386,78;2386,78;2386,78;2386,78
1997-11-06;2362,16;2362,16;2362,16;2362,16
1997-11-07;2300,25;2300,25;2300,25;2300,25
1997-11-10;2319,53;2319,53;2319,53;2319,53
1997-11-11;2309,75;2309,75;2309,75;2309,75
1997-11-12;2281,01;2281,01;2281,01;2281,01
1997-11-13;2303,29;2303,29;2303,29;2303,29
1997-11-14;2313,77;2313,77;2313,77;2313,77
1997-11-17;2369,83;2369,83;2369,83;2369,83
1997-11-18;2382,46;2382,46;2382,46;2382,46
1997-11-19;2369,87;2369,87;2369,87;2369,87
1997-11-20;2418,67;2418,67;2418,67;2418,67
1997-11-21;2448,63;2448,63;2448,63;2448,63
1997-11-24;2385,77;2385,77;2385,77;2385,77
1997-11-25;2386,28;2386,28;2386,28;2386,28
1997-11-26;2412,67;2412,67;2412,67;2412,67
1997-11-27;2423,99;2423,99;2423,99;2423,99
1997-11-28;2423,74;2423,74;2423,74;2423,74
1997-12-01;2482,43;2482,43;2482,43;2482,43
1997-12-02;2489,56;2489,56;2489,56;2489,56
1997-12-03;2475,79;2475,79;2475,79;2475,79
1997-12-04;2498,54;2498,54;2498,54;2498,54
1997-12-05;2503,93;2503,93;2503,93;2503,93
1997-12-08;2525,86;2525,86;2525,86;2525,86
1997-12-09;2521,96;2521,96;2521,96;2521,96
1997-12-10;2481,39;2481,39;2481,39;2481,39
1997-12-11;2420,75;2420,75;2420,75;2420,75
1997-12-12;2432,06;2432,06;2432,06;2432,06
1997-12-15;2439,14;2439,14;2439,14;2439,14
1997-12-16;2488,89;2488,89;2488,89;2488,89
1997-12-17;2502,96;2502,96;2502,96;2502,96
1997-12-18;2485,06;2485,06;2485,06;2485,06
1997-12-19;2420,83;2420,83;2420,83;2420,83
1997-12-22;2429,42;2429,42;2429,42;2429,42
1997-12-23;2435,84;2435,84;2435,84;2435,84
1997-12-24;2440,93;2440,93;2440,93;2440,93
1997-12-25;2438,12;2438,12;2438,12;2438,12
1997-12-26;2439,15;2439,15;2439,15;2439,15
1997-12-29;2498,93;2498,93;2498,93;2498,93
1997-12-30;2528,77;2528,77;2528,77;2528,77
1997-12-31;2531,99;2531,99;2531,99;2531,99
1998-01-01;2532,01;2532,01;2532,01;2532,01
1998-01-02;2575,00;2575,00;2575,00;2575,00
1998-01-05;2616,80;2616,80;2616,80;2616,80
1998-01-06;2591,05;2591,05;2591,05;2591,05
1998-01-07;2588,56;2588,56;2588,56;2588,56
1998-01-08;2562,42;2562,42;2562,42;2562,42
1998-01-09;2527,59;2527,59;2527,59;2527,59
1998-01-12;2466,81;2466,81;2466,81;2466,81
1998-01-13;2508,36;2508,36;2508,36;2508,36
1998-01-14;2524,47;2524,47;2524,47;2524,47
1998-01-15;2524,59;2524,59;2524,59;2524,59
1998-01-16;2553,34;2553,34;2553,34;2553,34
1998-01-19;2576,53;2576,53;2576,53;2576,53
1998-01-20;2593,95;2593,95;2593,95;2593,95
1998-01-21;2585,15;2585,15;2585,15;2585,15
1998-01-22;2565,88;2565,88;2565,88;2565,88
1998-01-23;2545,09;2545,09;2545,09;2545,09
1998-01-26;2570,85;2570,85;2570,85;2570,85
1998-01-27;2603,16;2603,16;2603,16;2603,16
1998-01-28;2643,21;2643,21;2643,21;2643,21
1998-01-29;2664,66;2664,66;2664,66;2664,66
1998-01-30;2676,03;2676,03;2676,03;2676,03
1998-02-02;2694,29;2694,29;2694,29;2694,29
1998-02-03;2698,07;2698,07;2698,07;2698,07
1998-02-04;2682,60;2682,60;2682,60;2682,60
1998-02-05;2708,33;2708,33;2708,33;2708,33
1998-02-06;2719,19;2719,19;2719,19;2719,19
1998-02-09;2724,07;2724,07;2724,07;2724,07
1998-02-10;2721,88;2721,88;2721,88;2721,88
1998-02-11;2746,36;2746,36;2746,36;2746,36
1998-02-12;2713,24;2713,24;2713,24;2713,24
1998-02-13;2717,35;2717,35;2717,35;2717,35
1998-02-16;2744,34;2744,34;2744,34;2744,34
1998-02-17;2795,88;2795,88;2795,88;2795,88
1998-02-18;2796,52;2796,52;2796,52;2796,52
1998-02-19;2779,69;2779,69;2779,69;2779,69
1998-02-20;2785,22;2785,22;2785,22;2785,22
1998-02-23;2798,66;2798,66;2798,66;2798,66
1998-02-24;2801,52;2801,52;2801,52;2801,52
1998-02-25;2861,65;2861,65;2861,65;2861,65
1998-02-26;2875,61;2877,68;2880,25;2860,30
1998-02-27;2878,04;2875,54;2902,15;2878,04
1998-03-02;2929,02;2880,14;2930,44;2929,02
1998-03-03;2908,59;2932,42;2933,43;2898,48
1998-03-04;2878,59;2923,05;2923,27;2869,08
1998-03-05;2863,18;2849,50;2874,77;2826,11
1998-03-06;2930,86;2876,52;2936,20;2858,97
1998-03-09;2962,52;2868,54;2966,16;2868,54
1998-03-10;2959,09;2962,19;2971,93;2949,89
1998-03-11;2974,45;2982,55;2982,55;2949,03
1998-03-12;2967,95;2973,54;2982,14;2957,59
1998-03-13;2999,97;2992,89;3023,84;2968,86
1998-03-16;3029,49;2998,78;3032,60;2992,75
1998-03-17;3053,96;3030,94;3066,22;3030,94
1998-03-18;3035,43;3057,28;3059,30;3011,68
1998-03-19;3048,63;3047,65;3051,28;3034,79
1998-03-20;3086,08;3066,15;3094,04;3047,64
1998-03-23;3111,10;3107,11;3127,39;3085,05
1998-03-24;3143,37;3084,36;3145,56;3084,36
1998-03-25;3179,72;3152,61;3196,43;3143,90
1998-03-26;3135,27;3163,23;3180,33;3116,98
1998-03-27;3150,90;3132,34;3178,10;3131,29
1998-03-30;3137,03;3141,75;3156,11;3112,10
1998-03-31;3153,32;3146,36;3163,20;3124,48
1998-04-01;3196,05;3162,03;3202,62;3143,94
1998-04-02;3230,54;3202,72;3236,98;3195,07
1998-04-03;3268,70;3248,11;3286,73;3232,90
1998-04-06;3345,86;3267,51;3345,86;3267,51
1998-04-07;3286,69;3321,21;3353,95;3277,20
1998-04-08;3253,58;3280,31;3291,77;3240,17
1998-04-09;3264,15;3229,46;3274,54;3229,46
1998-04-14;3283,05;3292,88;3326,58;3268,35
1998-04-15;3289,71;3306,10;3318,29;3279,10
1998-04-16;3251,87;3292,16;3304,92;3238,97
1998-04-17;3267,75;3240,43;3278,24;3231,04
1998-04-20;3298,98;3302,50;3318,50;3247,04
1998-04-21;3294,93;3273,69;3298,22;3260,59
1998-04-22;3272,20;3307,92;3317,96;3264,02
1998-04-23;3226,14;3271,70;3279,18;3216,49
1998-04-24;3174,18;3227,94;3227,99;3163,65
1998-04-27;3061,04;3173,14;3179,55;3044,83
1998-04-28;3153,55;3086,48;3157,17;3085,95
1998-04-29;3118,37;3139,46;3169,10;3103,07
1998-04-30;3195,43;3128,18;3202,95;3115,46
1998-05-04;3309,96;3278,28;3317,90;3244,38
1998-05-05;3261,38;3296,57;3311,95;3252,47
1998-05-06;3262,55;3245,39;3286,58;3232,07
1998-05-07;3216,03;3249,35;3269,48;3213,16
1998-05-08;3255,78;3214,56;3263,20;3212,34
1998-05-11;3327,92;3281,37;3310,16;3255,57
1998-05-12;3290,86;3292,44;3328,81;3271,75
1998-05-13;3304,42;3307,07;3329,02;3286,99
1998-05-14;3305,41;3305,40;3314,14;3277,78
1998-05-15;3304,69;3309,21;3315,25;3289,79
1998-05-18;3253,33;3304,29;3304,29;3251,22
1998-05-19;3313,72;3267,38;3316,97;3253,11
1998-05-20;3352,25;3327,15;3357,79;3310,72
1998-05-22;3371,39;3355,57;3397,82;3355,57
1998-05-25;3422,42;3369,87;3426,32;3368,83
1998-05-26;3424,55;3434,52;3488,20;3418,36
1998-05-27;3340,51;3354,61;3423,04;3319,35
1998-05-28;3338,80;3339,74;3367,21;3323,29
1998-05-29;3357,77;3357,77;3387,86;3340,54
1998-06-02;3368,29;3344,18;3374,41;3330,32
1998-06-03;3399,22;3367,31;3406,15;3365,15
1998-06-04;3375,03;3376,82;3402,72;3360,26
1998-06-05;3421,55;3401,61;3427,13;3369,96
1998-06-08;3443,76;3457,37;3463,33;3419,77
1998-06-09;3415,77;3436,34;3446,53;3407,36
1998-06-10;3424,65;3395,63;3427,72;3384,66
1998-06-11;3393,76;3413,82;3424,49;3390,20
1998-06-12;3303,01;3355,21;3390,77;3299,28
1998-06-15;3253,91;3299,81;3308,40;3213,74
1998-06-16;3269,06;3235,96;3275,14;3235,96
1998-06-17;3330,55;3279,70;3334,10;3268,70
1998-06-18;3291,14;3361,11;3350,02;3282,61
1998-06-19;3258,16;3294,92;3302,83;3251,66
1998-06-22;3252,12;3232,37;3268,29;3223,86
1998-06-23;3309,48;3267,74;3312,36;3249,59
1998-06-24;3330,29;3324,52;3348,90;3294,12
1998-06-25;3391,88;3364,62;3393,60;3335,86
1998-06-26;3395,41;3383,38;3403,04;3361,19
1998-06-29;3431,06;3410,47;3431,06;3395,84
1998-06-30;3406,82;3430,38;3436,51;3395,27
1998-07-01;3464,96;3428,17;3466,83;3409,17
1998-07-02;3471,65;3495,96;3507,01;3463,01
1998-07-03;3506,45;3474,87;3508,31;3469,26
1998-07-06;3518,79;3511,94;3521,64;3488,97
1998-07-07;3530,93;3537,07;3537,90;3518,10
1998-07-08;3553,07;3527,49;3560,48;3524,70
1998-07-09;3542,20;3563,86;3572,76;3533,24
1998-07-10;3532,65;3517,71;3556,18;3513,57
1998-07-13;3551,74;3532,63;3559,53;3528,21
1998-07-14;3576,68;3571,21;3581,17;3548,19
1998-07-15;3602,83;3627,93;3629,79;3580,04
1998-07-16;3613,40;3603,34;3634,23;3590,54
1998-07-17;3658,48;3629,09;3661,25;3607,62
1998-07-20;3670,82;3654,82;3687,20;3650,24
1998-07-21;3649,96;3672,68;3682,82;3641,16
1998-07-22;3582,12;3626,94;3651,72;3574,52
1998-07-23;3582,16;3586,53;3600,55;3560,64
1998-07-24;3570,67;3540,10;3591,12;3540,02
1998-07-27;3512,62;3561,20;3594,94;3509,46
1998-07-28;3499,87;3553,70;3553,70;3495,62
1998-07-29;3494,53;3477,60;3510,64;3460,63
1998-07-30;3529,50;3506,71;3532,08;3484,09
1998-07-31;3480,63;3548,29;3551,07;3471,46
1998-08-03;3422,75;3435,85;3477,24;3403,20
1998-08-04;3412,66;3422,70;3464,01;3409,88
1998-08-05;3344,15;3344,56;3409,74;3307,29
1998-08-06;3290,50;3363,78;3363,78;3274,30
1998-08-07;3348,61;3308,36;3349,66;3292,79
1998-08-10;3282,70;3344,33;3351,80;3281,71
1998-08-11;3187,44;3258,28;3286,19;3166,38
1998-08-12;3248,14;3280,29;3286,19;3202,97
1998-08-13;3240,83;3217,20;3262,08;3177,44
1998-08-14;3284,47;3258,94;3307,13;3240,79
1998-08-17;3277,21;3224,41;3286,35;3222,79
1998-08-18;3389,88;3327,12;3391,05;3278,50
1998-08-19;3400,07;3417,73;3421,00;3392,45
1998-08-20;3349,23;3418,27;3420,79;3342,57
1998-08-21;3209,05;3316,45;3351,06;3199,91
1998-08-24;3202,96;3218,57;3244,30;3156,73
1998-08-25;3282,91;3239,51;3286,35;3208,17
1998-08-26;3186,77;3255,89;3282,88;3172,59
1998-08-27;3063,83;3156,44;3187,68;3059,09
1998-08-28;3009,74;2951,31;3068,09;2901,13
1998-08-31;2978,12;3022,27;3029,40;2955,90
1998-09-01;2950,01;2880,14;2974,37;2873,92
1998-09-02;3035,73;3038,03;3059,95;2971,23
1998-09-03;2971,38;2992,58;3035,54;2932,00
1998-09-04;3003,66;2971,27;3036,54;2964,92
1998-09-07;3038,09;3059,83;3067,98;3009,70
1998-09-08;3105,31;3049,98;3119,94;3034,18
1998-09-09;3051,49;3123,60;3123,60;3034,16
1998-09-10;2903,71;3003,04;3048,28;2884,59
1998-09-11;2890,98;2880,39;2918,63;2830,54
1998-09-14;2968,55;2962,50;2983,11;2890,88
1998-09-15;2947,01;2977,73;2982,21;2911,60
1998-09-16;2971,83;2982,42;3002,49;2949,58
1998-09-17;2826,22;2930,04;2971,25;2808,49
1998-09-18;2781,69;2813,67;2849,57;2743,43
1998-09-21;2658,27;2719,92;2784,50;2608,72
1998-09-22;2726,32;2744,14;2765,20;2657,58
1998-09-23;2820,29;2755,05;2820,63;2723,38
1998-09-24;2789,07;2889,04;2903,32;2784,40
1998-09-25;2743,04;2727,03;2784,55;2679,92
1998-09-28;2785,63;2776,05;2804,77;2714,62
1998-09-29;2760,26;2751,72;2788,15;2745,34
1998-09-30;2670,97;2734,21;2759,81;2668,92
1998-10-01;2533,07;2601,75;2666,76;2525,11
1998-10-02;2488,59;2520,52;2552,98;2409,41
1998-10-05;2445,89;2450,90;2535,57;2444,03
1998-10-06;2586,69;2475,19;2588,69;2441,76
1998-10-07;2541,08;2611,71;2649,14;2498,49
1998-10-08;2419,23;2508,17;2539,24;2388,42
1998-10-09;2469,87;2469,19;2502,77;2421,37
1998-10-12;2628,44;2555,84;2630,16;2467,92
1998-10-13;2674,13;2610,10;2685,67;2592,89
1998-10-14;2742,95;2656,86;2743,37;2647,28
1998-10-15;2741,34;2755,45;2792,55;2701,23
1998-10-16;2780,89;2762,98;2818,48;2751,38
1998-10-19;2779,79;2789,31;2799,01;2743,53
1998-10-20;2863,89;2790,94;2865,96;2768,91
1998-10-21;2818,18;2843,59;2870,92;2807,26
1998-10-22;2797,33;2836,34;2858,24;2787,86
1998-10-23;2806,22;2795,32;2813,97;2770,13
1998-10-26;2829,55;2821,86;2854,18;2797,17
1998-10-27;2910,10;2871,61;2917,86;2832,33
1998-10-28;2845,30;2869,48;2907,97;2820,72
1998-10-29;2832,82;2825,81;2847,66;2806,27
1998-10-30;2887,11;2869,02;2911,27;2834,33
1998-11-02;2952,04;2918,71;2972,34;2889,29
1998-11-03;2952,23;2959,48;2977,50;2936,51
1998-11-04;3030,34;2980,97;3033,43;2950,63
1998-11-05;2975,70;3016,53;3029,47;2965,81
1998-11-06;2972,25;3008,91;3022,49;2972,24
1998-11-09;2957,79;2991,30;3002,31;2948,29
1998-11-10;2918,94;2938,61;2960,46;2906,63
1998-11-11;2935,14;2919,04;2957,81;2919,04
1998-11-12;2929,19;2918,66;2934,18;2895,89
1998-11-13;2924,97;2938,31;2948,01;2905,12
1998-11-16;3000,97;2952,27;3003,23;2924,25
1998-11-17;2982,07;2986,63;3002,37;2976,40
1998-11-18;2974,98;3001,99;3014,58;2964,57
1998-11-19;3049,68;2997,55;3058,32;2976,70
1998-11-20;3133,49;3074,85;3135,84;3049,21
1998-11-23;3194,17;3163,34;3201,56;3133,04
1998-11-24;3163,88;3229,46;3229,61;3163,32
1998-11-25;3167,24;3158,41;3182,98;3155,60
1998-11-26;3230,34;3182,02;3230,95;3165,89
1998-11-27;3261,19;3223,40;3264,91;3208,73
1998-11-30;3179,09;3230,52;3273,34;3174,43
1998-12-01;3056,11;3152,39;3178,63;3043,82
1998-12-02;3017,89;3105,92;3105,92;3004,47
1998-12-03;3064,55;2988,22;3082,92;2945,82
1998-12-04;3079,64;3009,78;3106,17;3009,78
1998-12-07;3095,55;3083,28;3125,12;3075,31
1998-12-08;3102,99;3096,18;3103,10;3075,56
1998-12-09;3111,96;3100,27;3118,55;3061,13
1998-12-10;3106,59;3111,60;3145,46;3085,85
1998-12-11;3048,92;3101,37;3101,37;3020,47
1998-12-14;3045,14;3049,41;3055,19;3014,97
1998-12-15;3069,72;3042,20;3071,51;3032,25
1998-12-16;3114,53;3071,70;3142,49;3071,70
1998-12-17;3148,97;3114,51;3151,03;3108,94
1998-12-18;3123,38;3149,50;3155,12;3114,54
1998-12-21;3225,60;3124,99;3231,14;3120,98
1998-12-22;3248,07;3224,54;3257,60;3215,17
1998-12-23;3301,32;3248,52;3303,86;3240,86
1998-12-24;3308,73;3308,73;3308,73;3308,73
1998-12-28;3331,51;3306,63;3345,13;3302,42
1998-12-29;3354,71;3335,68;3357,38;3314,17
1998-12-30;3342,32;3351,90;3366,33;3324,41
1999-01-04;3543,10;3344,63;3543,10;3340,57
1999-01-05;3604,67;3543,74;3605,82;3522,29
1999-01-06;3685,36;3605,10;3691,54;3605,10
1999-01-07;3627,87;3685,92;3701,18;3595,42
1999-01-08;3616,57;3627,34;3682,24;3603,72
1999-01-11;3546,40;3616,66;3653,15;3536,94
1999-01-12;3502,38;3546,76;3575,95;3501,93
1999-01-13;3336,45;3495,37;3499,60;3264,23
1999-01-14;3365,43;3358,08;3403,16;3307,96
1999-01-15;3426,06;3365,13;3426,06;3283,07
1999-01-18;3515,43;3426,30;3520,30;3426,30
1999-01-19;3515,69;3518,56;3563,84;3459,84
1999-01-20;3601,36;3521,58;3601,92;3521,58
1999-01-21;3561,56;3600,73;3604,45;3530,42
1999-01-22;3426,11;3561,21;3561,21;3404,05
1999-01-25;3428,80;3416,42;3436,15;3361,66
1999-01-26;3433,87;3437,37;3470,00;3393,47
1999-01-27;3453,70;3434,47;3491,59;3434,47
1999-01-28;3511,31;3453,39;3528,82;3424,08
1999-01-29;3547,15;3513,70;3575,01;3494,34
1999-02-01;3597,04;3547,31;3623,12;3547,31
1999-02-02;3541,43;3595,48;3597,04;3531,61
1999-02-03;3488,13;3540,56;3550,08;3478,47
1999-02-04;3487,08;3493,34;3561,47;3486,20
1999-02-05;3489,98;3486,68;3499,84;3442,16
1999-02-08;3462,29;3489,82;3504,67;3445,55
1999-02-09;3342,58;3462,92;3476,84;3337,77
1999-02-10;3325,56;3342,10;3343,08;3272,50
1999-02-11;3375,42;3328,30;3375,42;3316,99
1999-02-12;3405,68;3376,75;3467,36;3376,75
1999-02-15;3414,97;3402,73;3415,31;3351,57
1999-02-16;3402,21;3416,09;3450,98;3398,40
1999-02-17;3343,04;3394,40;3395,23;3325,66
1999-02-18;3380,58;3342,10;3380,58;3330,37
1999-02-19;3415,52;3382,67;3415,52;3364,62
1999-02-22;3470,89;3417,13;3472,51;3417,13
1999-02-23;3537,81;3473,92;3558,41;3473,92
1999-02-24;3556,69;3534,15;3576,17;3516,53
1999-02-25;3496,27;3555,33;3555,33;3487,19
1999-02-26;3484,24;3498,70;3508,23;3448,94
1999-03-01;3441,74;3484,26;3501,64;3424,22
1999-03-02;3451,18;3447,53;3461,78;3404,61
1999-03-03;3393,95;3449,74;3461,45;3392,03
1999-03-04;3434,49;3394,54;3438,13;3378,43
1999-03-05;3536,64;3437,39;3537,56;3437,39
1999-03-08;3495,43;3538,10;3549,14;3481,56
1999-03-09;3493,54;3495,53;3543,74;3465,59
1999-03-10;3485,05;3496,05;3500,89;3468,64
1999-03-11;3521,63;3487,19;3537,34;3483,52
1999-03-12;3574,73;3540,76;3618,73;3540,76
1999-03-15;3582,78;3574,87;3587,93;3550,06
1999-03-16;3606,67;3587,39;3624,12;3581,90
1999-03-17;3589,16;3603,17;3628,34;3581,94
1999-03-18;3579,21;3588,92;3591,05;3533,41
1999-03-19;3633,05;3585,40;3662,84;3585,20
1999-03-22;3607,82;3629,20;3629,90;3596,97
1999-03-23;3520,64;3605,78;3608,98;3518,06
1999-03-24;3472,44;3516,41;3516,68;3443,97
1999-03-25;3528,43;3472,52;3534,98;3468,05
1999-03-26;3488,15;3529,14;3552,64;3458,69
1999-03-29;3536,62;3488,42;3537,58;3483,03
1999-03-30;3523,24;3537,79;3565,41;3515,19
1999-03-31;3559,86;3525,06;3570,44;3520,66
1999-04-01;3573,60;3559,02;3583,77;3523,05
1999-04-06;3644,76;3574,86;3649,06;3574,85
1999-04-07;3659,41;3640,23;3674,41;3635,37
1999-04-08;3669,21;3661,87;3673,59;3636,79
1999-04-09;3689,61;3670,34;3734,30;3670,34
1999-04-12;3690,16;3685,48;3705,43;3656,70
1999-04-13;3725,40;3694,86;3732,10;3694,86
1999-04-14;3699,33;3721,94;3725,23;3686,93
1999-04-15;3652,06;3694,93;3696,20;3643,26
1999-04-16;3655,15;3651,67;3667,72;3629,59
1999-04-19;3705,63;3655,39;3706,23;3654,66
1999-04-20;3613,96;3693,36;3696,09;3602,21
1999-04-21;3643,26;3613,23;3644,94;3610,20
1999-04-22;3676,61;3643,66;3706,67;3642,35
1999-04-23;3662,31;3680,56;3689,43;3655,98
1999-04-26;3678,37;3663,45;3704,25;3663,23
1999-04-27;3756,20;3685,43;3756,20;3676,67
1999-04-28;3743,49;3755,96;3765,51;3725,97
1999-04-29;3735,91;3740,32;3751,45;3715,98
1999-04-30;3757,87;3732,27;3776,71;3731,55
1999-05-03;3776,39;3761,86;3776,39;3744,57
1999-05-04;3775,33;3783,53;3814,02;3769,89
1999-05-05;3716,13;3773,68;3773,68;3710,36
1999-05-06;3700,37;3716,12;3759,22;3696,45
1999-05-07;3683,34;3701,08;3707,72;3666,48
1999-05-10;3693,41;3685,05;3693,41;3645,39
1999-05-11;3702,38;3693,68;3703,61;3681,88
1999-05-12;3679,45;3702,77;3704,13;3638,36
1999-05-13;3693,62;3678,74;3696,19;3678,74
1999-05-14;3643,82;3693,80;3731,63;3634,14
1999-05-17;3574,13;3641,08;3641,68;3570,64
1999-05-18;3608,77;3574,82;3613,58;3569,63
1999-05-19;3653,00;3609,68;3653,00;3591,08
1999-05-20;3684,21;3653,87;3685,08;3648,18
1999-05-21;3691,31;3684,14;3696,28;3660,99
1999-05-24;3677,45;3677,45;3677,45;3677,45
1999-05-25;3634,40;3677,09;3677,09;3613,99
1999-05-26;3643,90;3627,10;3662,41;3622,39
1999-05-27;3587,16;3647,36;3660,26;3586,60
1999-05-28;3602,45;3584,03;3602,88;3556,99
1999-05-31;3629,46;3603,30;3632,95;3595,93
1999-06-01;3610,59;3630,05;3663,12;3596,28
1999-06-02;3615,54;3611,68;3626,69;3592,88
1999-06-03;3650,98;3616,85;3656,86;3616,85
1999-06-04;3671,42;3650,98;3673,17;3625,95
1999-06-07;3717,94;3672,39;3720,78;3663,86
1999-06-08;3721,67;3719,28;3745,13;3718,36
1999-06-09;3739,07;3722,13;3761,44;3715,84
1999-06-10;3706,76;3740,32;3759,96;3691,02
1999-06-11;3749,67;3706,50;3753,11;3706,11
1999-06-14;3735,77;3743,61;3750,45;3720,23
1999-06-15;3742,88;3734,55;3751,03;3703,79
1999-06-16;3780,60;3741,58;3783,33;3721,19
1999-06-17;3806,55;3781,16;3809,33;3781,10
1999-06-18;3822,89;3806,47;3854,90;3806,40
1999-06-21;3867,89;3825,02;3882,68;3825,02
1999-06-22;3857,06;3867,80;3871,26;3834,18
1999-06-23;3828,79;3853,31;3857,83;3815,98
1999-06-24;3779,39;3830,36;3842,36;3779,39
1999-06-25;3739,81;3779,55;3779,55;3739,74
1999-06-28;3766,49;3746,16;3766,49;3726,48
1999-06-29;3787,49;3771,43;3787,64;3763,82
1999-06-30;3788,66;3799,76;3813,33;3782,21
1999-07-01;3865,54;3850,45;3876,90;3789,12
1999-07-02;3888,11;3867,71;3897,42;3862,87
1999-07-05;3971,84;3903,18;3979,14;3889,31
1999-07-06;3968,99;3960,05;3975,82;3936,09
1999-07-07;3950,49;3951,40;3971,15;3936,01
1999-07-08;3951,00;3958,97;3974,10;3932,33
1999-07-09;3962,42;3942,39;3973,84;3936,39
1999-07-12;3962,35;3974,62;3986,16;3958,98
1999-07-13;3905,52;3955,88;3961,43;3890,68
1999-07-14;3922,49;3914,58;3935,24;3904,55
1999-07-15;3960,67;3919,28;3973,30;3919,53
1999-07-16;3952,20;3967,28;3971,50;3943,91
1999-07-19;3946,40;3952,12;3968,74;3939,27
1999-07-20;3856,65;3933,10;3947,59;3856,41
1999-07-21;3798,69;3829,19;3855,67;3780,27
1999-07-22;3762,34;3803,61;3808,06;3736,74
1999-07-23;3723,55;3747,37;3766,63;3720,71
1999-07-26;3676,91;3736,57;3742,58;3643,75
1999-07-27;3687,58;3675,28;3706,30;3666,27
1999-07-28;3684,64;3703,61;3703,17;3674,12
1999-07-29;3580,19;3681,42;3689,39;3575,18
1999-07-30;3638,62;3591,44;3638,62;3579,09
1999-08-02;3633,44;3606,19;3641,84;3554,87
1999-08-03;3614,05;3613,69;3637,35;3590,25
1999-08-04;3590,69;3615,99;3625,32;3570,16
1999-08-05;3512,71;3568,46;3590,84;3494,01
1999-08-06;3525,47;3544,07;3558,93;3502,46
1999-08-09;3585,58;3523,01;3592,42;3520,42
1999-08-10;3535,10;3581,29;3587,29;3526,02
1999-08-11;3551,39;3543,97;3573,43;3535,28
1999-08-12;3640,44;3603,86;3649,91;3556,88
1999-08-13;3710,57;3628,26;3713,03;3620,69
1999-08-16;3724,68;3710,57;3728,64;3709,25
1999-08-17;3747,89;3714,04;3761,53;3709,38
1999-08-18;3738,83;3764,30;3766,02;3728,05
1999-08-19;3679,48;3725,74;3738,48;3668,69
1999-08-20;3715,39;3690,15;3715,66;3680,17
1999-08-23;3752,59;3725,43;3763,93;3715,54
1999-08-24;3781,30;3783,63;3781,68;3749,96
1999-08-25;3856,72;3786,16;3858,94;3778,04
1999-08-26;3852,53;3878,54;3885,06;3827,05
1999-08-27;3853,48;3823,51;3874,57;3816,72
1999-08-30;3837,70;3850,73;3854,54;3822,19
1999-08-31;3769,14;3788,08;3836,95;3767,32
1999-09-01;3795,62;3785,01;3803,15;3768,33
1999-09-02;3718,37;3792,10;3800,06;3706,34
1999-09-03;3809,11;3726,32;3809,11;3719,05
1999-09-06;3842,59;3819,55;3854,70;3807,73
1999-09-07;3834,34;3835,31;3870,85;3820,96
1999-09-08;3827,07;3824,25;3834,39;3786,98
1999-09-09;3858,15;3821,27;3861,25;3811,37
1999-09-10;3887,09;3861,08;3916,61;3854,71
1999-09-13;3858,01;3888,88;3904,93;3843,19
1999-09-14;3825,86;3863,01;3888,27;3817,68
1999-09-15;3816,53;3817,05;3852,93;3783,72
1999-09-16;3775,24;3782,85;3815,73;3769,27
1999-09-17;3748,75;3799,96;3800,55;3748,68
1999-09-20;3782,02;3765,35;3801,90;3753,79
1999-09-21;3731,96;3794,61;3792,54;3719,26
1999-09-22;3713,41;3692,32;3735,48;3683,19
1999-09-23;3750,49;3732,07;3768,34;3707,83
1999-09-24;3688,79;3743,38;3743,38;3679,16
1999-09-27;3727,93;3703,82;3730,67;3692,59
1999-09-28;3673,40;3730,50;3733,94;3673,16
1999-09-29;3666,99;3688,04;3696,16;3624,39
1999-09-30;3669,71;3650,18;3669,71;3632,07
1999-10-01;3642,34;3676,73;3682,54;3617,83
1999-10-04;3695,09;3648,41;3703,82;3640,00
1999-10-05;3731,23;3709,13;3732,68;3693,55
1999-10-06;3752,79;3714,43;3752,79;3698,70
1999-10-07;3785,24;3777,54;3792,98;3754,15
1999-10-08;3784,32;3776,11;3803,31;3762,87
1999-10-11;3789,89;3796,00;3802,14;3775,21
1999-10-12;3756,44;3785,39;3802,49;3745,88
1999-10-13;3724,40;3714,21;3753,41;3708,83
1999-10-14;3695,77;3709,81;3746,19;3691,87
1999-10-15;3638,82;3671,27;3693,66;3600,31
1999-10-18;3607,72;3610,87;3635,44;3572,17
1999-10-19;3691,34;3626,33;3691,60;3607,07
1999-10-20;3699,15;3692,57;3721,21;3673,68
1999-10-21;3691,66;3706,89;3711,02;3660,19
1999-10-22;3778,61;3716,17;3778,76;3692,86
1999-10-25;3757,70;3780,05;3809,01;3741,03
1999-10-26;3796,72;3753,19;3799,01;3742,49
1999-10-27;3786,07;3772,04;3794,90;3749,82
1999-10-28;3866,75;3793,25;3877,74;3772,36
1999-10-29;3922,91;3900,28;3946,49;3873,88
1999-11-01;3913,89;3920,89;3923,43;3902,99
1999-11-02;3923,14;3905,15;3923,61;3876,31
1999-11-03;3955,95;3916,56;3960,23;3908,78
1999-11-04;3994,54;3960,51;4006,94;3951,33
1999-11-05;4014,08;3994,54;4029,58;3974,45
1999-11-08;4024,55;3985,33;4031,45;3986,85
1999-11-09;4039,47;4033,91;4089,90;4024,69
1999-11-10;4076,96;4038,21;4077,14;4020,38
1999-11-11;4140,58;4078,77;4140,58;4070,96
1999-11-12;4133,93;4138,84;4161,47;4113,22
1999-11-15;4199,86;4171,29;4199,86;4135,69
1999-11-16;4220,85;4188,23;4221,07;4161,04
1999-11-17;4221,36;4244,50;4247,00;4197,56
1999-11-18;4288,14;4206,69;4290,32;4209,65
1999-11-19;4292,40;4303,54;4308,08;4257,99
1999-11-22;4212,80;4290,55;4319,72;4210,08
1999-11-23;4225,90;4213,05;4254,12;4205,05
1999-11-24;4238,34;4217,91;4257,90;4204,79
1999-11-25;4343,22;4257,09;4345,02;4237,80
1999-11-26;4380,77;4354,96;4387,98;4343,31
1999-11-29;4364,32;4367,68;4415,90;4360,51
1999-11-30;4314,38;4343,44;4360,87;4285,75
1999-12-01;4340,70;4281,95;4348,70;4283,24
1999-12-02;4336,42;4356,93;4358,52;4326,79
1999-12-03;4449,47;4345,82;4451,47;4336,52
1999-12-06;4458,76;4448,49;4469,08;4430,05
1999-12-07;4509,37;4487,84;4533,02;4442,36
1999-12-08;4491,35;4483,20;4503,17;4441,53
1999-12-09;4498,75;4480,34;4527,52;4477,91
1999-12-10;4458,04;4490,01;4506,60;4443,03
1999-12-13;4474,20;4462,39;4486,54;4437,31
1999-12-14;4510,99;4467,54;4535,82;4447,76
1999-12-15;4482,19;4493,68;4519,99;4454,96
1999-12-16;4517,68;4488,93;4525,29;4475,76
1999-12-17;4538,23;4521,91;4582,76;4517,20
1999-12-20;4583,02;4542,08;4591,47;4538,48
1999-12-21;4566,87;4563,19;4579,66;4538,80
1999-12-22;4632,56;4577,17;4650,31;4570,16
1999-12-23;4752,96;4655,27;4766,84;4635,02
1999-12-24;4781,16;4761,62;4784,82;4754,33
1999-12-27;4785,17;4804,76;4866,11;4774,79
1999-12-28;4788,70;4796,75;4802,12;4744,55
1999-12-29;4807,01;4781,34;4812,68;4776,26
1999-12-30;4904,46;4846,88;4914,99;4806,07
2000-01-03;4849,22;4992,31;5030,41;4843,73
2000-01-04;4657,83;4805,91;4848,20;4627,03
2000-01-05;4541,75;4546,52;4649,50;4510,13
2000-01-06;4500,69;4541,70;4560,33;4471,89
2000-01-07;4648,27;4502,65;4652,97;4498,64
2000-01-10;4714,03;4725,06;4759,11;4650,10
2000-01-11;4671,50;4739,00;4729,87;4634,81
2000-01-12;4649,30;4612,34;4667,95;4595,89
2000-01-13;4688,35;4663,97;4757,55;4647,98
2000-01-14;4829,36;4727,29;4844,10;4690,90
2000-01-17;4884,50;4869,77;4902,84;4807,85
2000-01-18;4761,00;4892,84;4896,87;4758,55
2000-01-19;4768,37;4733,37;4780,25;4700,87
2000-01-20;4778,71;4804,66;4818,53;4761,12
2000-01-21;4719,29;4727,09;4776,38;4691,73
2000-01-24;4718,76;4753,36;4809,56;4717,47
2000-01-25;4653,61;4643,81;4708,24;4643,53
2000-01-26;4721,03;4697,51;4739,14;4659,25
2000-01-27;4786,82;4746,64;4801,00;4717,84
2000-01-28;4781,94;4807,85;4866,93;4764,85
2000-01-31;4684,48;4717,49;4780,51;4668,73
2000-02-01;4792,04;4755,20;4792,04;4689,13
2000-02-02;4902,12;4826,49;4902,12;4794,89
2000-02-03;5046,12;4937,03;5047,76;4903,23
2000-02-04;5119,79;5093,42;5140,91;5047,38
2000-02-07;5041,08;5093,50;5129,99;5033,96
2000-02-08;5176,17;5053,23;5199,92;5034,06
2000-02-09;5191,79;5217,26;5256,96;5160,30
2000-02-10;5174,35;5132,21;5187,63;5118,01
2000-02-11;5195,67;5217,33;5243,04;5121,50
2000-02-14;5166,08;5150,02;5188,86;5142,91
2000-02-15;5043,33;5179,35;5209,18;5043,33
2000-02-16;5063,73;5140,80;5132,92;5005,30
2000-02-17;5114,47;5063,76;5164,27;5030,02
2000-02-18;5079,59;5134,05;5149,33;5071,65
2000-02-21;5033,33;4999,30;5079,64;4995,01
2000-02-22;5024,05;5037,93;5109,31;4997,24
2000-02-23;5086,00;5076,60;5109,90;5024,93
2000-02-24;5117,41;5147,28;5190,76;5085,33
2000-02-25;5208,87;5175,98;5218,91;5121,10
2000-02-28;5126,33;5184,34;5219,95;5070,71
2000-02-29;5182,62;5173,64;5218,90;5131,81
2000-03-01;5235,14;5246,05;5250,00;5169,38
2000-03-02;5406,37;5268,21;5406,37;5228,68
2000-03-03;5450,22;5408,07;5489,81;5379,41
2000-03-06;5464,43;5495,18;5482,32;5445,09
2000-03-07;5426,36;5471,47;5522,42;5398,16
2000-03-08;5364,52;5377,90;5432,23;5360,29
2000-03-09;5352,88;5401,06;5409,49;5313,92
2000-03-10;5416,81;5435,11;5450,15;5355,44
2000-03-13;5254,41;5397,94;5420,50;5203,19
2000-03-14;5258,32;5270,72;5286,40;5215,00
2000-03-15;5083,15;5171,43;5250,33;5081,97
2000-03-16;5175,23;5128,46;5218,94;5088,13
2000-03-17;5231,35;5315,76;5331,57;5179,19
2000-03-20;5286,71;5240,22;5317,21;5232,10
2000-03-21;5266,23;5263,94;5287,31;5204,36
2000-03-22;5268,35;5352,55;5387,38;5251,46
2000-03-23;5259,15;5299,91;5306,14;5207,80
2000-03-24;5379,75;5309,67;5379,75;5261,51
2000-03-27;5369,11;5370,49;5390,65;5336,28
2000-03-28;5426,57;5375,01;5484,03;5358,39
2000-03-29;5416,32;5413,08;5448,76;5399,75
2000-03-30;5251,97;5365,56;5409,26;5248,65
2000-03-31;5249,55;5232,62;5299,98;5159,91
2000-04-03;5118,37;5291,78;5284,36;5093,07
2000-04-04;5176,71;5116,44;5207,13;5118,73
2000-04-05;5044,17;5146,16;5171,07;4950,13
2000-04-06;5179,96;5089,15;5195,12;5039,98
2000-04-07;5259,52;5255,81;5265,32;5186,00
2000-04-10;5282,26;5330,68;5332,58;5263,59
2000-04-11;5174,38;5182,82;5276,11;5142,20
2000-04-12;5179,28;5229,65;5241,25;5152,27
2000-04-13;5181,33;5080,23;5191,65;5074,85
2000-04-14;5034,25;5138,55;5180,26;5002,26
2000-04-17;4979,66;4807,10;5024,38;4798,94
2000-04-18;5061,90;5090,00;5106,33;4969,20
2000-04-19;5078,69;5124,31;5127,02;5034,67
2000-04-20;5117,78;5075,24;5129,72;5077,74
2000-04-25;5158,13;5075,64;5172,50;5049,85
2000-04-26;5245,11;5236,55;5279,84;5165,89
2000-04-27;5171,96;5258,16;5280,30;5104,31
2000-04-28;5303,95;5261,26;5321,79;5176,50
2000-05-01;5309,29;5309,29;5309,29;5309,29
2000-05-02;5434,81;5360,88;5435,07;5308,33
2000-05-03;5316,94;5364,70;5433,19;5308,25
2000-05-04;5306,32;5328,99;5330,80;5256,53
2000-05-05;5351,71;5322,75;5355,47;5261,97
2000-05-08;5285,09;5345,80;5360,23;5270,02
2000-05-09;5182,73;5254,80;5286,10;5172,71
2000-05-10;5065,85;5152,33;5201,32;5048,32
2000-05-11;5171,77;5022,78;5180,36;5000,09
2000-05-12;5238,42;5204,69;5261,81;5162,83
2000-05-15;5182,68;5219,17;5243,14;5182,68
2000-05-16;5335,02;5240,60;5340,87;5184,41
2000-05-17;5230,74;5312,79;5334,49;5215,73
2000-05-18;5247,13;5200,93;5268,67;5215,94
2000-05-19;5063,46;5223,79;5243,16;5048,77
2000-05-22;4945,17;5037,87;5080,29;4904,72
2000-05-23;4984,70;5010,48;5032,55;4949,08
2000-05-24;4903,92;4900,28;4981,89;4873,25
2000-05-25;5018,79;4979,43;5044,43;4905,73
2000-05-26;5007,97;4934,55;5041,88;4923,59
2000-05-29;5084,69;5045,80;5095,40;5014,68
2000-05-30;5156,07;5104,48;5177,68;5088,98
2000-05-31;5200,89;5213,66;5226,03;5157,48
2000-06-01;5275,20;5200,80;5277,48;5200,58
2000-06-02;5428,27;5312,20;5448,48;5272,01
2000-06-05;5379,60;5420,69;5434,11;5344,04
2000-06-06;5325,87;5351,52;5411,08;5305,51
2000-06-07;5272,37;5280,27;5325,25;5224,95
2000-06-08;5286,74;5306,63;5359,65;5260,45
2000-06-09;5292,97;5279,51;5337,28;5275,28
2000-06-12;5294,65;5290,92;5320,90;5290,92
2000-06-13;5305,34;5293,79;5354,47;5251,83
2000-06-14;5379,57;5312,38;5391,70;5301,74
2000-06-15;5338,49;5377,53;5389,96;5338,17
2000-06-16;5281,57;5337,67;5373,22;5281,57
2000-06-19;5271,82;5279,20;5291,00;5244,30
2000-06-20;5312,13;5273,86;5329,94;5273,86
2000-06-21;5253,30;5307,18;5322,82;5235,36
2000-06-22;5231,93;5254,59;5297,02;5223,54
2000-06-23;5240,58;5232,33;5256,72;5204,21
2000-06-26;5235,39;5242,51;5265,71;5200,40
2000-06-27;5209,53;5234,59;5253,21;5162,49
2000-06-28;5229,17;5208,66;5229,57;5179,08
2000-06-29;5061,63;5229,42;5232,59;5055,85
2000-06-30;5145,35;5063,02;5157,98;5059,00
2000-07-03;5187,01;5151,24;5187,87;5125,87
2000-07-04;5185,87;5190,38;5202,20;5158,44
2000-07-05;5166,25;5186,58;5259,89;5160,25
2000-07-06;5152,38;5165,98;5165,98;5126,60
2000-07-07;5251,65;5152,55;5251,65;5152,55
2000-07-10;5263,97;5252,40;5278,48;5239,79
2000-07-11;5231,33;5261,46;5269,49;5187,08
2000-07-12;5249,15;5234,70;5277,10;5231,98
2000-07-13;5299,54;5249,19;5310,26;5219,89
2000-07-14;5320,06;5298,66;5342,93;5289,98
2000-07-17;5357,19;5319,98;5367,82;5319,66
2000-07-18;5314,95;5352,56;5355,51;5305,88
2000-07-19;5294,76;5315,75;5329,40;5273,67
2000-07-20;5316,51;5294,37;5318,99;5275,42
2000-07-21;5238,02;5316,42;5316,84;5237,37
2000-07-24;5237,95;5239,55;5284,89;5220,25
2000-07-25;5212,83;5234,22;5261,67;5203,06
2000-07-26;5222,83;5214,31;5238,70;5202,62
2000-07-27;5097,41;5216,88;5269,16;5096,17
2000-07-28;5061,83;5097,52;5123,69;5043,28
2000-07-31;5122,80;5059,91;5135,37;5049,07
2000-08-01;5104,23;5124,89;5143,79;5088,37
2000-08-02;5091,86;5104,59;5126,70;5052,92
2000-08-03;4995,82;5092,10;5092,10;4984,52
2000-08-04;5049,45;4996,11;5088,18;4996,11
2000-08-07;5088,41;5051,32;5096,27;5051,32
2000-08-08;5105,52;5087,78;5134,74;5070,02
2000-08-09;5158,12;5107,21;5186,26;5107,21
2000-08-10;5182,06;5159,00;5214,04;5153,09
2000-08-11;5179,68;5181,89;5202,05;5143,20
2000-08-14;5218,59;5181,06;5243,54;5176,80
2000-08-15;5203,14;5218,79;5250,09;5194,36
2000-08-16;5223,70;5203,36;5239,41;5198,10
2000-08-17;5192,06;5223,62;5228,93;5156,95
2000-08-18;5180,70;5191,62;5217,13;5167,97
2000-08-21;5165,44;5181,31;5184,73;5140,21
2000-08-22;5161,42;5165,26;5201,21;5157,07
2000-08-23;5160,14;5163,33;5174,49;5119,85
2000-08-24;5123,99;5158,79;5178,84;5119,69
2000-08-25;5175,65;5121,94;5205,48;5121,94
2000-08-28;5204,18;5175,45;5225,91;5175,20
2000-08-29;5188,93;5202,67;5207,08;5162,58
2000-08-30;5166,91;5189,52;5206,25;5157,00
2000-08-31;5175,12;5167,48;5196,37;5133,08
2000-09-01;5298,64;5188,83;5328,90;5275,29
2000-09-04;5392,63;5301,96;5394,90;5301,96
2000-09-05;5326,69;5392,43;5398,31;5324,60
2000-09-06;5299,24;5313,62;5346,24;5295,48
2000-09-07;5329,06;5298,58;5331,26;5284,21
2000-09-08;5229,04;5330,05;5333,62;5225,91
2000-09-11;5233,87;5225,02;5245,08;5194,65
2000-09-12;5222,37;5228,08;5235,35;5196,29
2000-09-13;5153,20;5217,65;5246,56;5135,87
2000-09-14;5204,62;5158,91;5222,52;5155,93
2000-09-15;5199,14;5204,99;5219,65;5172,89
2000-09-18;5129,43;5182,45;5183,90;5109,12
2000-09-19;5117,15;5111,55;5120,57;5081,56
2000-09-20;5051,40;5145,55;5152,86;5042,90
2000-09-21;4941,06;5051,64;5062,49;4906,19
2000-09-22;4945,37;4939,68;4945,37;4812,90
2000-09-25;4984,29;4967,00;4997,07;4961,96
2000-09-26;4934,89;4958,53;4973,62;4930,13
2000-09-27;4949,87;4933,18;4988,77;4904,13
2000-09-28;4934,08;4950,28;4974,36;4889,70
2000-09-29;4915,18;4946,35;4969,07;4886,39
2000-10-02;4961,88;4914,82;4973,65;4882,10
2000-10-03;5003,46;4959,41;5019,74;4949,70
2000-10-04;4959,41;5003,62;5016,60;4942,58
2000-10-05;4997,25;4957,76;5014,64;4954,61
2000-10-06;4958,37;4988,78;5014,58;4940,11
2000-10-09;4844,44;4950,10;4950,10;4835,14
2000-10-10;4867,33;4862,02;4901,84;4843,82
2000-10-11;4743,47;4856,84;4856,84;4726,45
2000-10-12;4747,87;4761,17;4816,83;4676,87
2000-10-13;4782,74;4715,16;4782,74;4643,06
2000-10-16;4793,14;4813,07;4842,95;4779,80
2000-10-17;4760,92;4792,81;4823,18;4760,06
2000-10-18;4658,85;4759,33;4759,33;4558,37
2000-10-19;4836,86;4658,78;4838,24;4658,78
2000-10-20;4889,51;4858,79;4913,11;4807,67
2000-10-23;4906,67;4888,73;4925,39;4861,03
2000-10-24;5031,03;4906,65;5033,83;4893,97
2000-10-25;4977,07;5011,03;5011,03;4926,00
2000-10-26;4926,36;4977,90;4997,58;4922,34
2000-10-27;4965,92;4937,14;5008,16;4937,14
2000-10-30;4981,38;4974,52;4991,36;4946,12
2000-10-31;5057,46;4981,50;5063,74;4981,50
2000-11-01;5085,47;5069,03;5093,88;5032,49
2000-11-02;5092,63;5088,51;5119,30;5074,62
2000-11-03;5101,40;5093,50;5114,72;5071,30
2000-11-06;5091,25;5106,31;5125,28;5084,52
2000-11-07;5076,80;5081,82;5093,74;5042,52
2000-11-08;5055,05;5076,84;5121,00;5053,89
2000-11-09;5017,69;5049,43;5056,24;4983,69
2000-11-10;4934,47;5013,61;5037,88;4930,76
2000-11-13;4847,46;4922,06;4922,06;4815,13
2000-11-14;5011,12;4846,85;5011,12;4846,85
2000-11-15;5053,48;5022,32;5058,18;4993,65
2000-11-16;5010,65;5055,03;5055,03;4968,39
2000-11-17;4961,54;4994,28;5024,20;4957,02
2000-11-20;4849,33;4971,82;4989,32;4841,85
2000-11-21;4893,95;4851,24;4901,48;4823,78
2000-11-22;4783,35;4895,22;4895,22;4776,58
2000-11-23;4837,48;4781,53;4841,10;4761,33
2000-11-24;4940,22;4844,29;4954,79;4821,42
2000-11-27;4945,34;4945,06;5018,98;4944,12
2000-11-28;4893,46;4947,34;4959,34;4879,18
2000-11-29;4907,61;4878,35;4921,83;4826,91
2000-11-30;4790,08;4907,49;4907,49;4788,97
2000-12-01;4839,27;4801,55;4859,66;4800,32
2000-12-04;4734,72;4835,30;4835,30;4712,91
2000-12-05;4911,93;4752,58;4911,93;4752,58
2000-12-06;4869,48;4911,78;4951,14;4868,07
2000-12-07;4900,60;4860,48;4922,76;4811,31
2000-12-08;4889,72;4901,24;4983,07;4885,29
2000-12-11;4970,66;4895,02;4977,63;4895,02
2000-12-12;4947,72;4966,85;4984,10;4938,78
2000-12-13;4890,16;4955,40;4995,40;4884,17
2000-12-14;4810,94;4884,99;4884,99;4788,23
2000-12-15;4718,00;4798,85;4798,85;4713,66
2000-12-18;4744,26;4724,60;4803,70;4721,32
2000-12-19;4814,64;4734,78;4823,86;4699,34
2000-12-20;4641,15;4790,80;4790,80;4620,49
2000-12-21;4614,24;4616,06;4666,08;4537,83
2000-12-22;4655,87;4609,43;4658,82;4607,83
2000-12-27;4721,49;4670,07;4724,52;4659,42
2000-12-28;4770,90;4729,50;4774,38;4729,50
2000-12-29;4772,39;4766,56;4817,27;4766,50
2001-01-02;4701,68;4769,26;4812,49;4694,63
2001-01-03;4660,48;4680,76;4680,76;4592,70
2001-01-04;4752,71;4660,31;4801,15;4660,31
2001-01-05;4734,48;4747,93;4794,04;4702,20
2001-01-08;4711,31;4717,68;4717,68;4683,58
2001-01-09;4641,79;4718,64;4748,76;4591,22
2001-01-10;4598,82;4644,41;4648,82;4571,65
2001-01-11;4686,88;4598,06;4688,45;4598,06
2001-01-12;4737,95;4697,38;4753,19;4694,28
2001-01-15;4763,53;4733,42;4771,19;4722,88
2001-01-16;4693,82;4765,05;4765,05;4689,31
2001-01-17;4787,45;4706,23;4796,42;4706,23
2001-01-18;4754,97;4786,40;4786,40;4736,86
2001-01-19;4720,03;4762,31;4811,83;4719,93
2001-01-22;4743,39;4715,23;4755,91;4686,79
2001-01-23;4743,93;4730,46;4743,93;4683,58
2001-01-24;4773,26;4743,93;4795,52;4743,93
2001-01-25;4779,35;4765,14;4800,79;4746,77
2001-01-26;4760,20;4776,73;4776,73;4729,75
2001-01-29;4757,09;4764,40;4768,79;4732,34
2001-01-30;4726,65;4761,38;4801,37;4700,84
2001-01-31;4779,90;4728,28;4779,90;4722,57
2001-02-01;4709,19;4771,81;4771,81;4699,90
2001-02-02;4665,19;4711,88;4733,98;4663,12
2001-02-05;4668,57;4657,72;4674,59;4637,84
2001-02-06;4706,83;4675,79;4706,83;4659,64
2001-02-07;4634,42;4700,05;4700,05;4630,17
2001-02-08;4653,17;4628,29;4666,89;4624,55
2001-02-09;4583,76;4649,02;4649,02;4583,47
2001-02-12;4628,17;4581,41;4635,78;4568,85
2001-02-13;4629,67;4635,12;4653,23;4614,46
2001-02-14;4556,49;4620,30;4620,30;4537,75
2001-02-15;4607,64;4568,05;4610,63;4551,30
2001-02-16;4519,95;4588,27;4588,81;4500,47
2001-02-19;4516,31;4520,45;4540,07;4509,61
2001-02-20;4481,04;4519,21;4555,33;4471,50
2001-02-21;4412,76;4478,01;4478,01;4374,02
2001-02-22;4345,10;4405,25;4416,97;4301,72
2001-02-23;4236,82;4347,63;4360,96;4221,39
2001-02-26;4310,14;4239,08;4324,80;4239,08
2001-02-27;4333,32;4319,67;4362,68;4302,21
2001-02-28;4318,88;4323,97;4373,06;4299,03
2001-03-01;4282,90;4306,35;4306,67;4242,36
2001-03-02;4300,35;4288,23;4330,71;4258,71
2001-03-05;4347,40;4302,26;4349,24;4293,85
2001-03-06;4412,11;4357,07;4427,53;4357,07
2001-03-07;4413,62;4397,28;4429,50;4367,03
2001-03-08;4370,56;4411,83;4436,72;4364,12
2001-03-09;4334,23;4367,32;4377,20;4324,48
2001-03-12;4218,14;4319,78;4319,78;4211,07
2001-03-13;4184,15;4206,98;4216,18;4150,21
2001-03-14;4123,97;4187,26;4222,68;4007,27
2001-03-15;4200,08;4124,58;4200,08;4088,84
2001-03-16;4106,79;4200,93;4205,60;4103,69
2001-03-19;4085,53;4111,46;4164,37;4066,58
2001-03-20;4158,42;4096,06;4159,18;4096,06
2001-03-21;4067,26;4134,68;4134,68;4030,99
2001-03-22;3891,49;4055,19;4055,19;3870,34
2001-03-23;4002,56;3910,78;4015,64;3910,78
2001-03-26;4143,85;4010,46;4151,18;4010,46
2001-03-27;4229,81;4136,90;4230,81;4106,85
2001-03-28;4157,55;4239,29;4239,29;4144,13
2001-03-29;4165,75;4137,49;4165,75;4063,05
2001-03-30;4185,00;4165,81;4225,75;4151,60
2001-04-02;4190,80;4194,77;4214,69;4120,06
2001-04-03;4039,16;4170,40;4170,40;4027,39
2001-04-04;4062,12;4016,51;4072,56;3909,88
2001-04-05;4158,19;4065,68;4178,63;4065,68
2001-04-06;4145,85;4167,36;4206,65;4101,82
2001-04-09;4204,13;4129,27;4221,75;4114,59
2001-04-10;4305,96;4204,45;4307,99;4204,45
2001-04-11;4329,23;4299,76;4366,94;4286,92
2001-04-12;4338,12;4329,65;4353,41;4302,98
2001-04-17;4293,51;4339,53;4339,53;4215,43
2001-04-18;4441,58;4311,39;4458,16;4311,39
2001-04-19;4420,55;4460,15;4469,04;4387,24
2001-04-20;4383,59;4434,88;4447,42;4365,88
2001-04-23;4331,54;4380,26;4380,26;4320,69
2001-04-24;4372,41;4323,57;4402,56;4318,98
2001-04-25;4363,11;4363,49;4375,60;4332,16
2001-04-26;4405,39;4367,43;4413,18;4334,82
2001-04-27;4473,95;4405,04;4497,01;4377,29
2001-04-30;4525,01;4473,64;4527,61;4473,64
2001-05-01;4526,97;4526,97;4526,97;4526,97
2001-05-02;4494,71;4530,14;4547,00;4485,77
2001-05-03;4401,57;4493,82;4515,64;4395,38
2001-05-04;4416,79;4395,89;4430,94;4349,11
2001-05-07;4440,65;4429,43;4478,99;4422,35
2001-05-08;4441,86;4438,89;4477,73;4408,23
2001-05-09;4415,99;4444,91;4444,91;4383,70
2001-05-10;4519,04;4414,49;4532,52;4411,92
2001-05-11;4479,90;4508,05;4525,11;4466,36
2001-05-14;4426,78;4474,94;4474,94;4407,80
2001-05-15;4453,95;4432,98;4458,08;4402,51
2001-05-16;4449,61;4449,53;4451,67;4373,08
2001-05-17;4504,26;4468,16;4522,27;4468,16
2001-05-18;4546,41;4498,29;4556,45;4479,58
2001-05-21;4558,76;4548,48;4560,58;4511,86
2001-05-22;4582,07;4566,58;4617,44;4566,58
2001-05-23;4535,97;4579,44;4582,56;4535,12
2001-05-24;4561,38;4536,06;4567,45;4526,94
2001-05-25;4498,11;4559,60;4560,13;4490,89
2001-05-28;4512,60;4499,80;4536,23;4491,40
2001-05-29;4477,95;4515,93;4536,05;4469,47
2001-05-30;4413,37;4471,43;4471,43;4410,71
2001-05-31;4426,24;4405,98;4439,05;4381,40
2001-06-01;4414,95;4427,93;4452,48;4384,41
2001-06-04;4432,65;4412,78;4433,93;4412,78
2001-06-05;4493,93;4436,26;4496,51;4436,26
2001-06-06;4468,95;4493,77;4511,14;4463,90
2001-06-07;4450,41;4457,55;4473,16;4422,36
2001-06-08;4450,97;4457,45;4503,94;4447,20
2001-06-11;4424,92;4445,05;4471,99;4422,69
2001-06-12;4289,07;4420,81;4429,17;4274,50
2001-06-13;4336,00;4302,69;4342,23;4302,69
2001-06-14;4282,10;4328,18;4328,18;4272,33
2001-06-15;4236,90;4274,40;4274,40;4195,61
2001-06-18;4168,95;4238,58;4239,11;4165,48
2001-06-19;4195,43;4170,61;4233,64;4169,48
2001-06-20;4175,88;4185,28;4185,28;4114,98
2001-06-21;4174,06;4178,81;4199,03;4146,40
2001-06-22;4194,96;4174,11;4215,01;4173,65
2001-06-25;4211,77;4197,02;4232,19;4172,81
2001-06-26;4143,75;4209,01;4209,01;4116,57
2001-06-27;4124,24;4143,71;4155,34;4122,37
2001-06-28;4169,49;4117,71;4169,49;4049,58
2001-06-29;4243,91;4170,31;4244,42;4156,59
2001-07-02;4304,44;4236,30;4307,94;4222,25
2001-07-03;4243,80;4296,46;4296,46;4239,63
2001-07-04;4214,62;4243,97;4244,56;4188,29
2001-07-05;4185,47;4191,04;4206,46;4152,00
2001-07-06;4076,47;4179,70;4179,70;4067,61
2001-07-09;4077,86;4073,18;4089,32;3986,41
2001-07-10;4032,97;4074,42;4111,46;4027,76
2001-07-11;3974,64;4024,64;4024,64;3951,46
2001-07-12;4010,85;4007,26;4048,08;3998,97
2001-07-13;4044,42;4016,95;4044,42;3979,82
2001-07-16;4011,59;4044,99;4045,17;3997,08
2001-07-17;3996,05;4001,03;4001,03;3966,94
2001-07-18;3911,30;3998,04;3998,04;3900,79
2001-07-19;3991,08;3905,59;3991,08;3886,99
2001-07-20;3947,49;3982,13;3982,13;3920,12
2001-07-23;3977,18;3944,72;4023,85;3931,95
2001-07-24;3930,11;3974,56;3981,66;3929,11
2001-07-25;3860,70;3926,03;3955,50;3854,63
2001-07-26;3915,62;3863,51;3922,17;3859,04
2001-07-27;3986,48;3921,92;3989,96;3920,60
2001-07-30;4047,66;3985,81;4067,11;3975,95
2001-07-31;4091,38;4050,21;4093,01;4020,24
2001-08-01;4092,22;4089,25;4115,31;4076,42
2001-08-02;4066,43;4096,56;4150,89;4064,04
2001-08-03;4024,90;4066,77;4072,09;4023,37
2001-08-06;4044,29;4023,09;4069,29;4012,14
2001-08-07;4042,71;4044,42;4052,25;3984,08
2001-08-08;3972,98;4036,33;4036,33;3959,15
2001-08-09;3885,05;3957,60;3957,60;3871,90
2001-08-10;3828,68;3886,62;3932,69;3805,09
2001-08-13;3874,67;3840,06;3890,74;3816,14
2001-08-14;3924,67;3877,67;3954,94;3877,67
2001-08-15;3894,77;3920,22;3929,15;3885,88
2001-08-16;3849,17;3889,29;3889,29;3817,79
2001-08-17;3759,69;3855,01;3879,17;3734,23
2001-08-20;3765,61;3753,21;3781,21;3701,77
2001-08-21;3790,34;3770,58;3797,24;3746,61
2001-08-22;3793,55;3780,84;3849,58;3748,03
2001-08-23;3816,99;3802,67;3835,09;3776,55
2001-08-24;3890,55;3818,67;3896,49;3818,67
2001-08-27;3892,15;3897,98;3940,43;3882,25
2001-08-28;3823,33;3890,36;3924,44;3806,92
2001-08-29;3832,60;3820,09;3859,67;3776,49
2001-08-30;3737,12;3826,73;3849,68;3736,66
2001-08-31;3743,97;3729,92;3767,42;3711,71
2001-09-03;3691,77;3747,51;3758,61;3657,10
2001-09-04;3736,82;3699,28;3756,35;3642,05
2001-09-05;3637,17;3737,75;3737,75;3634,68
2001-09-06;3550,26;3639,11;3669,86;3541,10
2001-09-07;3456,52;3542,45;3559,10;3446,97
2001-09-10;3440,65;3440,68;3466,69;3317,59
2001-09-11;3220,27;3446,17;3539,55;3198,17
2001-09-12;3260,90;3211,82;3308,75;3126,05
2001-09-13;3293,82;3260,18;3302,80;3208,35
2001-09-14;3091,21;3292,75;3334,61;3091,21
2001-09-17;3204,96;3085,98;3223,50;2988,28
2001-09-18;3189,94;3203,09;3203,09;3119,25
2001-09-19;3105,13;3186,32;3241,59;3100,35
2001-09-20;2967,94;3106,25;3126,82;2957,74
2001-09-21;2877,68;2962,67;2962,67;2741,00
2001-09-24;3068,05;2878,71;3070,68;2878,71
2001-09-25;3095,75;3067,84;3133,97;2988,28
2001-09-26;3155,68;3092,43;3202,06;3056,55
2001-09-27;3198,78;3146,76;3198,78;3124,02
2001-09-28;3296,66;3208,58;3298,28;3208,58
2001-10-01;3208,31;3295,14;3296,25;3186,59
2001-10-02;3265,24;3210,13;3265,37;3147,43
2001-10-03;3264,59;3258,44;3265,25;3168,00
2001-10-04;3394,69;3280,78;3394,69;3280,78
2001-10-05;3348,02;3390,62;3424,03;3324,50
2001-10-08;3353,41;3338,81;3357,26;3231,46
2001-10-09;3357,12;3353,28;3399,15;3312,29
2001-10-10;3468,32;3352,18;3470,85;3323,25
2001-10-11;3510,55;3483,45;3570,81;3483,45
2001-10-12;3498,66;3520,31;3534,78;3461,07
2001-10-15;3393,62;3490,01;3490,01;3372,07
2001-10-16;3455,27;3393,90;3466,16;3371,49
2001-10-17;3531,76;3461,48;3581,61;3461,48
2001-10-18;3457,90;3507,71;3507,71;3438,14
2001-10-19;3406,94;3456,99;3465,99;3371,66
2001-10-22;3480,27;3408,42;3481,95;3385,46
2001-10-23;3580,50;3485,10;3584,82;3485,10
2001-10-24;3609,65;3567,52;3651,41;3527,76
2001-10-25;3523,43;3612,62;3666,32;3494,96
2001-10-26;3611,88;3535,53;3611,88;3535,53
2001-10-29;3527,55;3610,22;3610,22;3527,40
2001-10-30;3414,72;3513,17;3513,17;3390,19
2001-10-31;3478,63;3410,27;3519,73;3364,10
2001-11-01;3508,96;3473,13;3508,96;3417,33
2001-11-02;3503,26;3514,80;3550,50;3479,39
2001-11-05;3606,50;3505,45;3610,02;3504,88
2001-11-06;3589,69;3611,94;3653,98;3575,78
2001-11-07;3633,05;3587,97;3639,44;3554,18
2001-11-08;3723,93;3632,90;3741,19;3626,18
2001-11-09;3665,78;3708,22;3708,22;3657,47
2001-11-12;3567,55;3665,64;3665,87;3504,70
2001-11-13;3717,98;3578,78;3721,07;3578,78
2001-11-14;3708,36;3718,84;3796,29;3686,09
2001-11-15;3703,85;3709,16;3762,65;3677,39
2001-11-16;3743,44;3701,96;3755,20;3679,05
2001-11-19;3795,72;3744,35;3820,00;3744,35
2001-11-20;3747,27;3794,36;3808,27;3714,55
2001-11-21;3730,04;3743,50;3781,95;3718,50
2001-11-22;3770,29;3736,76;3787,40;3736,76
2001-11-23;3772,19;3772,45;3801,67;3715,98
2001-11-26;3753,54;3776,68;3819,89;3752,95
2001-11-27;3681,05;3759,65;3784,79;3656,95
2001-11-28;3631,76;3680,40;3687,75;3624,75
2001-11-29;3629,37;3621,21;3658,77;3594,07
2001-11-30;3658,27;3640,37;3683,83;3621,90
2001-12-03;3645,60;3652,46;3652,46;3577,41
2001-12-04;3690,25;3645,55;3693,41;3645,54
2001-12-05;3821,80;3695,27;3824,85;3695,27
2001-12-06;3828,76;3821,84;3865,40;3805,64
2001-12-07;3792,85;3830,47;3835,33;3788,56
2001-12-10;3720,20;3785,41;3788,97;3715,67
2001-12-11;3744,56;3711,66;3758,33;3681,72
2001-12-12;3692,39;3743,66;3770,90;3685,23
2001-12-13;3607,26;3688,96;3713,36;3602,52
2001-12-14;3568,73;3602,27;3618,47;3567,50
2001-12-17;3692,85;3568,53;3703,89;3568,53
2001-12-18;3680,55;3694,67;3722,41;3674,15
2001-12-19;3651,51;3669,35;3696,62;3624,52
2001-12-20;3617,47;3653,08;3668,05;3607,49
2001-12-21;3696,44;3609,74;3702,47;3575,69
2001-12-24;3696,98;3696,52;3699,41;3684,83
2001-12-27;3778,39;3704,91;3778,56;3704,91
2001-12-28;3806,13;3777,86;3824,31;3775,68
2002-01-02;3755,56;3804,44;3813,22;3745,05
2002-01-03;3833,09;3767,23;3845,90;3767,23
2002-01-04;3820,42;3838,28;3864,08;3802,27
2002-01-07;3754,42;3820,39;3839,77;3748,49
2002-01-08;3724,04;3744,27;3774,20;3714,68
2002-01-09;3722,98;3717,41;3735,38;3671,80
2002-01-10;3666,36;3710,99;3710,99;3644,07
2002-01-11;3696,66;3667,72;3713,62;3658,74
2002-01-14;3588,51;3697,16;3697,16;3584,24
2002-01-15;3637,20;3581,52;3648,25;3557,57
2002-01-16;3576,60;3631,01;3631,01;3567,92
2002-01-17;3649,43;3578,73;3652,97;3578,73
2002-01-18;3639,27;3638,50;3648,10;3606,59
2002-01-21;3601,97;3634,02;3634,48;3579,87
2002-01-22;3614,62;3600,21;3660,07;3581,53
2002-01-23;3648,81;3613,20;3649,66;3588,45
2002-01-24;3710,14;3658,94;3726,85;3658,94
2002-01-25;3701,30;3705,53;3705,94;3660,71
2002-01-28;3739,85;3702,20;3753,48;3702,20
2002-01-29;3684,65;3742,17;3754,12;3682,17
2002-01-30;3630,73;3673,30;3673,30;3600,55
2002-01-31;3670,26;3641,71;3690,56;3641,71
2002-02-01;3682,69;3675,91;3714,39;3671,40
2002-02-04;3619,23;3678,80;3678,80;3617,51
2002-02-05;3535,70;3609,51;3609,51;3507,58
2002-02-06;3485,38;3533,71;3553,33;3469,70
2002-02-07;3519,93;3481,14;3525,83;3447,01
2002-02-08;3507,46;3516,69;3534,21;3488,42
2002-02-11;3556,09;3514,17;3571,30;3514,17
2002-02-12;3543,27;3565,10;3598,58;3523,00
2002-02-13;3571,56;3545,23;3582,08;3515,62
2002-02-14;3616,14;3574,51;3620,62;3569,16
2002-02-15;3555,15;3610,25;3612,86;3554,24
2002-02-18;3537,52;3549,77;3564,47;3529,53
2002-02-19;3448,98;3535,04;3535,04;3446,87
2002-02-20;3433,08;3447,13;3467,36;3401,68
2002-02-21;3480,58;3435,62;3503,05;3435,62
2002-02-22;3430,18;3473,85;3473,85;3412,51
2002-02-25;3493,32;3432,11;3494,47;3424,68
2002-02-26;3519,80;3500,28;3556,53;3500,28
2002-02-27;3591,23;3526,08;3598,67;3525,79
2002-02-28;3624,74;3586,07;3644,92;3545,12
2002-03-01;3645,33;3619,40;3653,99;3601,27
2002-03-04;3748,55;3652,04;3760,17;3652,04
2002-03-05;3732,08;3747,95;3768,06;3717,36
2002-03-06;3748,67;3731,43;3751,10;3703,66
2002-03-07;3766,81;3752,63;3811,04;3752,63
2002-03-08;3789,88;3763,79;3806,75;3755,42
2002-03-11;3766,90;3787,32;3809,72;3749,47
2002-03-12;3723,95;3761,94;3762,64;3700,75
2002-03-13;3702,89;3724,95;3759,48;3699,37
2002-03-14;3711,44;3699,54;3725,55;3688,90
2002-03-15;3755,75;3709,41;3755,75;3691,06
2002-03-18;3778,72;3756,82;3799,37;3756,82
2002-03-19;3796,26;3776,95;3805,20;3774,87
2002-03-20;3747,27;3794,01;3796,19;3741,91
2002-03-21;3722,68;3745,09;3756,10;3716,33
2002-03-22;3744,37;3725,19;3755,20;3720,37
2002-03-25;3711,76;3743,04;3770,47;3710,05
2002-03-26;3732,75;3710,25;3746,22;3689,78
2002-03-27;3734,98;3732,73;3740,59;3710,97
2002-03-28;3784,05;3735,45;3789,90;3735,45
2002-04-02;3743,96;3779,26;3779,26;3733,97
2002-04-03;3748,44;3737,06;3760,59;3713,64
2002-04-04;3691,10;3742,93;3742,93;3677,21
2002-04-05;3677,72;3690,11;3705,62;3663,89
2002-04-08;3604,73;3673,52;3673,77;3584,18
2002-04-09;3623,00;3616,25;3651,38;3616,25
2002-04-10;3660,50;3611,77;3671,21;3588,74
2002-04-11;3593,43;3660,59;3675,26;3593,43
2002-04-12;3611,79;3590,49;3620,25;3589,54
2002-04-15;3650,23;3614,18;3654,16;3610,06
2002-04-16;3742,88;3656,98;3742,88;3656,08
2002-04-17;3746,69;3749,74;3786,55;3745,70
2002-04-18;3704,86;3744,50;3788,94;3692,98
2002-04-19;3709,01;3704,84;3711,36;3662,78
2002-04-22;3665,27;3704,54;3704,54;3639,87
2002-04-23;3657,80;3666,37;3688,14;3624,90
2002-04-24;3625,67;3653,86;3671,19;3614,35
2002-04-25;3574,38;3628,01;3628,01;3529,98
2002-04-26;3561,08;3577,82;3610,15;3558,11
2002-04-29;3538,74;3556,10;3556,10;3505,38
2002-04-30;3574,23;3537,01;3574,23;3512,64
2002-05-02;3543,12;3576,03;3592,58;3539,87
2002-05-03;3496,44;3534,70;3578,64;3488,18
2002-05-06;3479,29;3496,58;3503,71;3476,38
2002-05-07;3453,29;3471,39;3472,70;3389,66
2002-05-08;3540,64;3458,72;3540,66;3458,72
2002-05-09;3525,59;3539,06;3552,10;3514,16
2002-05-10;3465,12;3519,64;3519,64;3456,91
2002-05-13;3511,01;3459,42;3514,28;3425,98
2002-05-14;3575,62;3511,01;3589,40;3503,80
2002-05-15;3595,73;3583,43;3607,70;3557,58
2002-05-16;3579,03;3593,31;3606,48;3566,97
2002-05-17;3554,77;3582,82;3610,03;3550,56
2002-05-20;3518,98;3559,48;3572,87;3510,96
2002-05-21;3512,88;3520,63;3549,16;3487,75
2002-05-22;3459,02;3507,73;3508,92;3447,20
2002-05-23;3467,67;3460,18;3489,42;3440,18
2002-05-24;3477,06;3473,33;3502,54;3470,29
2002-05-27;3500,94;3476,56;3523,76;3474,53
2002-05-28;3472,40;3506,33;3540,22;3465,28
2002-05-29;3462,38;3471,18;3471,18;3443,69
2002-05-30;3388,44;3460,05;3460,05;3383,89
2002-05-31;3425,79;3388,97;3438,30;3381,24
2002-06-03;3382,54;3423,72;3440,17;3378,90
2002-06-04;3260,01;3377,17;3377,17;3252,80
2002-06-05;3267,77;3264,52;3304,69;3261,58
2002-06-06;3277,53;3270,33;3328,26;3267,48
2002-06-07;3210,50;3271,90;3271,90;3168,91
2002-06-10;3205,36;3210,54;3251,93;3185,49
2002-06-11;3265,27;3205,06;3281,46;3187,66
2002-06-12;3176,95;3257,68;3257,68;3173,66
2002-06-13;3142,21;3181,14;3227,76;3129,45
2002-06-14;3054,50;3137,62;3137,62;3005,18
2002-06-17;3193,00;3057,81;3194,13;3057,81
2002-06-18;3188,26;3196,72;3216,88;3166,45
2002-06-19;3122,35;3180,17;3180,17;3099,47
2002-06-20;3057,43;3116,45;3116,97;3038,23
2002-06-21;3036,29;3056,94;3092,60;2982,25
2002-06-24;2928,72;3031,90;3055,77;2909,23
2002-06-25;3008,29;2933,86;3024,72;2933,86
2002-06-26;2949,07;2992,02;2992,02;2827,79
2002-06-27;3002,74;2955,25;3042,63;2955,25
2002-06-28;3133,39;3005,88;3133,91;3005,88
2002-07-01;3131,39;3128,91;3193,50;3090,29
2002-07-02;2999,17;3124,50;3124,50;2994,14
2002-07-03;2928,94;2997,55;3034,57;2921,88
2002-07-04;3013,80;2935,25;3013,80;2935,25
2002-07-05;3165,47;3017,05;3165,47;3017,05
2002-07-08;3155,88;3160,57;3187,70;3127,76
2002-07-09;3113,69;3155,61;3176,16;3073,10
2002-07-10;2983,47;3106,94;3106,94;2983,09
2002-07-11;2883,92;2977,74;2977,74;2869,28
2002-07-12;2886,30;2890,41;2978,07;2848,80
2002-07-15;2709,22;2883,34;2902,55;2709,22
2002-07-16;2713,73;2714,99;2787,68;2611,56
2002-07-17;2819,63;2713,18;2846,00;2675,04
2002-07-18;2850,14;2819,10;2905,92;2798,12
2002-07-19;2695,46;2844,70;2844,70;2694,08
2002-07-22;2544,95;2691,45;2691,45;2536,11
2002-07-23;2458,56;2546,57;2627,87;2437,19
2002-07-24;2438,31;2455,20;2472,88;2293,12
2002-07-25;2515,20;2448,57;2571,91;2448,57
2002-07-26;2536,93;2514,89;2539,66;2399,91
2002-07-29;2723,01;2537,26;2723,01;2537,26
2002-07-30;2691,91;2724,54;2749,84;2659,73
2002-07-31;2685,79;2693,26;2796,18;2638,51
2002-08-01;2557,86;2683,56;2739,00;2539,97
2002-08-02;2547,12;2556,18;2581,36;2522,13
2002-08-05;2447,32;2548,08;2553,86;2446,68
2002-08-06;2592,24;2444,37;2607,55;2370,71
2002-08-07;2564,77;2592,31;2661,29;2559,44
2002-08-08;2698,18;2565,02;2702,97;2565,02
2002-08-09;2750,16;2701,59;2750,16;2656,42
2002-08-12;2670,78;2747,47;2747,47;2666,72
2002-08-13;2698,99;2671,09;2709,48;2614,44
2002-08-14;2590,75;2688,78;2688,78;2583,58
2002-08-15;2677,74;2597,92;2694,10;2597,92
2002-08-16;2713,96;2678,90;2721,53;2645,11
2002-08-19;2825,39;2712,75;2826,32;2691,12
2002-08-20;2771,40;2825,11;2844,74;2770,11
2002-08-21;2802,95;2771,56;2852,14;2765,32
2002-08-22;2872,02;2808,59;2872,79;2808,59
2002-08-23;2821,04;2873,19;2880,08;2815,43
2002-08-26;2771,19;2820,85;2851,16;2765,52
2002-08-27;2863,60;2774,46;2876,80;2774,46
2002-08-28;2729,93;2857,42;2857,42;2725,08
2002-08-29;2667,17;2729,53;2729,53;2645,08
2002-08-30;2709,29;2666,87;2726,26;2649,77
2002-09-02;2639,18;2707,04;2707,04;2638,47
2002-09-03;2509,46;2637,93;2637,93;2509,46
2002-09-04;2534,01;2508,58;2548,04;2462,70
2002-09-05;2511,53;2538,69;2568,65;2455,30
2002-09-06;2618,18;2516,69;2618,18;2494,72
2002-09-09;2564,81;2619,39;2619,40;2548,57
2002-09-10;2639,83;2569,55;2642,66;2569,55
2002-09-11;2723,14;2641,68;2733,94;2624,88
2002-09-12;2590,18;2722,16;2722,16;2590,18
2002-09-13;2530,80;2585,78;2585,78;2482,37
2002-09-16;2516,31;2530,98;2561,36;2493,03
2002-09-17;2493,42;2523,37;2605,57;2475,57
2002-09-18;2382,70;2489,14;2489,14;2370,74
2002-09-19;2328,29;2384,85;2418,28;2318,06
2002-09-20;2308,03;2328,10;2372,99;2280,68
2002-09-23;2217,48;2306,23;2354,79;2198,29
2002-09-24;2187,22;2217,39;2241,40;2119,35
2002-09-25;2238,11;2188,40;2283,20;2148,07
2002-09-26;2373,03;2248,41;2378,44;2248,41
2002-09-27;2343,22;2373,17;2384,75;2325,19
2002-09-30;2204,39;2334,11;2334,11;2162,68
2002-10-01;2266,55;2204,71;2271,72;2182,40
2002-10-02;2361,73;2272,64;2369,30;2272,64
2002-10-03;2305,18;2353,86;2381,44;2301,82
2002-10-04;2224,74;2302,86;2313,70;2215,54
2002-10-07;2207,62;2224,44;2232,34;2162,76
2002-10-08;2170,54;2212,05;2254,24;2149,47
2002-10-09;2150,27;2172,81;2189,03;2115,32
2002-10-10;2234,62;2148,09;2234,62;2116,11
2002-10-11;2351,81;2237,54;2351,95;2237,54
2002-10-14;2318,51;2350,43;2377,77;2291,89
2002-10-15;2485,13;2321,68;2485,13;2321,68
2002-10-16;2444,85;2479,22;2555,67;2427,84
2002-10-17;2536,45;2446,35;2566,70;2446,35
2002-10-18;2527,38;2541,96;2576,34;2466,45
2002-10-21;2549,84;2524,66;2549,84;2488,64
2002-10-22;2507,50;2549,13;2600,40;2505,11
2002-10-23;2399,77;2507,50;2540,63;2394,74
2002-10-24;2469,62;2407,04;2489,85;2407,04
2002-10-25;2456,91;2469,38;2475,28;2413,02
2002-10-28;2508,51;2456,91;2540,23;2456,91
2002-10-29;2383,50;2506,83;2511,11;2380,09
2002-10-30;2468,80;2388,92;2478,52;2379,08
2002-10-31;2518,99;2472,86;2541,58;2452,21
2002-11-01;2487,66;2510,38;2510,38;2437,64
2002-11-04;2592,55;2496,31;2592,84;2496,31
2002-11-05;2614,14;2591,12;2633,88;2553,67
2002-11-06;2578,36;2616,99;2663,84;2563,60
2002-11-07;2485,81;2580,33;2608,40;2480,10
2002-11-08;2450,42;2489,08;2510,51;2437,87
2002-11-11;2434,73;2449,84;2451,51;2399,52
2002-11-12;2454,27;2434,25;2472,34;2419,90
2002-11-13;2435,68;2452,14;2452,14;2383,77
2002-11-14;2525,74;2436,73;2530,96;2407,83
2002-11-15;2535,73;2528,50;2565,22;2515,79
2002-11-18;2572,65;2536,73;2594,14;2536,73
2002-11-19;2550,47;2565,05;2565,05;2526,65
2002-11-20;2544,38;2553,68;2572,27;2503,74
2002-11-21;2644,10;2551,74;2644,10;2551,74
2002-11-22;2648,14;2642,57;2665,15;2618,69
2002-11-25;2638,11;2651,88;2678,08;2621,63
2002-11-26;2564,49;2637,37;2647,26;2558,91
2002-11-27;2654,77;2563,67;2656,29;2535,28
2002-11-28;2669,89;2656,81;2689,83;2641,81
2002-11-29;2656,85;2669,84;2690,30;2643,71
2002-12-02;2662,49;2662,44;2728,84;2655,89
2002-12-03;2585,42;2667,72;2684,39;2585,42
2002-12-04;2577,00;2589,93;2598,61;2553,08
2002-12-05;2527,18;2579,14;2630,32;2512,98
2002-12-06;2531,66;2526,56;2549,24;2468,30
2002-12-09;2459,02;2535,88;2560,34;2459,02
2002-12-10;2486,94;2458,52;2493,02;2443,67
2002-12-11;2515,34;2486,19;2532,91;2480,91
2002-12-12;2471,37;2515,57;2525,66;2456,86
2002-12-13;2429,42;2469,87;2473,68;2405,45
2002-12-16;2522,05;2429,58;2522,51;2411,68
2002-12-17;2490,61;2523,32;2540,96;2485,96
2002-12-18;2427,31;2489,17;2489,17;2427,31
2002-12-19;2406,08;2428,98;2477,21;2370,85
2002-12-20;2438,97;2407,49;2464,88;2391,71
2002-12-23;2456,50;2440,91;2463,95;2428,34
2002-12-24;2454,93;2456,50;2456,50;2456,50
2002-12-27;2364,99;2447,46;2447,46;2364,99
2002-12-30;2386,41;2362,79;2386,41;2348,01
2002-12-31;2398,65;2386,41;2386,41;2386,41
2003-01-02;2522,24;2397,47;2522,24;2395,94
2003-01-03;2502,19;2521,77;2533,95;2491,15
2003-01-06;2529,86;2504,47;2533,79;2481,09
2003-01-07;2504,91;2534,20;2551,47;2482,31
2003-01-08;2449,78;2504,64;2504,64;2449,78
2003-01-09;2492,18;2450,18;2492,69;2404,38
2003-01-10;2489,01;2491,30;2517,20;2445,35
2003-01-13;2497,61;2490,09;2534,66;2484,46
2003-01-14;2509,43;2498,69;2529,63;2487,73
2003-01-15;2479,71;2513,41;2538,12;2474,69
2003-01-16;2474,88;2477,73;2492,37;2458,68
2003-01-17;2390,36;2471,15;2471,15;2390,36
2003-01-20;2352,81;2389,76;2412,25;2352,81
2003-01-21;2326,93;2355,08;2396,29;2322,67
2003-01-22;2278,22;2327,25;2343,07;2251,83
2003-01-23;2269,04;2280,13;2313,91;2262,99
2003-01-24;2234,56;2267,00;2302,18;2232,86
2003-01-27;2154,53;2231,80;2232,18;2150,04
2003-01-28;2159,80;2155,11;2196,05;2138,70
2003-01-29;2189,03;2160,84;2195,32;2086,32
2003-01-30;2238,19;2193,02;2246,66;2193,02
2003-01-31;2248,17;2232,18;2249,14;2172,72
2003-02-03;2270,73;2252,19;2286,20;2252,19
2003-02-04;2184,36;2267,54;2267,54;2182,15
2003-02-05;2225,44;2184,72;2227,38;2153,68
2003-02-06;2169,88;2221,14;2238,29;2154,55
2003-02-07;2133,60;2170,45;2190,59;2131,48
2003-02-10;2125,75;2133,62;2141,45;2100,83
2003-02-11;2190,28;2130,39;2199,57;2130,39
2003-02-12;2136,60;2184,39;2184,39;2133,40
2003-02-13;2123,71;2132,20;2154,83;2102,78
2003-02-14;2199,97;2126,60;2226,19;2126,60
2003-02-17;2240,30;2202,41;2244,32;2202,41
2003-02-18;2280,82;2240,96;2291,66;2222,11
2003-02-19;2208,18;2275,21;2275,21;2207,05
2003-02-20;2173,77;2208,33;2241,09;2166,10
2003-02-21;2208,25;2172,68;2208,25;2164,40
2003-02-24;2160,58;2210,89;2220,33;2160,58
2003-02-25;2081,30;2155,33;2155,33;2071,25
2003-02-26;2058,97;2087,93;2112,47;2045,66
2003-02-27;2104,41;2056,98;2112,65;2037,74
2003-02-28;2140,73;2104,21;2146,79;2080,48
2003-03-03;2142,39;2144,00;2184,07;2134,32
2003-03-04;2093,04;2133,77;2133,77;2075,06
2003-03-05;2080,60;2086,39;2095,57;2059,29
2003-03-06;2043,35;2082,48;2098,58;2040,32
2003-03-07;1992,45;2039,66;2039,66;1981,47
2003-03-10;1936,39;1997,38;2006,51;1936,39
2003-03-11;1934,34;1935,49;1958,57;1902,22
2003-03-12;1849,64;1937,70;1955,57;1847,62
2003-03-13;1974,92;1851,41;1974,92;1851,41
2003-03-14;2079,71;1978,50;2091,47;1978,50
2003-03-17;2158,00;2074,03;2183,86;2000,04
2003-03-18;2153,86;2160,37;2223,96;2117,76
2003-03-19;2187,16;2151,75;2233,76;2129,67
2003-03-20;2156,89;2183,28;2205,99;2128,88
2003-03-21;2249,11;2161,43;2253,08;2161,43
2003-03-24;2124,78;2245,61;2245,61;2124,78
2003-03-25;2184,98;2122,23;2189,90;2058,40
2003-03-26;2172,64;2187,67;2227,49;2161,55
2003-03-27;2132,51;2171,41;2171,41;2103,71
2003-03-28;2132,11;2133,66;2145,64;2093,46
2003-03-31;2036,86;2124,23;2124,23;2022,25
2003-04-01;2067,23;2040,45;2083,83;2033,12
2003-04-02;2160,23;2075,49;2163,31;2075,49
2003-04-03;2182,97;2160,64;2219,99;2151,50
2003-04-04;2223,17;2181,40;2242,26;2158,20
2003-04-07;2314,54;2229,06;2347,33;2229,06
2003-04-08;2282,24;2306,61;2320,67;2270,78
2003-04-09;2279,52;2278,43;2326,30;2237,92
2003-04-10;2222,40;2273,85;2273,85;2220,43
2003-04-11;2247,47;2226,10;2293,85;2226,10
2003-04-14;2273,96;2250,74;2279,20;2220,42
2003-04-15;2317,72;2280,43;2341,28;2280,43
2003-04-16;2294,95;2323,92;2366,59;2292,77
2003-04-17;2324,27;2293,33;2326,70;2264,60
2003-04-22;2343,59;2327,10;2344,02;2290,16
2003-04-23;2365,97;2346,21;2402,16;2346,21
2003-04-24;2310,87;2365,74;2375,88;2308,14
2003-04-25;2271,92;2309,63;2328,34;2263,11
2003-04-28;2344,02;2269,95;2344,35;2256,15
2003-04-29;2322,27;2347,54;2387,63;2322,27
2003-04-30;2324,23;2323,74;2354,09;2312,87
2003-05-01;2324,23;2324,23;2324,23;2324,23
2003-05-02;2321,90;2322,19;2322,19;2276,32
2003-05-05;2351,65;2324,87;2380,64;2324,87
2003-05-06;2389,70;2347,00;2389,70;2336,86
2003-05-07;2357,14;2389,38;2397,91;2349,41
2003-05-08;2287,24;2355,04;2361,61;2284,19
2003-05-09;2314,10;2287,95;2314,10;2259,36
2003-05-12;2318,00;2321,74;2336,80;2278,61
2003-05-13;2312,90;2321,14;2333,68;2293,24
2003-05-14;2309,93;2310,83;2350,03;2301,37
2003-05-15;2344,01;2311,85;2348,49;2298,09
2003-05-16;2349,13;2343,71;2375,90;2325,34
2003-05-19;2248,03;2345,71;2345,71;2245,41
2003-05-20;2249,06;2248,09;2262,99;2217,57
2003-05-21;2229,43;2248,85;2251,46;2196,81
2003-05-22;2261,98;2233,57;2261,98;2231,69
2003-05-23;2246,58;2263,03;2279,19;2223,77
2003-05-26;2242,16;2246,07;2271,80;2236,02
2003-05-27;2259,35;2242,52;2260,36;2197,97
2003-05-28;2309,33;2264,84;2318,36;2264,84
2003-05-29;2310,83;2308,41;2329,43;2295,92
2003-05-30;2330,06;2308,69;2350,50;2293,09
2003-06-02;2379,39;2336,72;2379,43;2336,72
2003-06-03;2366,31;2375,83;2375,83;2342,32
2003-06-04;2394,79;2369,69;2405,48;2359,19
2003-06-05;2365,76;2396,13;2412,41;2351,10
2003-06-06;2421,92;2369,13;2434,39;2369,13
2003-06-09;2388,55;2418,98;2418,98;2376,18
2003-06-10;2410,55;2388,22;2419,40;2377,89
2003-06-11;2452,40;2411,01;2457,21;2411,01
2003-06-12;2479,91;2452,91;2493,75;2452,91
2003-06-13;2440,32;2479,02;2487,76;2433,20
2003-06-16;2492,28;2435,56;2492,28;2412,57
2003-06-17;2505,99;2495,48;2530,23;2489,27
2003-06-18;2527,44;2506,22;2533,91;2493,04
2003-06-19;2491,99;2529,92;2536,77;2481,71
2003-06-20;2515,33;2491,70;2519,32;2475,14
2003-06-23;2450,57;2512,41;2512,41;2443,92
2003-06-24;2446,78;2448,63;2457,83;2427,85
2003-06-25;2453,73;2449,20;2467,82;2430,38
2003-06-26;2452,86;2450,58;2466,58;2422,62
2003-06-27;2453,49;2456,36;2472,63;2442,45
2003-06-30;2419,51;2451,55;2474,90;2413,61
2003-07-01;2366,86;2419,64;2428,92;2359,44
2003-07-02;2420,35;2373,57;2425,55;2373,57
2003-07-03;2421,64;2421,42;2437,24;2391,88
2003-07-04;2408,18;2417,94;2421,39;2404,14
2003-07-07;2486,01;2411,76;2492,32;2411,76
2003-07-08;2492,73;2485,84;2512,04;2468,18
2003-07-09;2473,62;2495,60;2504,50;2464,93
2003-07-10;2441,90;2474,24;2474,24;2437,02
2003-07-11;2477,72;2437,52;2477,92;2425,58
2003-07-14;2517,88;2480,43;2525,95;2478,39
2003-07-15;2503,36;2515,24;2528,76;2498,36
2003-07-16;2487,99;2503,64;2524,24;2477,12
2003-07-17;2449,73;2487,33;2487,33;2433,31
2003-07-18;2458,92;2448,85;2471,80;2444,45
2003-07-21;2419,81;2460,97;2483,28;2413,44
2003-07-22;2436,88;2421,88;2437,15;2404,92
2003-07-23;2429,07;2440,90;2453,71;2419,14
2003-07-24;2480,87;2429,96;2482,72;2419,96
2003-07-25;2442,13;2474,65;2474,65;2426,93
2003-07-28;2486,76;2452,89;2494,03;2452,89
2003-07-29;2470,41;2484,58;2507,50;2453,07
2003-07-30;2483,90;2469,36;2497,36;2460,55
2003-07-31;2519,79;2484,31;2523,33;2469,96
2003-08-01;2479,70;2516,43;2519,93;2466,74
2003-08-04;2456,28;2478,68;2503,51;2440,82
2003-08-05;2481,77;2459,19;2493,75;2459,19
2003-08-06;2437,38;2478,59;2478,59;2421,59
2003-08-07;2436,06;2439,60;2451,72;2414,47
2003-08-08;2460,14;2438,32;2479,41;2436,38
2003-08-11;2479,06;2461,44;2489,35;2461,22
2003-08-12;2496,58;2480,68;2508,95;2478,87
2003-08-13;2497,74;2501,56;2520,22;2487,36
2003-08-14;2544,05;2499,27;2544,05;2492,23
2003-08-15;2548,86;2543,53;2565,87;2540,25
2003-08-18;2574,00;2552,31;2574,00;2545,98
2003-08-19;2579,19;2576,71;2595,84;2571,40
2003-08-20;2562,65;2581,12;2581,73;2543,99
2003-08-21;2583,91;2563,84;2599,56;2563,84
2003-08-22;2593,55;2584,61;2610,28;2574,34
2003-08-25;2565,03;2592,66;2592,66;2560,06
2003-08-26;2537,14;2567,33;2585,51;2529,11
2003-08-27;2560,76;2544,52;2563,10;2543,52
2003-08-28;2575,99;2563,27;2593,84;2555,79
2003-08-29;2556,71;2581,81;2599,56;2556,43
2003-09-01;2600,90;2557,53;2605,28;2557,53
2003-09-02;2599,80;2601,65;2613,59;2584,53
2003-09-03;2641,55;2603,50;2653,22;2603,50
2003-09-04;2638,80;2641,82;2654,30;2626,23
2003-09-05;2614,81;2640,20;2646,74;2605,66
2003-09-08;2635,60;2615,41;2642,17;2609,26
2003-09-09;2604,08;2640,19;2653,27;2595,24
2003-09-10;2565,52;2599,16;2599,16;2560,68
2003-09-11;2572,74;2562,83;2582,10;2545,61
2003-09-12;2546,78;2577,16;2588,54;2530,99
2003-09-15;2555,64;2549,49;2573,39;2549,49
2003-09-16;2585,28;2554,98;2586,05;2548,02
2003-09-17;2586,81;2590,92;2613,14;2585,09
2003-09-18;2608,58;2587,28;2610,72;2575,76
2003-09-19;2582,47;2609,72;2621,38;2575,77
2003-09-22;2514,11;2579,37;2579,37;2504,36
2003-09-23;2493,03;2517,14;2525,78;2475,76
2003-09-24;2477,34;2495,41;2518,77;2472,84
2003-09-25;2465,13;2475,11;2475,11;2445,81
2003-09-26;2447,92;2464,63;2468,83;2422,93
2003-09-29;2440,12;2448,26;2472,48;2423,26
2003-09-30;2395,87;2439,88;2449,75;2374,64
2003-10-01;2439,25;2396,69;2439,25;2382,76
2003-10-02;2434,63;2446,25;2466,34;2426,32
2003-10-03;2516,48;2438,41;2519,37;2438,41
2003-10-06;2497,10;2514,23;2514,23;2488,01
2003-10-07;2476,61;2498,71;2501,76;2454,81
2003-10-08;2473,88;2475,97;2507,73;2459,34
2003-10-09;2531,37;2475,58;2532,52;2469,18
2003-10-10;2518,44;2530,31;2547,62;2511,14
2003-10-13;2563,40;2522,17;2568,98;2522,17
2003-10-14;2552,38;2564,41;2576,77;2541,74
2003-10-15;2571,41;2553,68;2595,19;2553,68
2003-10-16;2557,80;2571,01;2585,83;2543,38
2003-10-17;2550,82;2561,48;2584,17;2545,56
2003-10-20;2552,18;2551,40;2565,72;2534,50
2003-10-21;2560,14;2555,99;2581,16;2548,40
2003-10-22;2509,97;2558,87;2564,00;2509,32
2003-10-23;2489,07;2504,83;2504,83;2467,03
2003-10-24;2482,56;2488,98;2496,79;2469,11
2003-10-27;2512,32;2484,57;2523,83;2484,57
2003-10-28;2542,70;2515,98;2544,82;2515,98
2003-10-29;2556,16;2545,76;2567,82;2540,22
2003-10-30;2571,51;2555,45;2596,40;2539,30
2003-10-31;2575,04;2568,63;2578,34;2552,65
2003-11-03;2631,65;2580,60;2630,33;2575,57
2003-11-04;2627,32;2630,81;2643,22;2616,17
2003-11-05;2609,90;2626,12;2628,14;2599,77
2003-11-06;2626,68;2612,70;2642,71;2592,33
2003-11-07;2657,60;2627,45;2673,95;2627,45
2003-11-10;2633,07;2655,15;2657,40;2629,95
2003-11-11;2618,90;2629,90;2629,90;2604,64
2003-11-12;2627,15;2618,85;2632,51;2606,51
2003-11-13;2636,78;2632,11;2660,66;2625,12
2003-11-14;2656,94;2635,20;2668,15;2628,14
2003-11-17;2586,05;2654,34;2654,34;2583,21
2003-11-18;2584,05;2588,26;2610,36;2571,43
2003-11-19;2574,66;2581,45;2581,45;2541,44
2003-11-20;2568,71;2575,35;2585,82;2530,64
2003-11-21;2578,24;2566,97;2580,65;2559,23
2003-11-24;2632,25;2580,09;2634,85;2580,09
2003-11-25;2625,31;2629,68;2645,50;2623,91
2003-11-26;2619,56;2625,90;2653,22;2617,52
2003-11-27;2635,89;2620,70;2638,89;2620,70
2003-11-28;2630,47;2635,40;2648,51;2605,30
2003-12-01;2674,62;2631,57;2676,12;2631,57
2003-12-02;2666,97;2675,98;2690,51;2656,65
2003-12-03;2694,01;2665,07;2699,25;2660,80
2003-12-04;2693,43;2692,51;2700,42;2675,79
2003-12-05;2672,02;2691,42;2692,81;2656,12
2003-12-08;2651,41;2671,24;2671,24;2640,29
2003-12-09;2672,62;2653,72;2688,68;2653,72
2003-12-10;2660,73;2669,54;2671,52;2642,23
2003-12-11;2684,71;2662,36;2685,12;2661,76
2003-12-12;2685,39;2686,68;2711,26;2674,74
2003-12-15;2698,77;2689,05;2725,49;2689,05
2003-12-16;2697,14;2692,97;2705,40;2677,33
2003-12-17;2692,26;2699,22;2704,54;2682,41
2003-12-18;2714,73;2691,97;2717,72;2682,15
2003-12-19;2725,26;2715,62;2730,23;2712,91
2003-12-22;2714,09;2722,93;2733,34;2706,65
2003-12-23;2721,57;2714,53;2727,77;2713,17
2003-12-24;2725,07;2721,57;2721,57;2721,57
2003-12-29;2744,20;2722,85;2746,33;2722,85
2003-12-30;2750,09;2745,97;2771,51;2745,97
2003-12-31;2760,66;2749,91;2762,31;2746,11
2004-01-02;2797,56;2760,84;2797,56;2760,84
2004-01-05;2808,07;2797,39;2808,72;2781,54
2004-01-06;2805,91;2808,52;2812,64;2795,25
2004-01-07;2782,52;2807,06;2818,15;2773,98
2004-01-08;2821,33;2785,67;2836,94;2785,67
2004-01-09;2800,16;2823,68;2833,99;2778,04
2004-01-12;2793,88;2800,26;2800,26;2777,91
2004-01-13;2801,97;2796,73;2830,77;2796,73
2004-01-14;2829,44;2801,33;2830,40;2792,33
2004-01-15;2840,80;2824,39;2847,67;2811,50
2004-01-16;2865,96;2842,86;2873,34;2842,86
2004-01-19;2879,94;2866,96;2890,86;2866,96
2004-01-20;2859,58;2880,57;2886,34;2857,89
2004-01-21;2873,86;2858,37;2873,92;2855,07
2004-01-22;2891,84;2878,26;2900,46;2873,88
2004-01-23;2892,54;2890,20;2901,73;2879,39
2004-01-26;2874,47;2891,75;2892,42;2867,77
2004-01-27;2884,25;2877,36;2911,43;2877,36
2004-01-28;2896,78;2881,54;2899,68;2869,47
2004-01-29;2860,08;2893,04;2893,04;2856,28
2004-01-30;2839,13;2862,08;2872,61;2836,39
2004-02-02;2853,90;2839,24;2860,79;2838,37
2004-02-03;2841,26;2854,17;2857,44;2824,42
2004-02-04;2819,92;2839,55;2839,55;2816,18
2004-02-05;2816,34;2817,57;2842,82;2808,69
2004-02-06;2833,63;2819,18;2839,01;2811,87
2004-02-09;2870,98;2836,39;2875,72;2836,39
2004-02-10;2880,94;2871,02;2882,72;2859,71
2004-02-11;2890,80;2881,32;2893,93;2876,58
2004-02-12;2896,25;2894,02;2910,01;2880,32
2004-02-13;2860,88;2894,66;2897,41;2854,57
2004-02-16;2877,39;2862,26;2877,39;2858,98
2004-02-17;2895,38;2879,00;2899,49;2878,63
2004-02-18;2897,59;2895,43;2907,17;2890,85
2004-02-19;2932,95;2900,49;2936,51;2900,49
2004-02-20;2904,36;2930,50;2934,00;2893,77
2004-02-23;2907,46;2906,23;2925,84;2903,80
2004-02-24;2866,04;2904,75;2905,89;2852,31
2004-02-25;2872,48;2865,89;2879,46;2852,50
2004-02-26;2883,54;2876,55;2890,84;2867,86
2004-02-27;2893,18;2885,30;2918,52;2885,30
2004-03-01;2918,56;2893,70;2918,69;2893,70
2004-03-02;2946,62;2920,77;2946,62;2920,77
2004-03-03;2926,79;2943,33;2943,33;2916,85
2004-03-04;2952,61;2929,75;2953,30;2928,93
2004-03-05;2945,63;2953,57;2962,22;2919,29
2004-03-08;2959,71;2947,31;2965,15;2947,31
2004-03-09;2923,05;2958,20;2958,20;2914,98
2004-03-10;2922,68;2921,39;2926,85;2899,62
2004-03-11;2834,02;2915,94;2915,94;2817,85
2004-03-12;2834,03;2829,99;2838,71;2775,65
2004-03-15;2756,13;2829,87;2829,87;2753,98
2004-03-16;2773,18;2754,17;2784,00;2729,10
2004-03-17;2821,80;2775,58;2822,90;2775,23
2004-03-18;2761,66;2821,80;2822,72;2755,48
2004-03-19;2769,86;2764,26;2785,89;2749,65
2004-03-22;2712,11;2765,96;2765,96;2688,55
2004-03-23;2713,68;2710,75;2741,98;2701,34
2004-03-24;2702,05;2713,61;2732,82;2680,04
2004-03-25;2752,43;2705,63;2756,09;2705,63
2004-03-26;2763,75;2754,22;2774,36;2748,61
2004-03-29;2797,68;2764,04;2802,72;2760,07
2004-03-30;2791,58;2798,39;2798,76;2773,88
2004-03-31;2787,49;2791,49;2814,29;2779,36
2004-04-01;2819,70;2788,83;2822,91;2783,82
2004-04-02;2885,08;2820,87;2888,65;2819,20
2004-04-05;2905,88;2886,30;2919,57;2886,30
2004-04-06;2865,03;2909,77;2913,99;2861,92
2004-04-07;2851,83;2864,35;2880,31;2848,41
2004-04-08;2858,92;2853,95;2883,41;2853,95
2004-04-13;2889,91;2862,61;2905,16;2862,61
2004-04-14;2856,61;2889,05;2889,05;2828,64
2004-04-15;2854,53;2857,88;2871,98;2842,50
2004-04-16;2866,95;2853,95;2870,78;2843,92
2004-04-19;2859,24;2866,25;2868,85;2841,07
2004-04-20;2878,80;2862,61;2894,14;2862,61
2004-04-21;2855,46;2877,74;2877,74;2844,48
2004-04-22;2877,65;2859,13;2879,45;2840,25
2004-04-23;2894,18;2882,36;2912,68;2882,36
2004-04-26;2886,05;2895,00;2910,17;2885,51
2004-04-27;2884,82;2886,73;2897,32;2876,36
2004-04-28;2836,67;2885,46;2885,46;2836,66
2004-04-29;2806,37;2834,47;2834,51;2788,10
2004-04-30;2787,48;2803,50;2803,50;2779,19
2004-05-03;2806,46;2786,50;2808,40;2767,81
2004-05-04;2799,71;2805,88;2812,49;2782,86
2004-05-05;2823,37;2796,62;2830,18;2785,25
2004-05-06;2765,74;2821,06;2821,06;2765,05
2004-05-07;2756,85;2765,76;2771,12;2730,18
2004-05-10;2684,96;2751,03;2751,03;2680,14
2004-05-11;2721,08;2686,79;2721,52;2686,79
2004-05-12;2680,10;2721,57;2724,42;2677,81
2004-05-13;2712,50;2683,87;2712,50;2683,87
2004-05-14;2694,92;2710,35;2711,97;2672,02
2004-05-17;2659,85;2693,58;2693,58;2630,21
2004-05-18;2675,75;2661,76;2679,64;2658,81
2004-05-19;2729,52;2679,20;2737,40;2679,20
2004-05-20;2708,55;2727,66;2727,66;2694,30
2004-05-21;2697,46;2705,74;2724,37;2683,70
2004-05-24;2716,07;2700,38;2731,77;2691,03
2004-05-25;2699,36;2714,28;2714,28;2687,36
2004-05-26;2729,62;2707,07;2744,63;2707,07
2004-05-27;2752,02;2730,92;2763,70;2730,92
2004-05-28;2736,83;2756,65;2767,40;2732,91
2004-05-31;2749,62;2736,83;2736,83;2736,83
2004-06-01;2713,29;2749,40;2749,87;2710,58
2004-06-02;2730,15;2715,02;2749,35;2715,02
2004-06-03;2736,72;2730,47;2736,72;2710,40
2004-06-04;2767,87;2738,14;2773,09;2736,59
2004-06-07;2799,81;2771,30;2803,38;2771,30
2004-06-08;2800,36;2801,98;2813,68;2792,48
2004-06-09;2787,39;2802,18;2813,04;2783,30
2004-06-10;2800,18;2785,79;2803,10;2783,02
2004-06-11;2797,05;2801,16;2801,59;2786,26
2004-06-14;2759,27;2796,07;2796,07;2750,90
2004-06-15;2785,68;2759,82;2792,26;2751,04
2004-06-16;2807,15;2788,89;2810,86;2788,89
2004-06-17;2807,16;2806,38;2823,34;2797,60
2004-06-18;2822,06;2806,45;2824,88;2795,51
2004-06-21;2816,56;2826,40;2836,42;2808,00
2004-06-22;2782,43;2814,45;2814,45;2775,69
2004-06-23;2793,63;2783,78;2807,61;2783,78
2004-06-24;2822,35;2796,58;2832,62;2796,58
2004-06-25;2818,86;2822,28;2831,55;2809,53
2004-06-28;2840,04;2818,18;2847,48;2809,92
2004-06-29;2828,59;2835,62;2835,62;2818,04
2004-06-30;2811,08;2829,74;2839,62;2811,08
2004-07-01;2806,62;2818,56;2842,81;2798,28
2004-07-02;2783,99;2802,36;2802,88;2776,35
2004-07-05;2784,92;2784,09;2794,79;2781,70
2004-07-06;2764,89;2786,13;2790,61;2755,40
2004-07-07;2764,31;2764,60;2777,73;2759,84
2004-07-08;2776,88;2763,21;2776,88;2744,75
2004-07-09;2776,25;2773,79;2781,68;2750,03
2004-07-12;2760,12;2774,95;2787,14;2757,51
2004-07-13;2763,20;2764,95;2774,20;2760,87
2004-07-14;2754,77;2756,66;2756,66;2728,85
2004-07-15;2715,64;2753,40;2753,40;2715,64
2004-07-16;2713,27;2716,45;2733,54;2709,94
2004-07-19;2697,69;2712,99;2714,67;2694,53
2004-07-20;2708,16;2694,26;2710,47;2674,23
2004-07-21;2728,91;2716,42;2741,78;2716,42
2004-07-22;2680,44;2717,98;2717,98;2677,58
2004-07-23;2673,44;2685,48;2691,68;2665,49
2004-07-26;2640,61;2671,82;2681,29;2638,59
2004-07-27;2670,48;2642,55;2670,98;2642,55
2004-07-28;2665,98;2675,35;2691,42;2658,03
2004-07-29;2717,61;2669,27;2720,30;2669,27
2004-07-30;2720,05;2715,77;2728,48;2698,50
2004-08-02;2696,26;2716,71;2716,71;2686,22
2004-08-03;2712,45;2701,72;2715,96;2700,62
2004-08-04;2684,28;2704,53;2704,53;2671,86
2004-08-05;2689,26;2688,94;2709,96;2688,94
2004-08-06;2618,68;2680,81;2680,81;2617,66
2004-08-09;2596,52;2619,38;2623,22;2580,67
2004-08-10;2619,42;2595,49;2619,42;2593,11
2004-08-11;2594,45;2621,50;2625,71;2572,73
2004-08-12;2588,80;2598,43;2617,42;2572,16
2004-08-13;2580,04;2582,55;2590,07;2562,20
2004-08-16;2604,75;2576,58;2607,17;2559,88
2004-08-17;2617,27;2604,57;2634,55;2599,92
2004-08-18;2627,37;2614,85;2629,43;2599,96
2004-08-19;2630,71;2633,49;2649,25;2622,64
2004-08-20;2624,96;2627,51;2630,21;2607,27
2004-08-23;2662,35;2630,04;2666,75;2630,04
2004-08-24;2659,14;2661,99;2673,86;2653,98
2004-08-25;2664,67;2663,05;2673,96;2654,40
2004-08-26;2688,67;2670,74;2693,93;2670,74
2004-08-27;2704,53;2689,21;2704,53;2680,60
2004-08-30;2697,05;2705,58;2708,88;2690,69
2004-08-31;2670,79;2693,39;2693,39;2667,32
2004-09-01;2691,67;2676,22;2699,42;2676,22
2004-09-02;2711,16;2691,53;2717,53;2682,42
2004-09-03;2739,43;2710,33;2746,68;2706,61
2004-09-06;2748,39;2740,61;2753,38;2740,26
2004-09-07;2751,93;2749,58;2758,56;2741,15
2004-09-08;2746,96;2753,19;2754,44;2741,13
2004-09-09;2730,74;2742,89;2742,89;2714,82
2004-09-10;2745,86;2733,83;2753,15;2733,83
2004-09-13;2780,85;2758,43;2780,85;2758,43
2004-09-14;2771,67;2779,41;2779,41;2763,91
2004-09-15;2763,75;2771,92;2783,30;2757,01
2004-09-16;2765,87;2763,37;2772,57;2754,14
2004-09-17;2788,64;2766,75;2797,87;2761,07
2004-09-20;2776,10;2787,75;2787,75;2762,26
2004-09-21;2790,67;2774,72;2794,23;2770,86
2004-09-22;2759,68;2789,80;2794,14;2756,39
2004-09-23;2735,45;2757,59;2757,59;2726,61
2004-09-24;2740,06;2734,01;2743,81;2724,57
2004-09-27;2725,10;2738,73;2738,73;2716,54
2004-09-28;2733,69;2722,34;2741,14;2713,76
2004-09-29;2746,36;2734,63;2760,90;2734,63
2004-09-30;2726,30;2750,39;2767,07;2725,30
2004-10-01;2796,08;2728,29;2796,08;2728,29
2004-10-04;2823,46;2797,92;2833,54;2797,92
2004-10-05;2830,12;2824,22;2842,69;2814,72
2004-10-06;2831,88;2830,35;2838,31;2819,13
2004-10-07;2834,62;2832,54;2849,56;2826,31
2004-10-08;2816,42;2832,18;2847,33;2806,10
2004-10-11;2813,93;2814,27;2817,59;2802,80
2004-10-12;2788,07;2811,34;2811,34;2776,15
2004-10-13;2792,27;2788,93;2810,70;2786,39
2004-10-14;2776,03;2789,49;2789,49;2765,28
2004-10-15;2773,39;2775,02;2775,02;2753,61
2004-10-18;2768,63;2774,32;2783,93;2762,50
2004-10-19;2801,19;2771,38;2811,83;2771,38
2004-10-20;2769,26;2799,45;2799,45;2758,42
2004-10-21;2786,53;2771,65;2789,55;2758,87
2004-10-22;2788,89;2786,48;2807,37;2781,30
2004-10-25;2734,37;2786,71;2786,71;2732,18
2004-10-26;2739,37;2735,95;2744,18;2727,76
2004-10-27;2787,15;2742,78;2787,15;2742,78
2004-10-28;2818,54;2788,94;2822,20;2788,94
2004-10-29;2811,72;2818,40;2835,90;2809,72
2004-11-01;2834,03;2811,15;2838,19;2808,03
2004-11-02;2855,16;2834,30;2855,88;2834,30
2004-11-03;2860,68;2856,99;2879,80;2856,06
2004-11-04;2859,52;2860,40;2860,50;2842,85
2004-11-05;2874,80;2862,27;2900,59;2862,27
2004-11-08;2872,48;2875,09;2881,08;2866,78
2004-11-09;2864,93;2872,50;2877,63;2862,99
2004-11-10;2872,66;2866,11;2885,53;2866,11
2004-11-11;2903,93;2872,55;2907,54;2865,70
2004-11-12;2907,45;2906,33;2919,56;2902,44
2004-11-15;2898,16;2907,75;2924,44;2895,65
2004-11-16;2879,01;2898,87;2904,79;2871,80
2004-11-17;2922,24;2880,47;2922,24;2878,57
2004-11-18;2917,21;2918,85;2923,50;2907,97
2004-11-19;2893,08;2918,39;2932,93;2889,91
2004-11-22;2879,58;2891,31;2891,31;2860,05
2004-11-23;2876,88;2883,01;2902,34;2872,38
2004-11-24;2876,84;2886,03;2890,98;2869,73
2004-11-25;2904,16;2878,71;2905,64;2878,71
2004-11-26;2898,95;2901,04;2901,38;2884,30
2004-11-29;2891,15;2899,17;2928,64;2891,15
2004-11-30;2876,39;2893,43;2898,80;2868,94
2004-12-01;2913,21;2874,21;2916,80;2867,54
2004-12-02;2926,73;2913,61;2933,94;2911,83
2004-12-03;2911,59;2927,02;2938,38;2900,98
2004-12-06;2904,51;2911,17;2911,17;2895,70
2004-12-07;2918,43;2904,28;2927,66;2901,83
2004-12-08;2912,44;2916,33;2916,33;2897,82
2004-12-09;2888,02;2910,29;2918,76;2879,11
2004-12-10;2903,96;2888,75;2910,36;2888,75
2004-12-13;2928,43;2905,65;2933,84;2905,65
2004-12-14;2934,10;2929,69;2945,05;2927,70
2004-12-15;2921,94;2934,79;2941,04;2921,94
2004-12-16;2929,63;2922,03;2934,20;2922,03
2004-12-17;2891,48;2929,62;2936,04;2883,75
2004-12-20;2906,24;2890,91;2915,87;2890,52
2004-12-21;2912,80;2905,91;2915,22;2902,26
2004-12-22;2937,74;2913,99;2942,22;2913,99
2004-12-23;2950,92;2937,37;2951,32;2933,73
2004-12-24;2951,16;2950,92;2950,92;2950,92
2004-12-27;2944,16;2950,36;2958,07;2944,16
2004-12-28;2955,11;2945,28;2955,11;2941,62
2004-12-29;2953,15;2955,23;2960,97;2947,35
2004-12-30;2951,24;2953,90;2958,97;2950,96
2004-12-31;2951,01;2951,24;2951,24;2951,24
2005-01-03;2970,02;2952,29;2989,61;2946,80
2005-01-04;2971,12;2969,78;2979,88;2961,14
2005-01-05;2947,19;2969,00;2969,00;2942,69
2005-01-06;2966,24;2947,44;2967,65;2947,44
2005-01-07;2979,82;2965,54;2988,99;2964,48
2005-01-10;2977,21;2980,30;2986,07;2967,79
2005-01-11;2949,29;2977,14;2981,51;2943,42
2005-01-12;2924,01;2948,89;2952,79;2914,00
2005-01-13;2936,32;2925,60;2943,09;2922,91
2005-01-14;2948,22;2933,58;2951,77;2925,13
2005-01-17;2963,06;2948,11;2963,22;2948,11
2005-01-18;2962,43;2962,28;2965,60;2940,77
2005-01-19;2959,90;2963,91;2976,33;2957,21
2005-01-20;2937,71;2957,55;2957,55;2929,78
2005-01-21;2940,87;2937,27;2944,92;2927,62
2005-01-24;2937,83;2939,68;2940,02;2916,08
2005-01-25;2958,61;2937,66;2960,90;2932,56
2005-01-26;2956,43;2958,31;2967,62;2954,36
2005-01-27;2970,81;2956,32;2970,81;2948,55
2005-01-28;2955,89;2969,91;2977,99;2950,68
2005-01-31;2984,59;2958,07;2987,88;2958,07
2005-02-01;3008,85;2984,63;3008,85;2982,06
2005-02-02;3022,35;3009,08;3022,87;3008,92
2005-02-03;3010,39;3021,94;3023,85;3001,87
2005-02-04;3037,13;3011,58;3038,31;3011,58
2005-02-07;3051,97;3037,21;3055,27;3037,21
2005-02-08;3055,89;3052,01;3058,09;3044,78
2005-02-09;3044,36;3056,37;3064,30;3036,16
2005-02-10;3044,00;3047,97;3056,80;3035,37
2005-02-11;3080,08;3046,36;3080,08;3046,36
2005-02-14;3075,76;3079,93;3083,38;3065,27
2005-02-15;3086,95;3075,20;3091,64;3071,08
2005-02-16;3068,55;3087,30;3087,30;3057,17
2005-02-17;3067,34;3068,79;3082,69;3064,96
2005-02-18;3072,04;3067,26;3080,91;3062,52
2005-02-21;3063,64;3072,31;3079,89;3054,91
2005-02-22;3045,24;3062,99;3062,99;3029,22
2005-02-23;3028,08;3042,65;3042,65;3007,08
2005-02-24;3024,80;3030,17;3032,97;3020,33
2005-02-25;3062,72;3029,07;3062,79;3029,07
2005-02-28;3058,32;3063,85;3081,86;3058,32
2005-03-01;3078,44;3056,45;3082,87;3054,03
2005-03-02;3082,71;3078,89;3082,71;3060,09
2005-03-03;3078,11;3080,71;3091,09;3072,08
2005-03-04;3106,86;3079,93;3106,86;3079,06
2005-03-07;3114,54;3106,98;3117,77;3106,42
2005-03-08;3097,34;3113,82;3113,82;3093,64
2005-03-09;3081,99;3098,91;3115,06;3078,07
2005-03-10;3053,66;3079,01;3079,01;3048,60
2005-03-11;3060,36;3058,37;3073,75;3057,56
2005-03-14;3060,72;3060,06;3065,04;3050,05
2005-03-15;3083,73;3062,77;3086,48;3062,77
2005-03-16;3032,13;3083,33;3083,33;3030,43
2005-03-17;3039,80;3032,84;3045,04;3025,33
2005-03-18;3053,54;3040,38;3062,94;3040,38
2005-03-21;3038,14;3052,39;3059,18;3037,80
2005-03-22;3050,44;3040,55;3053,18;3021,66
2005-03-23;3036,85;3040,66;3040,82;3019,29
2005-03-24;3060,67;3039,55;3063,41;3037,20
2005-03-29;3069,35;3060,02;3069,80;3037,81
2005-03-30;3056,25;3067,30;3067,30;3045,56
2005-03-31;3055,73;3059,10;3080,25;3053,90
2005-04-01;3061,11;3055,18;3077,97;3053,37
2005-04-04;3042,17;3060,00;3060,00;3026,18
2005-04-05;3064,07;3046,56;3065,44;3046,56
2005-04-06;3076,23;3066,05;3076,23;3064,09
2005-04-07;3090,72;3073,40;3092,99;3070,02
2005-04-08;3088,92;3092,07;3100,72;3083,87
2005-04-11;3080,60;3088,47;3088,47;3073,75
2005-04-12;3065,18;3080,42;3081,53;3058,51
2005-04-13;3080,54;3065,92;3086,65;3065,92
2005-04-14;3075,33;3079,88;3086,02;3065,49
2005-04-15;3013,79;3074,21;3074,21;3013,79
2005-04-18;2947,79;3009,93;3009,93;2931,18
2005-04-19;2957,37;2948,38;2966,64;2948,38
2005-04-20;2944,33;2957,92;2974,58;2936,57
2005-04-21;2950,34;2942,95;2967,15;2933,68
2005-04-22;2976,39;2950,35;2981,00;2950,35
2005-04-25;2987,05;2975,37;2990,29;2966,17
2005-04-26;2983,22;2987,27;2990,88;2968,67
2005-04-27;2942,62;2981,82;2981,82;2930,96
2005-04-28;2930,87;2943,29;2955,25;2913,19
2005-04-29;2930,10;2929,21;2944,36;2911,48
2005-05-02;2949,09;2931,97;2957,46;2931,97
2005-05-03;2962,59;2949,35;2962,59;2944,60
2005-05-04;2981,04;2962,47;2981,04;2955,26
2005-05-05;3004,52;2981,64;3008,38;2981,64
2005-05-06;3019,26;3004,26;3022,54;2994,31
2005-05-09;3007,10;3018,05;3018,32;2999,17
2005-05-10;2983,42;3007,31;3017,59;2978,91
2005-05-11;2970,50;2983,09;2990,10;2965,88
2005-05-12;2993,09;2983,04;2998,31;2983,04
2005-05-13;2994,52;2991,71;2994,52;2971,44
2005-05-16;2988,16;2994,27;2994,27;2980,55
2005-05-17;2983,84;2990,13;2996,95;2976,73
2005-05-18;3036,30;2984,63;3036,30;2984,63
2005-05-19;3051,79;3034,88;3055,14;3034,88
2005-05-20;3050,45;3051,87;3060,30;3046,21
2005-05-23;3070,98;3051,53;3074,13;3051,53
2005-05-24;3066,55;3071,55;3071,55;3053,88
2005-05-25;3059,84;3066,57;3072,06;3054,84
2005-05-26;3086,08;3060,04;3089,54;3060,04
2005-05-27;3084,00;3086,69;3091,66;3072,90
2005-05-30;3096,54;3084,08;3096,54;3070,48
2005-05-31;3076,70;3096,46;3096,84;3076,53
2005-06-01;3125,88;3077,86;3125,88;3077,86
2005-06-02;3131,03;3125,64;3139,91;3119,40
2005-06-03;3114,27;3131,38;3138,10;3108,25
2005-06-06;3099,20;3114,04;3119,46;3094,43
2005-06-07;3134,82;3099,99;3138,29;3099,99
2005-06-08;3125,59;3131,08;3132,62;3115,73
2005-06-09;3122,93;3124,24;3126,66;3109,20
2005-06-10;3143,85;3126,26;3153,09;3126,26
2005-06-13;3159,83;3145,04;3160,86;3137,88
2005-06-14;3162,86;3159,09;3163,82;3148,63
2005-06-15;3147,55;3163,11;3172,87;3142,02
2005-06-16;3160,09;3147,88;3167,68;3147,88
2005-06-17;3178,48;3160,55;3193,34;3160,55
2005-06-20;3162,14;3178,01;3178,36;3150,02
2005-06-21;3179,62;3163,04;3183,06;3163,04
2005-06-22;3182,08;3179,61;3195,43;3174,30
2005-06-23;3190,80;3182,06;3192,93;3173,32
2005-06-24;3161,00;3187,67;3187,67;3156,99
2005-06-27;3132,50;3160,65;3160,65;3123,03
2005-06-28;3162,00;3136,42;3162,00;3136,42
2005-06-29;3178,56;3162,15;3190,63;3162,15
2005-06-30;3181,54;3178,58;3198,89;3173,89
2005-07-01;3208,61;3179,38;3208,94;3174,45
2005-07-04;3215,60;3209,14;3218,07;3202,72
2005-07-05;3207,91;3215,20;3216,34;3190,15
2005-07-06;3224,11;3208,43;3233,58;3208,43
2005-07-07;3170,06;3221,83;3221,83;3079,89
2005-07-08;3224,59;3172,00;3224,59;3172,00
2005-07-11;3246,40;3225,33;3251,39;3225,33
2005-07-12;3236,33;3246,20;3247,94;3223,75
2005-07-13;3260,67;3236,34;3261,50;3236,34
2005-07-14;3277,20;3261,39;3292,08;3261,39
2005-07-15;3278,71;3277,24;3286,64;3266,04
2005-07-18;3276,49;3279,16;3292,26;3268,82
2005-07-19;3314,06;3276,58;3314,06;3276,58
2005-07-20;3303,88;3312,96;3317,02;3292,31
2005-07-21;3299,92;3305,00;3329,67;3280,51
2005-07-22;3292,92;3299,57;3304,76;3281,45
2005-07-25;3298,27;3294,85;3304,01;3284,85
2005-07-26;3302,98;3298,41;3314,00;3288,84
2005-07-27;3310,84;3303,18;3320,01;3303,18
2005-07-28;3333,05;3311,09;3339,27;3311,09
2005-07-29;3326,51;3332,91;3346,56;3314,45
2005-08-01;3320,44;3326,17;3339,22;3312,88
2005-08-02;3349,91;3320,44;3349,91;3318,74
2005-08-03;3343,63;3349,39;3351,28;3329,44
2005-08-04;3310,62;3343,57;3343,57;3305,42
2005-08-05;3280,49;3309,74;3310,83;3280,49
2005-08-08;3292,41;3281,13;3307,45;3281,13
2005-08-09;3331,29;3292,08;3331,29;3289,21
2005-08-10;3370,84;3331,35;3370,84;3331,35
2005-08-11;3354,16;3367,38;3367,38;3338,53
2005-08-12;3334,15;3354,49;3356,66;3328,09
2005-08-15;3326,34;3334,34;3340,27;3323,06
2005-08-16;3307,42;3328,96;3343,35;3302,18
2005-08-17;3298,20;3307,15;3307,15;3278,01
2005-08-18;3283,84;3298,45;3300,83;3270,10
2005-08-19;3328,17;3284,35;3328,17;3284,35
2005-08-22;3330,44;3328,84;3340,12;3325,27
2005-08-23;3299,28;3324,01;3324,01;3299,28
2005-08-24;3294,25;3295,98;3297,57;3272,23
2005-08-25;3258,52;3293,69;3293,69;3253,53
2005-08-26;3224,10;3258,45;3270,27;3224,10
2005-08-29;3239,96;3222,52;3241,49;3196,65
2005-08-30;3234,10;3240,80;3255,43;3232,93
2005-08-31;3263,78;3237,61;3265,23;3235,34
2005-09-01;3282,29;3265,10;3293,10;3265,10
2005-09-02;3274,42;3281,13;3291,77;3264,20
2005-09-05;3303,05;3275,08;3303,05;3275,08
2005-09-06;3341,80;3303,42;3341,80;3303,42
2005-09-07;3349,46;3342,17;3359,95;3339,49
2005-09-08;3346,63;3349,72;3351,67;3332,58
2005-09-09;3359,65;3346,90;3365,98;3343,10
2005-09-12;3354,64;3361,10;3377,46;3349,70
2005-09-13;3325,55;3353,61;3358,04;3325,26
2005-09-14;3338,99;3325,71;3345,29;3325,71
2005-09-15;3339,02;3339,05;3352,08;3329,54
2005-09-16;3366,57;3339,38;3378,23;3338,38
2005-09-19;3356,28;3366,39;3368,48;3335,48
2005-09-20;3375,79;3356,55;3379,42;3356,55
2005-09-21;3326,78;3375,30;3375,30;3325,49
2005-09-22;3312,26;3325,87;3325,87;3292,44
2005-09-23;3331,55;3313,96;3332,32;3313,96
2005-09-26;3400,93;3335,00;3401,02;3335,00
2005-09-27;3384,24;3399,01;3399,06;3377,90
2005-09-28;3429,42;3385,25;3431,14;3385,25
2005-09-29;3412,75;3429,60;3435,20;3407,03
2005-09-30;3428,51;3414,77;3438,76;3414,77
2005-10-03;3449,34;3429,45;3451,34;3429,45
2005-10-04;3464,23;3449,03;3464,24;3432,47
2005-10-05;3418,84;3461,18;3461,18;3418,84
2005-10-06;3384,15;3416,82;3416,82;3363,12
2005-10-07;3374,10;3383,36;3391,60;3362,63
2005-10-10;3381,17;3374,92;3400,78;3373,58
2005-10-11;3387,46;3380,80;3405,63;3380,80
2005-10-12;3359,85;3384,89;3384,89;3350,07
2005-10-13;3331,42;3360,15;3361,28;3318,37
2005-10-14;3349,58;3334,89;3359,52;3316,15
2005-10-17;3356,77;3349,70;3368,42;3349,70
2005-10-18;3334,79;3356,73;3363,54;3330,14
2005-10-19;3279,61;3330,00;3330,00;3272,21
2005-10-20;3284,78;3285,27;3329,92;3276,61
2005-10-21;3271,05;3283,42;3288,77;3264,92
2005-10-24;3310,13;3271,03;3310,13;3267,51
2005-10-25;3292,52;3310,84;3324,13;3292,52
2005-10-26;3304,27;3291,80;3316,32;3285,75
2005-10-27;3241,14;3302,12;3302,12;3237,53
2005-10-28;3245,98;3240,31;3259,63;3212,07
2005-10-31;3320,15;3250,10;3320,15;3250,10
2005-11-01;3312,45;3320,21;3326,84;3305,42
2005-11-02;3320,62;3312,48;3328,88;3288,07
2005-11-03;3361,64;3322,52;3363,60;3322,52
2005-11-04;3355,28;3361,01;3364,71;3343,86
2005-11-07;3362,83;3355,00;3372,34;3340,34
2005-11-08;3361,75;3364,26;3380,86;3350,95
2005-11-09;3355,77;3361,92;3368,86;3351,22
2005-11-10;3361,05;3358,25;3381,06;3353,08
2005-11-11;3406,23;3361,43;3407,64;3361,43
2005-11-14;3412,19;3405,94;3426,51;3396,70
2005-11-15;3413,96;3412,24;3419,91;3397,45
2005-11-16;3391,59;3413,33;3413,33;3380,83
2005-11-17;3404,12;3393,12;3419,64;3393,12
2005-11-18;3427,18;3407,88;3447,66;3407,88
2005-11-21;3450,01;3428,25;3456,53;3426,95
2005-11-22;3450,51;3451,97;3457,13;3443,82
2005-11-23;3471,43;3453,13;3471,43;3453,13
2005-11-24;3459,15;3471,43;3474,27;3448,00
2005-11-25;3466,08;3459,85;3468,63;3457,00
2005-11-28;3453,11;3467,64;3493,40;3452,46
2005-11-29;3463,67;3452,18;3476,79;3438,91
2005-11-30;3447,07;3462,55;3462,55;3439,68
2005-12-01;3501,54;3448,23;3501,54;3448,23
2005-12-02;3519,66;3502,94;3521,05;3502,94
2005-12-05;3499,40;3519,90;3521,32;3490,27
2005-12-06;3516,84;3499,61;3523,94;3497,43
2005-12-07;3505,34;3517,33;3530,71;3495,71
2005-12-08;3510,38;3501,54;3510,38;3477,77
2005-12-09;3500,80;3509,92;3509,92;3488,89
2005-12-12;3514,07;3501,33;3532,38;3501,33
2005-12-13;3528,34;3514,30;3532,51;3507,55
2005-12-14;3519,12;3529,45;3537,46;3510,71
2005-12-15;3522,30;3520,51;3526,74;3510,40
2005-12-16;3556,76;3522,42;3566,64;3522,42
2005-12-19;3551,10;3554,74;3560,98;3546,38
2005-12-20;3561,11;3550,80;3565,25;3537,46
2005-12-21;3591,94;3562,25;3593,58;3562,25
2005-12-22;3591,02;3591,61;3600,10;3586,32
2005-12-23;3599,47;3593,16;3607,94;3593,16
2005-12-27;3612,21;3599,47;3619,61;3599,47
2005-12-28;3605,12;3611,49;3615,39;3601,65
2005-12-29;3616,33;3606,84;3621,89;3606,84
2005-12-30;3578,93;3616,09;3616,09;3572,16
2006-01-02;3604,33;3578,73;3605,95;3578,73
2006-01-03;3614,34;3604,08;3638,42;3601,84
2006-01-04;3652,46;3615,23;3652,46;3615,23
2006-01-05;3650,24;3652,19;3661,65;3643,17
2006-01-06;3666,99;3650,54;3666,99;3647,66
2006-01-09;3671,78;3667,10;3685,99;3667,10
2006-01-10;3644,94;3671,23;3671,23;3638,77
2006-01-11;3668,61;3645,73;3674,31;3645,73
2006-01-12;3670,20;3667,16;3676,00;3656,99
2006-01-13;3629,25;3670,27;3670,27;3618,06
2006-01-16;3644,41;3628,73;3649,10;3621,03
2006-01-17;3610,07;3639,57;3639,57;3606,54
2006-01-18;3570,17;3609,34;3609,34;3550,16
2006-01-19;3593,22;3572,19;3597,34;3572,19
2006-01-20;3550,80;3593,16;3612,37;3550,80
2006-01-23;3544,31;3550,24;3550,24;3515,07
2006-01-24;3532,68;3544,78;3553,16;3526,37
2006-01-25;3578,00;3532,72;3578,00;3532,72
2006-01-26;3641,42;3578,92;3641,42;3577,98
2006-01-27;3685,48;3643,35;3685,48;3643,35
2006-01-30;3677,52;3684,38;3685,65;3664,45
2006-01-31;3691,41;3676,71;3707,63;3671,67
2006-02-01;3728,34;3686,16;3728,80;3674,89
2006-02-02;3677,05;3728,92;3745,14;3677,05
2006-02-03;3678,48;3677,05;3696,00;3652,76
2006-02-06;3682,32;3678,87;3704,17;3672,53
2006-02-07;3680,80;3682,97;3698,63;3656,20
2006-02-08;3671,37;3680,05;3680,05;3637,93
2006-02-09;3726,81;3672,34;3726,81;3672,34
2006-02-10;3695,63;3725,18;3735,14;3692,63
2006-02-13;3727,46;3696,09;3727,46;3684,83
2006-02-14;3734,48;3728,16;3744,66;3707,25
2006-02-15;3729,79;3733,97;3749,36;3720,41
2006-02-16;3756,47;3730,82;3756,47;3730,82
2006-02-17;3767,70;3757,34;3777,16;3749,94
2006-02-20;3766,74;3767,11;3769,16;3749,88
2006-02-21;3779,51;3767,21;3800,78;3767,21
2006-02-22;3818,48;3778,02;3818,48;3771,06
2006-02-23;3813,29;3819,56;3831,16;3796,21
2006-02-24;3826,00;3812,76;3826,00;3805,55
2006-02-27;3840,56;3828,99;3840,56;3819,65
2006-02-28;3774,51;3840,31;3840,31;3769,25
2006-03-01;3806,03;3775,23;3806,34;3772,49
2006-03-02;3763,73;3807,30;3820,55;3745,46
2006-03-03;3733,95;3763,95;3774,03;3715,35
2006-03-06;3754,07;3737,58;3766,47;3737,58
2006-03-07;3745,20;3751,30;3751,30;3719,92
2006-03-08;3727,96;3745,10;3757,16;3702,04
2006-03-09;3757,73;3736,61;3765,56;3736,61
2006-03-10;3798,46;3754,13;3798,46;3741,51
2006-03-13;3824,97;3801,03;3827,45;3801,03
2006-03-14;3833,48;3823,18;3833,48;3808,96
2006-03-15;3842,16;3834,11;3853,33;3834,11
2006-03-16;3839,71;3844,15;3847,88;3822,56
2006-03-17;3832,43;3840,20;3874,64;3820,50
2006-03-20;3842,10;3833,25;3863,95;3833,11
2006-03-21;3848,17;3842,49;3848,17;3811,02
2006-03-22;3868,48;3840,27;3872,62;3827,40
2006-03-23;3860,13;3869,22;3878,49;3850,46
2006-03-24;3870,89;3859,58;3875,01;3853,43
2006-03-27;3827,93;3872,28;3872,28;3826,49
2006-03-28;3811,22;3829,82;3846,52;3799,04
2006-03-29;3826,30;3811,85;3830,70;3799,12
2006-03-30;3874,61;3835,21;3881,69;3835,21
2006-03-31;3853,74;3872,37;3872,37;3840,64
2006-04-03;3878,64;3859,99;3881,11;3857,23
2006-04-04;3850,11;3875,08;3875,08;3843,18
2006-04-05;3863,92;3853,28;3865,82;3835,35
2006-04-06;3861,29;3866,01;3879,70;3848,73
2006-04-07;3823,11;3860,03;3874,59;3822,26
2006-04-10;3843,52;3822,35;3843,52;3813,80
2006-04-11;3788,81;3840,89;3843,62;3781,99
2006-04-12;3776,94;3786,93;3791,15;3753,47
2006-04-13;3779,94;3777,24;3787,52;3755,69
2006-04-18;3770,79;3779,23;3779,23;3749,71
2006-04-19;3820,96;3778,46;3825,18;3778,46
2006-04-20;3860,00;3820,93;3878,29;3820,93
2006-04-21;3888,46;3863,57;3892,35;3863,57
2006-04-24;3862,27;3884,57;3884,57;3858,67
2006-04-25;3871,09;3864,64;3888,65;3860,61
2006-04-26;3887,00;3873,67;3892,16;3873,06
2006-04-27;3865,42;3889,43;3889,43;3832,10
2006-04-28;3839,90;3865,91;3865,91;3833,74
2006-05-01;3839,90;3839,90;3839,90;3839,90
2006-05-02;3862,24;3839,24;3864,19;3830,96
2006-05-03;3821,97;3865,29;3879,31;3817,60
2006-05-04;3843,08;3822,57;3843,66;3806,35
2006-05-05;3874,32;3845,32;3874,32;3836,65
2006-05-08;3877,53;3877,74;3897,40;3872,67
2006-05-09;3890,94;3879,59;3890,94;3866,35
2006-05-10;3863,56;3883,38;3889,78;3863,56
2006-05-11;3837,86;3864,02;3894,60;3836,67
2006-05-12;3750,44;3829,82;3829,82;3750,44
2006-05-15;3711,16;3746,40;3746,40;3680,95
2006-05-16;3730,36;3711,46;3750,12;3692,35
2006-05-17;3605,19;3734,32;3750,42;3605,19
2006-05-18;3606,33;3607,41;3649,54;3558,27
2006-05-19;3625,25;3608,26;3638,38;3601,68
2006-05-22;3539,77;3622,35;3622,35;3527,05
2006-05-23;3620,28;3541,56;3637,39;3541,56
2006-05-24;3574,86;3617,11;3617,11;3542,93
2006-05-25;3635,00;3579,36;3635,00;3555,18
2006-05-26;3699,80;3647,15;3699,80;3646,42
2006-05-29;3679,57;3696,48;3696,48;3677,02
2006-05-30;3590,91;3677,67;3683,30;3581,65
2006-05-31;3637,17;3581,80;3641,83;3542,41
2006-06-01;3648,33;3634,82;3652,84;3595,27
2006-06-02;3636,89;3656,43;3688,89;3622,96
2006-06-05;3604,33;3636,83;3638,59;3592,71
2006-06-06;3529,10;3598,58;3598,58;3519,86
2006-06-07;3562,36;3536,39;3575,67;3512,25
2006-06-08;3462,37;3556,87;3556,87;3462,37
2006-06-09;3520,99;3470,27;3531,70;3470,27
2006-06-12;3480,76;3519,43;3528,27;3477,06
2006-06-13;3408,02;3476,33;3476,33;3392,75
2006-06-14;3414,21;3410,79;3433,72;3379,66
2006-06-15;3493,25;3423,23;3496,64;3423,23
2006-06-16;3463,56;3508,39;3544,27;3459,56
2006-06-19;3490,24;3469,88;3520,51;3469,88
2006-06-20;3514,83;3474,60;3514,83;3453,14
2006-06-21;3526,86;3519,86;3526,86;3476,22
2006-06-22;3544,85;3542,65;3571,24;3523,72
2006-06-23;3550,15;3545,60;3564,06;3530,00
2006-06-26;3534,84;3554,07;3566,55;3528,59
2006-06-27;3506,93;3540,49;3555,94;3500,72
2006-06-28;3506,02;3503,30;3526,09;3484,71
2006-06-29;3582,61;3519,54;3583,90;3519,54
2006-06-30;3648,92;3592,01;3655,02;3592,01
2006-07-03;3662,92;3648,91;3662,92;3639,07
2006-07-04;3670,75;3664,59;3670,75;3646,04
2006-07-05;3618,64;3656,71;3656,71;3607,81
2006-07-06;3662,39;3624,02;3665,54;3624,02
2006-07-07;3651,33;3657,00;3670,45;3627,02
2006-07-10;3666,51;3645,42;3671,09;3621,34
2006-07-11;3617,78;3656,57;3656,65;3609,05
2006-07-12;3630,50;3632,02;3662,83;3622,26
2006-07-13;3562,56;3617,55;3617,55;3552,52
2006-07-14;3508,25;3545,92;3552,04;3508,25
2006-07-17;3498,62;3512,22;3518,34;3462,77
2006-07-18;3492,11;3491,81;3516,31;3475,98
2006-07-19;3585,65;3497,48;3585,65;3497,48
2006-07-20;3589,63;3593,87;3612,48;3580,86
2006-07-21;3557,08;3580,53;3590,68;3546,24
2006-07-24;3632,93;3559,34;3633,50;3559,34
2006-07-25;3631,50;3639,65;3651,74;3621,71
2006-07-26;3640,75;3635,17;3647,02;3625,07
2006-07-27;3681,55;3649,29;3681,55;3649,29
2006-07-28;3710,60;3671,71;3711,41;3659,67
2006-07-31;3691,87;3708,82;3711,52;3688,22
2006-08-01;3640,60;3687,82;3696,52;3632,51
2006-08-02;3696,35;3655,93;3696,77;3655,93
2006-08-03;3667,91;3695,86;3703,38;3647,96
2006-08-04;3718,09;3677,44;3729,29;3677,44
2006-08-07;3658,25;3707,49;3707,49;3654,09
2006-08-08;3668,10;3672,22;3684,78;3654,51
2006-08-09;3707,19;3674,04;3712,22;3651,29
2006-08-10;3675,44;3686,63;3686,63;3638,55
2006-08-11;3675,06;3682,86;3698,24;3659,10
2006-08-14;3719,11;3690,09;3720,39;3690,09
2006-08-15;3766,38;3712,47;3773,87;3706,87
2006-08-16;3791,10;3767,86;3798,63;3765,45
2006-08-17;3800,10;3792,00;3801,01;3779,32
2006-08-18;3791,40;3798,33;3807,48;3781,99
2006-08-21;3777,25;3789,99;3790,58;3765,38
2006-08-22;3792,55;3788,55;3797,51;3754,38
2006-08-23;3758,98;3793,49;3793,49;3753,04
2006-08-24;3781,87;3761,86;3796,84;3743,26
2006-08-25;3781,17;3784,01;3797,91;3766,21
2006-08-28;3808,57;3778,79;3811,84;3758,87
2006-08-29;3806,81;3810,18;3829,39;3800,05
2006-08-30;3817,86;3815,88;3829,40;3809,02
2006-08-31;3808,70;3823,70;3828,06;3802,39
2006-09-01;3820,89;3808,99;3836,22;3808,99
2006-09-04;3837,61;3824,02;3839,30;3824,02
2006-09-05;3817,76;3835,82;3835,82;3801,14
2006-09-06;3772,21;3818,12;3818,36;3765,73
2006-09-07;3739,70;3766,80;3766,80;3729,77
2006-09-08;3750,08;3745,99;3762,09;3736,31
2006-09-11;3742,06;3745,78;3745,78;3709,81
2006-09-12;3788,96;3744,91;3792,73;3729,36
2006-09-13;3805,55;3799,86;3810,07;3787,11
2006-09-14;3796,59;3809,08;3824,77;3786,70
2006-09-15;3812,11;3800,99;3825,15;3789,18
2006-09-18;3808,47;3813,73;3823,92;3790,83
2006-09-19;3780,18;3807,67;3811,25;3770,36
2006-09-20;3841,31;3782,15;3843,26;3775,48
2006-09-21;3857,14;3840,20;3867,74;3831,23
2006-09-22;3812,73;3839,51;3839,65;3800,65
2006-09-25;3822,12;3815,13;3842,67;3802,47
2006-09-26;3872,92;3838,00;3877,79;3838,00
2006-09-27;3896,18;3877,55;3899,04;3871,12
2006-09-28;3894,98;3893,86;3907,41;3885,32
2006-09-29;3899,41;3898,07;3921,15;3894,87
2006-10-02;3892,48;3902,03;3917,40;3875,76
2006-10-03;3880,14;3886,09;3886,09;3858,87
2006-10-04;3914,73;3884,39;3914,73;3883,38
2006-10-05;3939,86;3921,17;3949,47;3921,17
2006-10-06;3940,31;3939,28;3950,06;3919,88
2006-10-09;3939,48;3932,33;3942,17;3921,81
2006-10-10;3960,67;3946,55;3963,20;3943,35
2006-10-11;3967,39;3956,15;3969,72;3939,78
2006-10-12;3999,89;3966,39;4000,49;3964,44
2006-10-13;3999,07;4002,28;4008,67;3986,41
2006-10-16;4001,97;4000,30;4007,38;3987,52
2006-10-17;3949,57;3993,04;3993,33;3947,39
2006-10-18;3991,38;3958,29;4007,17;3958,29
2006-10-19;3986,82;3986,30;4000,76;3967,98
2006-10-20;3998,19;3991,86;4016,63;3981,18
2006-10-23;4019,02;4001,63;4024,75;3982,02
2006-10-24;4014,01;4018,21;4022,87;4003,96
2006-10-25;4019,14;4011,18;4025,56;4004,86
2006-10-26;4027,29;4026,47;4047,54;4019,98
2006-10-27;4017,27;4029,07;4039,77;3998,43
2006-10-30;4004,92;4007,26;4007,26;3979,81
2006-10-31;4004,80;4003,92;4019,84;3990,01
2006-11-01;4014,34;4003,80;4029,57;3999,78
2006-11-02;3974,62;4003,97;4010,72;3961,64
2006-11-03;3990,46;3979,73;4010,44;3971,83
2006-11-06;4045,22;3991,47;4045,22;3991,47
2006-11-07;4072,86;4047,63;4075,99;4045,52
2006-11-08;4073,81;4064,92;4078,99;4047,19
2006-11-09;4073,00;4071,17;4081,70;4059,21
2006-11-10;4063,84;4067,10;4072,42;4048,97
2006-11-13;4086,14;4063,01;4095,55;4059,51
2006-11-14;4084,33;4087,11;4097,05;4068,51
2006-11-15;4108,83;4089,39;4110,53;4089,39
2006-11-16;4109,81;4107,71;4116,79;4096,67
2006-11-17;4080,03;4106,78;4107,24;4066,05
2006-11-20;4095,75;4074,59;4101,04;4049,44
2006-11-21;4096,06;4095,27;4112,27;4090,91
2006-11-22;4094,97;4105,91;4118,40;4084,71
2006-11-23;4085,76;4099,96;4105,18;4070,31
2006-11-24;4048,16;4076,14;4078,44;4028,30
2006-11-27;3978,25;4045,05;4053,68;3978,25
2006-11-28;3975,11;3976,16;3990,75;3951,94
2006-11-29;4023,09;3983,51;4023,89;3983,51
2006-11-30;3987,23;4027,46;4036,72;3983,05
2006-12-01;3932,09;3993,03;4011,96;3914,46
2006-12-04;3962,93;3935,81;3965,16;3927,40
2006-12-05;4007,94;3966,61;4014,55;3961,06
2006-12-06;4002,31;4007,75;4015,80;3987,15
2006-12-07;4018,69;3997,09;4039,25;3991,84
2006-12-08;4019,89;4011,63;4028,14;3980,66
2006-12-11;4052,89;4024,14;4055,74;4024,14
2006-12-12;4059,74;4052,55;4062,20;4044,02
2006-12-13;4094,33;4063,14;4096,28;4054,64
2006-12-14;4118,84;4100,49;4122,89;4099,98
2006-12-15;4140,66;4119,08;4147,38;4119,08
2006-12-18;4130,06;4140,99;4141,46;4129,65
2006-12-19;4100,48;4121,01;4121,01;4085,18
2006-12-20;4118,54;4108,30;4130,80;4108,30
2006-12-21;4112,10;4111,85;4125,27;4104,46
2006-12-22;4073,50;4109,86;4109,86;4072,62
2006-12-27;4134,86;4079,70;4134,86;4079,70
2006-12-28;4130,66;4137,44;4142,06;4125,14
2006-12-29;4119,94;4130,12;4142,01;4119,94
2007-01-02;4182,12;4128,90;4183,00;4128,90
2007-01-03;4188,24;4184,49;4195,53;4173,00
2007-01-04;4177,76;4180,50;4180,67;4152,41
2007-01-05;4129,35;4174,37;4174,37;4129,35
2007-01-08;4123,33;4130,33;4148,14;4111,67
2007-01-09;4129,49;4129,60;4153,90;4129,49
2007-01-10;4090,88;4122,73;4122,73;4077,88
2007-01-11;4165,95;4099,47;4165,95;4091,86
2007-01-12;4174,80;4166,51;4176,92;4151,14
2007-01-15;4187,36;4179,06;4200,32;4179,06
2007-01-16;4169,18;4188,00;4196,36;4166,04
2007-01-17;4146,73;4168,89;4179,14;4130,68
2007-01-18;4137,31;4152,21;4172,49;4125,43
2007-01-19;4173,07;4135,02;4177,13;4115,37
2007-01-22;4140,61;4173,47;4186,35;4137,89
2007-01-23;4140,19;4145,71;4154,25;4114,30
2007-01-24;4187,55;4146,20;4192,18;4146,20
2007-01-25;4175,70;4187,42;4210,63;4163,23
2007-01-26;4149,01;4162,78;4169,30;4131,11
2007-01-29;4166,83;4151,83;4173,53;4143,31
2007-01-30;4195,22;4166,28;4201,09;4157,08
2007-01-31;4178,54;4193,74;4199,16;4170,38
2007-02-01;4211,32;4190,98;4230,04;4190,98
2007-02-02;4228,39;4214,83;4237,82;4213,94
2007-02-05;4227,47;4227,72;4235,90;4215,07
2007-02-06;4233,47;4232,12;4250,86;4227,98
2007-02-07;4251,06;4235,99;4254,31;4235,99
2007-02-08;4225,92;4251,24;4255,44;4213,81
2007-02-09;4248,24;4227,91;4258,01;4227,91
2007-02-12;4213,85;4244,73;4244,73;4204,01
2007-02-13;4239,03;4214,65;4239,03;4214,65
2007-02-14;4267,02;4244,76;4268,86;4240,36
2007-02-15;4258,13;4266,37;4266,86;4248,76
2007-02-16;4247,40;4257,83;4257,83;4239,61
2007-02-19;4266,23;4248,74;4274,65;4248,74
2007-02-20;4250,30;4263,46;4268,56;4224,00
2007-02-21;4232,52;4257,70;4271,03;4220,94
2007-02-22;4241,48;4242,17;4267,74;4237,33
2007-02-23;4245,99;4245,33;4251,23;4226,93
2007-02-26;4272,32;4248,34;4278,22;4248,34
2007-02-27;4156,73;4262,46;4262,46;4152,74
2007-02-28;4087,12;4153,84;4153,84;4068,05
2007-03-01;4031,30;4084,64;4111,34;3967,30
2007-03-02;4011,63;4042,02;4068,44;3981,08
2007-03-05;3980,06;4006,91;4006,91;3923,64
2007-03-06;4010,39;3994,72;4020,04;3991,67
2007-03-07;4021,97;4013,55;4033,60;4005,74
2007-03-08;4082,58;4032,35;4082,58;4032,35
2007-03-09;4091,67;4080,59;4105,22;4052,17
2007-03-12;4066,78;4095,77;4114,60;4051,90
2007-03-13;4017,74;4068,19;4073,88;4017,74
2007-03-14;3906,15;4012,91;4012,91;3906,15
2007-03-15;3985,57;3918,53;3985,57;3918,53
2007-03-16;3984,54;3980,78;4011,32;3954,60
2007-03-19;4055,49;3992,25;4055,49;3992,25
2007-03-20;4079,52;4055,09;4079,74;4027,13
2007-03-21;4078,29;4076,94;4095,94;4070,96
2007-03-22;4170,08;4088,91;4177,29;4088,91
2007-03-23;4191,58;4166,73;4196,15;4148,83
2007-03-26;4142,11;4190,74;4193,31;4122,46
2007-03-27;4153,61;4152,38;4172,87;4144,09
2007-03-28;4128,20;4143,80;4143,80;4107,98
2007-03-29;4180,07;4139,70;4182,12;4139,70
2007-03-30;4181,03;4177,67;4207,76;4160,35
2007-04-02;4189,55;4177,31;4191,76;4163,77
2007-04-03;4246,30;4199,54;4248,07;4199,54
2007-04-04;4261,83;4252,71;4261,83;4242,05
2007-04-05;4271,54;4259,98;4274,17;4253,79
2007-04-10;4301,47;4275,68;4307,66;4267,01
2007-04-11;4293,20;4298,24;4326,70;4284,92
2007-04-12;4280,02;4290,11;4291,10;4249,30
2007-04-13;4317,35;4285,56;4319,28;4284,03
2007-04-16;4379,25;4333,95;4380,52;4333,39
2007-04-17;4384,38;4374,36;4391,28;4348,62
2007-04-18;4358,95;4377,78;4377,78;4338,51
2007-04-19;4339,93;4330,36;4339,93;4288,11
2007-04-20;4416,79;4350,67;4431,33;4350,67
2007-04-23;4400,12;4416,07;4428,42;4390,94
2007-04-24;4367,83;4399,17;4402,86;4348,69
2007-04-25;4404,44;4380,59;4415,96;4380,59
2007-04-26;4414,21;4415,82;4434,06;4403,06
2007-04-27;4383,13;4407,70;4412,91;4366,85
2007-04-30;4392,34;4378,25;4409,42;4370,27
2007-05-01;4392,41;4392,34;4392,34;4392,34
2007-05-02;4415,48;4401,94;4423,84;4397,34
2007-05-03;4427,32;4429,50;4432,17;4394,19
2007-05-04;4445,59;4429,28;4449,33;4413,04
2007-05-07;4441,31;4448,06;4452,82;4432,88
2007-05-08;4411,32;4434,96;4435,60;4398,01
2007-05-09;4425,03;4421,84;4437,86;4402,16
2007-05-10;4391,87;4422,41;4427,61;4387,19
2007-05-11;4423,07;4376,45;4425,35;4331,36
2007-05-14;4413,72;4435,10;4446,57;4406,46
2007-05-15;4441,03;4400,79;4444,97;4390,51
2007-05-16;4422,62;4434,53;4445,22;4415,67
2007-05-17;4428,57;4431,87;4441,27;4418,81
2007-05-18;4480,81;4428,96;4484,13;4425,05
2007-05-21;4465,54;4482,33;4484,78;4459,91
2007-05-22;4469,88;4466,53;4483,70;4457,35
2007-05-23;4499,69;4473,50;4500,61;4472,05
2007-05-24;4452,70;4477,04;4495,92;4449,32
2007-05-25;4463,52;4439,65;4470,64;4421,42
2007-05-28;4475,46;4463,52;4463,52;4463,52
2007-05-29;4474,81;4480,04;4483,84;4462,28
2007-05-30;4468,72;4457,04;4470,50;4426,64
2007-05-31;4512,65;4484,50;4522,24;4484,50
2007-06-01;4556,97;4516,03;4562,39;4515,27
2007-06-04;4537,81;4550,02;4556,12;4521,05
2007-06-05;4513,18;4542,89;4550,35;4507,10
2007-06-06;4437,29;4511,02;4516,27;4434,77
2007-06-07;4381,45;4446,39;4461,81;4369,47
2007-06-08;4376,42;4376,55;4399,13;4330,27
2007-06-11;4415,50;4394,49;4418,81;4394,49
2007-06-12;4383,02;4408,51;4421,34;4368,38
2007-06-13;4401,68;4372,54;4413,42;4349,72
2007-06-14;4485,04;4427,15;4485,04;4427,15
2007-06-15;4551,00;4491,46;4556,04;4491,46
2007-06-18;4530,22;4551,30;4559,73;4517,16
2007-06-19;4527,22;4529,84;4547,99;4516,69
2007-06-20;4545,61;4539,37;4572,82;4538,61
2007-06-21;4488,66;4527,38;4527,38;4462,59
2007-06-22;4479,36;4496,10;4509,19;4470,55
2007-06-25;4471,13;4456,78;4478,18;4423,82
2007-06-26;4433,04;4451,93;4460,45;4420,79
2007-06-27;4412,12;4418,86;4418,88;4383,37
2007-06-28;4457,99;4433,90;4458,98;4433,90
2007-06-29;4489,77;4467,17;4489,77;4441,18
2007-07-02;4470,26;4471,80;4479,81;4450,29
2007-07-03;4513,01;4483,38;4522,48;4483,38
2007-07-04;4524,24;4519,42;4530,20;4515,25
2007-07-05;4491,87;4533,00;4537,93;4486,72
2007-07-06;4524,45;4492,09;4524,45;4486,50
2007-07-09;4528,76;4530,45;4551,27;4522,81
2007-07-10;4474,15;4526,81;4545,03;4461,73
2007-07-11;4447,52;4448,82;4455,88;4403,56
2007-07-12;4517,70;4458,16;4517,70;4434,81
2007-07-13;4542,57;4537,39;4560,69;4532,15
2007-07-16;4557,57;4547,68;4564,03;4539,74
2007-07-17;4538,31;4555,78;4555,78;4515,16
2007-07-18;4472,22;4512,43;4519,60;4472,22
2007-07-19;4522,64;4493,44;4533,33;4493,44
2007-07-20;4445,23;4516,29;4530,77;4442,58
2007-07-23;4482,75;4444,93;4482,75;4428,26
2007-07-24;4412,06;4474,42;4481,41;4407,37
2007-07-25;4360,90;4395,61;4419,94;4339,59
2007-07-26;4252,92;4373,71;4387,00;4252,92
2007-07-27;4244,58;4237,61;4287,04;4208,16
2007-07-30;4239,18;4246,86;4265,49;4211,47
2007-07-31;4315,69;4261,12;4324,43;4261,12
2007-08-01;4237,05;4264,28;4276,00;4188,02
2007-08-02;4288,66;4262,68;4306,96;4261,27
2007-08-03;4229,19;4295,79;4304,28;4222,72
2007-08-06;4202,78;4201,66;4221,92;4181,80
2007-08-07;4276,80;4229,30;4276,80;4229,30
2007-08-08;4364,22;4296,11;4374,67;4296,11
2007-08-09;4275,18;4353,90;4353,90;4245,84
2007-08-10;4161,29;4235,01;4235,01;4139,26
2007-08-13;4255,79;4189,03;4257,94;4189,03
2007-08-14;4195,60;4237,74;4257,65;4183,66
2007-08-15;4183,06;4170,99;4192,32;4136,52
2007-08-16;4062,33;4148,74;4148,74;4060,43
2007-08-17;4157,20;4059,03;4215,57;4028,72
2007-08-20;4173,29;4180,96;4209,63;4168,64
2007-08-21;4175,07;4179,34;4197,18;4127,17
2007-08-22;4226,52;4187,51;4240,59;4187,25
2007-08-23;4225,89;4254,03;4268,54;4225,89
2007-08-24;4238,63;4212,79;4249,56;4201,80
2007-08-27;4240,95;4247,29;4261,43;4236,92
2007-08-28;4170,68;4235,28;4235,28;4164,58
2007-08-29;4193,58;4149,97;4197,64;4135,74
2007-08-30;4246,12;4215,92;4253,63;4191,83
2007-08-31;4294,56;4264,40;4313,02;4259,54
2007-09-03;4295,99;4297,96;4306,77;4288,00
2007-09-04;4324,35;4288,08;4326,96;4262,12
2007-09-05;4235,41;4312,44;4318,93;4235,41
2007-09-06;4256,12;4250,21;4268,40;4202,92
2007-09-07;4162,42;4251,68;4265,18;4154,09
2007-09-10;4136,45;4165,53;4192,78;4131,48
2007-09-11;4197,35;4161,50;4206,16;4159,93
2007-09-12;4210,69;4197,90;4215,65;4172,23
2007-09-13;4249,01;4202,37;4254,21;4180,47
2007-09-14;4221,34;4236,90;4236,90;4191,50
2007-09-17;4184,61;4215,32;4215,96;4165,37
2007-09-18;4264,42;4177,11;4268,58;4167,87
2007-09-19;4389,33;4310,52;4401,46;4310,52
2007-09-20;4366,16;4369,23;4375,76;4346,24
2007-09-21;4370,35;4355,47;4393,91;4350,89
2007-09-24;4360,63;4363,52;4375,39;4350,34
2007-09-25;4328,89;4345,83;4348,17;4303,62
2007-09-26;4364,40;4341,92;4375,41;4341,92
2007-09-27;4388,98;4384,12;4404,10;4381,39
2007-09-28;4381,71;4389,08;4395,52;4351,96
2007-10-01;4409,65;4361,59;4413,24;4344,11
2007-10-02;4427,01;4422,16;4443,77;4417,56
2007-10-03;4421,58;4428,87;4431,55;4409,13
2007-10-04;4420,39;4411,52;4436,14;4400,21
2007-10-05;4455,31;4423,36;4465,45;4423,26
2007-10-08;4435,87;4458,14;4459,49;4434,10
2007-10-09;4447,58;4433,54;4457,89;4422,58
2007-10-10;4442,61;4448,44;4455,95;4425,39
2007-10-11;4473,57;4443,37;4485,50;4442,25
2007-10-12;4476,02;4454,34;4476,02;4423,84
2007-10-15;4434,98;4474,78;4477,95;4430,81
2007-10-16;4420,91;4422,66;4424,13;4399,31
2007-10-17;4441,80;4415,17;4455,37;4410,29
2007-10-18;4420,38;4445,82;4459,57;4410,62
2007-10-19;4411,26;4410,75;4431,42;4402,14
2007-10-22;4356,24;4408,78;4408,78;4332,45
2007-10-23;4378,42;4368,27;4396,13;4368,27
2007-10-24;4357,14;4378,99;4391,51;4344,40
2007-10-25;4412,12;4378,81;4422,14;4378,71
2007-10-26;4440,23;4416,61;4449,36;4404,28
2007-10-29;4471,46;4453,42;4476,44;4453,42
2007-10-30;4462,95;4466,46;4468,07;4455,87
2007-10-31;4489,79;4463,14;4489,79;4455,03
2007-11-01;4415,27;4491,64;4497,32;4399,08
2007-11-02;4410,08;4398,23;4417,14;4378,85
2007-11-05;4392,80;4398,31;4400,25;4373,72
2007-11-06;4407,34;4400,35;4421,27;4398,99
2007-11-07;4400,34;4416,99;4429,68;4356,71
2007-11-08;4363,60;4379,93;4391,22;4333,88
2007-11-09;4297,83;4367,72;4392,55;4279,16
2007-11-12;4302,88;4290,58;4303,90;4262,69
2007-11-13;4311,98;4296,19;4316,68;4270,34
2007-11-14;4338,28;4336,23;4364,33;4326,24
2007-11-15;4301,44;4330,77;4344,77;4282,93
2007-11-16;4282,40;4283,12;4300,38;4254,91
2007-11-19;4226,70;4282,08;4299,64;4223,82
2007-11-20;4277,24;4234,14;4284,32;4217,93
2007-11-21;4195,58;4247,49;4247,49;4176,30
2007-11-22;4208,92;4201,82;4227,47;4183,00
2007-11-23;4268,53;4207,70;4272,10;4204,96
2007-11-26;4238,00;4277,22;4307,67;4232,44
2007-11-27;4224,44;4225,39;4235,62;4183,62
2007-11-28;4321,74;4236,37;4328,77;4217,15
2007-11-29;4347,00;4336,25;4361,76;4315,02
2007-11-30;4394,95;4348,99;4406,77;4348,99
2007-12-03;4371,67;4389,01;4398,51;4365,56
2007-12-04;4339,10;4369,35;4371,94;4329,27
2007-12-05;4410,00;4354,97;4412,73;4354,97
2007-12-06;4414,66;4415,14;4452,08;4392,75
2007-12-07;4446,34;4423,14;4461,34;4423,14
2007-12-10;4465,52;4438,12;4480,27;4425,72
2007-12-11;4449,95;4469,33;4481,21;4432,37
2007-12-12;4469,47;4436,13;4502,80;4387,28
2007-12-13;4370,76;4444,51;4444,51;4368,78
2007-12-14;4384,65;4383,42;4396,67;4348,85
2007-12-17;4312,47;4369,07;4369,07;4307,34
2007-12-18;4309,14;4308,05;4361,23;4301,43
2007-12-19;4301,34;4313,85;4336,24;4279,54
2007-12-20;4314,70;4308,48;4342,41;4303,45
2007-12-21;4384,55;4331,97;4404,25;4331,97
2007-12-24;4388,38;4384,55;4384,55;4384,55
2007-12-27;4404,61;4388,76;4426,05;4388,76
2007-12-28;4404,64;4392,77;4414,95;4385,32
2007-12-31;4399,72;4404,15;4404,15;4395,61
2008-01-02;4339,23;4393,53;4411,59;4330,73
2008-01-03;4333,42;4335,91;4344,36;4312,34
2008-01-04;4270,53;4331,25;4343,46;4253,69
2008-01-07;4283,37;4268,43;4294,45;4257,22
2008-01-08;4295,23;4292,40;4330,56;4292,40
2008-01-09;4258,32;4285,34;4285,34;4246,92
2008-01-10;4237,62;4269,17;4276,09;4234,81
2008-01-11;4225,31;4233,29;4247,19;4207,71
2008-01-14;4236,68;4218,05;4257,00;4205,69
2008-01-15;4140,94;4231,25;4231,27;4140,94
2008-01-16;4108,34;4135,37;4156,49;4086,50
2008-01-17;4065,76;4126,88;4150,66;4061,03
2008-01-18;3995,17;4065,34;4110,24;3986,67
2008-01-21;3703,05;3988,42;3988,42;3700,86
2008-01-22;3753,68;3690,29;3798,60;3528,88
2008-01-23;3577,99;3777,89;3815,27;3544,02
2008-01-24;3809,07;3603,67;3809,07;3603,67
2008-01-25;3777,06;3824,28;3883,53;3763,86
2008-01-28;3765,41;3766,18;3769,70;3696,16
2008-01-29;3810,01;3778,74;3826,57;3770,70
2008-01-30;3789,31;3800,06;3810,73;3760,07
2008-01-31;3792,80;3783,02;3805,68;3704,28
2008-02-01;3867,47;3817,28;3894,89;3817,28
2008-02-04;3867,16;3876,18;3905,50;3853,58
2008-02-05;3717,08;3865,34;3865,34;3711,20
2008-02-06;3760,12;3705,22;3766,39;3689,25
2008-02-07;3699,29;3753,09;3753,09;3660,27
2008-02-08;3701,17;3715,76;3755,72;3670,31
2008-02-11;3678,16;3691,71;3720,63;3649,34
2008-02-12;3803,76;3695,36;3805,66;3669,51
2008-02-13;3803,21;3789,90;3828,49;3754,42
2008-02-14;3797,89;3823,94;3850,45;3782,68
2008-02-15;3719,28;3797,89;3813,21;3702,23
2008-02-18;3795,12;3733,33;3806,40;3733,33
2008-02-19;3805,27;3787,35;3850,42;3751,02
2008-02-20;3758,47;3790,62;3790,62;3733,81
2008-02-21;3778,21;3776,34;3826,86;3770,54
2008-02-22;3737,11;3765,36;3782,10;3713,71
2008-02-25;3798,99;3755,48;3807,76;3755,48
2008-02-26;3855,03;3811,86;3858,41;3811,86
2008-02-27;3856,69;3861,18;3872,20;3795,23
2008-02-28;3784,27;3844,72;3851,72;3776,45
2008-02-29;3724,50;3772,16;3780,52;3700,93
2008-03-03;3675,51;3715,59;3715,59;3645,55
2008-03-04;3610,20;3678,66;3700,15;3593,61
2008-03-05;3684,54;3632,59;3690,82;3628,76
2008-03-06;3617,68;3684,96;3684,96;3605,46
2008-03-07;3576,68;3607,36;3607,65;3541,47
2008-03-10;3546,10;3569,61;3591,00;3522,43
2008-03-11;3606,59;3560,47;3644,08;3545,64
2008-03-12;3647,64;3631,69;3688,67;3631,69
2008-03-13;3599,58;3627,40;3627,40;3532,22
2008-03-14;3566,59;3599,91;3663,39;3532,62
2008-03-17;3431,82;3545,99;3545,99;3417,25
2008-03-18;3558,66;3466,76;3567,83;3466,75
2008-03-19;3529,54;3577,50;3600,88;3504,32
2008-03-20;3505,90;3508,83;3523,51;3468,10
2008-03-25;3632,59;3532,56;3632,59;3532,56
2008-03-26;3611,45;3621,16;3631,73;3592,05
2008-03-27;3652,11;3608,17;3672,69;3606,06
2008-03-28;3641,05;3654,32;3668,62;3626,33
2008-03-31;3628,06;3628,08;3633,42;3576,76
2008-04-01;3753,55;3620,24;3758,59;3612,72
2008-04-02;3797,90;3768,53;3810,17;3757,96
2008-04-03;3774,94;3800,31;3804,87;3747,85
2008-04-04;3795,20;3782,62;3809,87;3751,96
2008-04-07;3828,46;3817,13;3841,91;3799,64
2008-04-08;3810,51;3808,49;3819,77;3783,57
2008-04-09;3775,93;3793,85;3810,48;3772,41
2008-04-10;3758,05;3767,76;3771,24;3706,41
2008-04-11;3699,99;3777,42;3791,74;3683,88
2008-04-14;3671,28;3674,23;3692,03;3654,60
2008-04-15;3690,75;3687,63;3715,56;3657,32
2008-04-16;3748,56;3718,10;3752,13;3701,51
2008-04-17;3725,23;3758,47;3774,01;3714,98
2008-04-18;3808,59;3733,59;3820,36;3730,39
2008-04-21;3769,89;3806,76;3811,27;3751,86
2008-04-22;3736,12;3752,83;3775,55;3720,49
2008-04-23;3763,55;3743,06;3770,49;3697,94
2008-04-24;3761,96;3747,83;3768,27;3707,23
2008-04-25;3794,39;3773,32;3818,54;3771,67
2008-04-28;3814,76;3803,15;3830,24;3798,87
2008-04-29;3793,63;3802,11;3808,77;3780,39
2008-04-30;3825,02;3794,01;3830,91;3773,09
2008-05-01;3825,02;3825,02;3825,02;3825,02
2008-05-02;3877,50;2488,26;3900,30;3835,38
2008-05-05;3872,15;2488,26;3881,90;3859,16
2008-05-06;3845,08;2488,26;3875,84;3821,76
2008-05-07;3871,78;2488,26;3888,84;3847,20
2008-05-08;3855,86;2488,26;3861,91;3829,93
2008-05-09;3801,59;2488,26;3831,52;3778,45
2008-05-12;3812,69;2488,26;3831,49;3798,01
2008-05-13;3817,07;2488,26;3835,12;3784,95
2008-05-14;3857,46;2488,26;3867,59;3810,80
2008-05-15;3854,86;2488,26;3858,58;3830,67
2008-05-16;3862,91;2488,26;3893,68;3850,90
2008-05-19;3882,28;2488,26;3882,28;3842,91
2008-05-20;3822,31;2488,26;3864,73;3816,72
2008-05-21;3794,13;2488,26;3837,20;3780,68
2008-05-22;3793,03;2488,26;3804,98;3752,66
2008-05-23;3725,82;2488,26;3789,75;3725,82
2008-05-26;3724,90;2488,26;3730,76;3712,28
2008-05-27;3711,03;2488,26;3739,31;3695,40
2008-05-28;3743,18;2488,26;3771,42;3710,86
2008-05-29;3752,24;2488,26;3774,25;3731,76
2008-05-30;3777,85;2488,26;3790,52;3758,44
2008-06-02;3720,50;2488,26;3777,97;3715,50
2008-06-03;3737,34;2488,26;3739,55;3701,97
2008-06-04;3699,05;2488,26;3730,99;3666,78
2008-06-05;3682,83;2488,26;3715,00;3662,34
2008-06-06;3596,70;2488,26;3717,62;3596,63
2008-06-09;3597,34;2488,26;3612,31;3569,99
2008-06-10;3574,70;2488,26;3592,98;3543,97
2008-06-11;3509,39;2488,26;3604,26;3505,16
2008-06-12;3542,59;2488,26;3555,35;3511,97
2008-06-13;3562,67;2488,26;3569,22;3503,80
2008-06-16;3532,83;2488,26;3563,03;3502,68
2008-06-17;3555,58;2488,26;3583,56;3540,16
2008-06-18;3507,97;2488,26;3550,55;3494,13
2008-06-19;3486,71;2488,26;3518,87;3485,01
2008-06-20;3426,58;2488,26;3506,42;3401,80
2008-06-23;3427,33;2488,26;3449,32;3412,68
2008-06-24;3404,52;2488,26;3446,74;3364,69
2008-06-25;3460,40;2488,26;3461,78;3413,37
2008-06-26;3366,35;2488,26;3441,92;3366,35
2008-06-27;3340,27;2488,26;3363,53;3304,06
2008-06-30;3352,81;2488,26;3358,80;3298,05
2008-07-01;3292,86;2488,26;3345,04;3266,81
2008-07-02;3288,52;2488,26;3335,05;3276,46
2008-07-03;3330,90;2488,26;3342,95;3238,44
2008-07-04;3275,20;2488,26;3342,00;3270,83
2008-07-07;3332,66;2488,26;3339,82;3283,21
2008-07-08;3287,60;2488,26;3305,07;3247,63
2008-07-09;3342,48;2488,26;3344,36;3307,46
2008-07-10;3283,01;2488,26;3325,11;3265,21
2008-07-11;3197,78;2488,26;3303,42;3197,78
2008-07-14;3216,24;2488,26;3251,29;3213,82
2008-07-15;3142,73;2488,26;3193,06;3107,42
2008-07-16;3174,76;2488,26;3181,53;3089,50
2008-07-17;3256,09;2488,26;3278,00;3199,58
2008-07-18;3321,53;2488,26;3321,66;3231,13
2008-07-21;3333,92;2488,26;3365,06;3293,62
2008-07-22;3326,24;2488,26;3329,56;3265,71
2008-07-23;3387,50;2488,26;3396,68;3351,98
2008-07-24;3354,58;2488,26;3410,71;3345,49
2008-07-25;3351,13;2488,26;3365,80;3300,01
2008-07-28;3313,41;2488,26;3345,84;3309,27
2008-07-29;3324,86;2488,26;3337,57;3265,91
2008-07-30;3367,33;2488,26;3389,37;3336,92
2008-07-31;3367,82;2488,26;3402,12;3342,06
2008-08-01;3316,61;2488,26;3364,22;3307,20
2008-08-04;3289,26;2488,26;3320,35;3279,56
2008-08-05;3380,09;2488,26;3383,11;3291,24
2008-08-06;3409,02;2488,26;3413,18;3377,99
2008-08-07;3397,25;2488,26;3442,41;3390,68
2008-08-08;3408,48;2488,26;3414,02;3346,24
2008-08-11;3445,66;2488,26;3445,66;3404,73
2008-08-12;3436,85;2488,26;3456,81;3415,18
2008-08-13;3354,75;2488,26;3425,48;3354,11
2008-08-14;3356,84;2488,26;3384,83;3325,65
2008-08-15;3367,62;2488,26;3392,98;3348,29
2008-08-18;3366,09;2488,26;3397,30;3332,64
2008-08-19;3279,75;2488,26;3345,28;3278,24
2008-08-20;3295,28;2488,26;3303,90;3264,86
2008-08-21;3248,92;2488,26;3281,65;3243,75
2008-08-22;3312,41;2488,26;3314,16;3246,34
2008-08-25;3280,41;2488,26;3311,84;3277,77
2008-08-26;3297,42;2488,26;3308,64;3245,26
2008-08-27;3299,15;2488,26;3313,82;3260,47
2008-08-28;3359,42;2488,26;3372,34;3274,54
2008-08-29;3365,63;2488,26;3383,83;3350,29
2008-09-01;3364,40;2488,26;3377,47;3331,43
2008-09-02;3416,46;2488,26;3431,08;3344,69
2008-09-03;3368,97;2488,26;3399,52;3366,75
2008-09-04;3274,82;2488,26;3380,01;3272,41
2008-09-05;3185,83;2488,26;3258,09;3173,10
2008-09-08;3284,12;2488,26;3329,68;3215,44
2008-09-09;3261,07;2488,26;3317,42;3245,52
2008-09-10;3242,02;2488,26;3269,59;3215,52
2008-09-11;3222,10;2488,26;3237,46;3175,16
2008-09-12;3278,02;2488,26;3278,02;3224,03
2008-09-15;3151,17;2488,26;3241,75;3090,69
2008-09-16;3088,43;2488,26;3127,85;3027,78
2008-09-17;3018,77;2488,26;3143,59;3007,94
2008-09-18;3000,83;2488,26;3071,16;2978,45
2008-09-19;3253,52;2488,26;3253,52;3023,56
2008-09-22;3181,77;2488,26;3277,45;3181,77
2008-09-23;3139,83;2488,26;3170,75;3118,29
2008-09-24;3119,83;2488,26;3159,34;3110,58
2008-09-25;3207,11;2488,26;3208,92;3117,97
2008-09-26;3156,46;2488,26;3185,27;3120,57
2008-09-29;3008,19;2488,26;3153,16;3008,19
2008-09-30;3038,20;2488,26;3041,36;2924,13
2008-10-01;3067,35;2488,26;3067,35;3019,01
2008-10-02;3007,51;2488,26;3113,87;3003,58
2008-10-03;3113,82;2488,26;3130,25;3000,94
2008-10-06;2868,97;2488,26;3082,24;2840,38
2008-10-07;2879,45;2488,26;2962,13;2835,87
2008-10-08;2694,55;2488,26;2877,23;2635,53
2008-10-09;2629,04;2488,26;2771,57;2594,22
2008-10-10;2421,87;2488,26;2620,87;2326,99
2008-10-13;2688,32;2488,26;2688,32;2442,25
2008-10-14;2756,74;2488,26;2855,57;2705,23
2008-10-15;2578,06;2488,26;2753,60;2550,36
2008-10-16;2423,80;2488,26;2571,37;2378,73
2008-10-17;2532,17;2488,26;2556,85;2417,86
2008-10-20;2613,68;2488,26;2620,23;2549,29
2008-10-21;2598,97;2488,26;2656,78;2574,04
2008-10-22;2457,97;2488,26;2574,67;2448,05
2008-10-23;2452,03;2488,26;2471,83;2356,82
2008-10-24;2333,28;2488,26;2416,31;2182,75
2008-10-27;2293,05;2488,26;2336,56;2178,73
2008-10-28;2381,68;2488,26;2398,46;2292,34
2008-10-29;2515,24;2488,26;2518,28;2385,85
2008-10-30;2528,04;2488,26;2596,90;2487,35
2008-10-31;2591,76;2488,26;2599,31;2479,21
2008-11-03;2610,04;2488,26;2621,10;2570,29
2008-11-04;2755,12;2488,26;2755,12;2604,49
2008-11-05;2710,65;2488,26;2753,24;2678,65
2008-11-06;2542,04;2488,26;2682,41;2538,78
2008-11-07;2602,54;2488,26;2630,06;2502,81
2008-11-10;2625,84;2488,26;2697,32;2614,90
2008-11-11;2483,61;2488,26;2605,54;2480,70
2008-11-12;2400,74;2488,26;2540,00;2383,16
2008-11-13;2429,94;2488,26;2451,64;2364,74
2008-11-14;2456,43;2488,26;2527,33;2444,15
2008-11-17;2364,83;2488,26;2460,10;2349,78
2008-11-18;2390,10;2488,26;2398,61;2306,89
2008-11-19;2295,36;2488,26;2390,46;2293,87
2008-11-20;2225,99;2488,26;2280,96;2171,20
2008-11-21;2165,91;2488,26;2266,59;2128,29
2008-11-24;2380,30;2488,26;2380,30;2188,39
2008-11-25;2385,90;2488,26;2441,38;2320,87
2008-11-26;2373,82;2488,26;2398,44;2308,96
2008-11-27;2427,97;2488,26;2431,77;2393,97
2008-11-28;2430,31;2488,26;2436,45;2376,78
2008-12-01;2288,39;2488,26;2430,18;2284,40
2008-12-02;2354,13;2488,26;2360,93;2237,34
2008-12-03;2369,52;2488,26;2380,37;2285,47
2008-12-04;2368,72;2488,26;2435,22;2327,66
2008-12-05;2252,09;2488,26;2353,37;2227,09
2008-12-08;2449,28;2488,26;2456,24;2278,06
2008-12-09;2480,79;2488,26;2512,59;2404,97
2008-12-10;2495,58;2488,26;2505,46;2458,70
2008-12-11;2485,39;2486,59;2513,43;2455,05
2008-12-12;2418,91;2425,46;2456,01;2339,57
2008-12-15;2407,47;2448,32;2462,50;2390,65
2008-12-16;2450,36;2406,06;2450,36;2400,21
2008-12-17;2444,46;2482,25;2482,25;2408,39
2008-12-18;2452,42;2453,19;2469,47;2430,78
2008-12-19;2444,14;2425,02;2470,92;2396,81
2008-12-22;2397,65;2429,97;2435,27;2391,17
2008-12-23;2382,14;2397,12;2424,32;2382,14
2008-12-24;2377,42;2382,14;2382,14;2382,14
2008-12-29;2388,30;2389,95;2410,25;2371,29
2008-12-30;2451,48;2410,16;2451,48;2404,94
2008-12-31;2447,62;2451,48;2451,48;2451,48
2009-01-02;2536,47;2469,27;2536,47;2451,69
2009-01-05;2553,41;2557,92;2563,96;2527,33
2009-01-06;2578,43;2561,55;2608,15;2542,69
2009-01-07;2538,55;2568,93;2572,07;2520,61
2009-01-08;2516,56;2512,59;2532,05;2481,67
2009-01-09;2486,59;2524,74;2543,83;2466,14
2009-01-12;2451,87;2479,09;2491,09;2447,59
2009-01-13;2411,28;2439,65;2445,04;2385,04
2009-01-14;2298,46;2424,18;2426,29;2274,62
2009-01-15;2257,67;2303,95;2312,83;2235,30
2009-01-16;2281,45;2290,30;2343,11;2278,20
2009-01-19;2252,39;2310,01;2326,45;2222,44
2009-01-20;2200,80;2246,33;2284,08;2191,68
2009-01-21;2188,43;2179,96;2223,27;2142,73
2009-01-22;2160,07;2217,69;2247,56;2150,94
2009-01-23;2147,87;2154,78;2167,52;2086,09
2009-01-26;2226,77;2138,61;2241,69;2133,09
2009-01-27;2224,62;2228,76;2239,15;2191,26
2009-01-28;2322,78;2242,57;2330,95;2240,11
2009-01-29;2269,40;2306,04;2313,55;2250,86
2009-01-30;2236,98;2261,33;2279,49;2221,71
2009-02-02;2198,74;2208,22;2214,75;2157,29
2009-02-03;2244,89;2213,96;2248,17;2179,40
2009-02-04;2297,73;2256,57;2321,42;2243,84
2009-02-05;2293,23;2259,48;2296,98;2226,60
2009-02-06;2343,66;2307,70;2355,79;2286,76
2009-02-09;2348,95;2328,04;2358,44;2316,35
2009-02-10;2268,15;2326,56;2344,62;2268,15
2009-02-11;2267,90;2260,29;2275,37;2242,13
2009-02-12;2214,95;2256,70;2258,88;2192,53
2009-02-13;2228,29;2242,38;2267,53;2219,96
2009-02-16;2193,64;2212,13;2222,12;2193,18
2009-02-17;2119,98;2169,11;2176,76;2109,00
2009-02-18;2118,47;2132,80;2136,36;2077,49
2009-02-19;2114,84;2129,33;2145,50;2107,92
2009-02-20;2011,68;2085,63;2098,40;2011,68
2009-02-23;1991,63;2042,63;2063,04;1984,07
2009-02-24;1977,50;1978,23;1994,31;1945,28
2009-02-25;1965,26;1996,79;2018,51;1937,15
2009-02-26;2021,14;1990,24;2038,22;1978,83
2009-02-27;1976,23;1998,12;2005,62;1939,32
2009-03-02;1882,79;1941,66;1963,79;1882,79
2009-03-03;1864,73;1891,74;1906,51;1862,67
2009-03-04;1943,46;1889,19;1943,46;1883,69
2009-03-05;1852,25;1926,05;1934,06;1852,25
2009-03-06;1817,24;1852,98;1868,37;1807,56
2009-03-09;1809,98;1822,69;1823,25;1765,49
2009-03-10;1919,53;1817,22;1925,94;1804,09
2009-03-11;1932,79;1912,72;1982,32;1889,13
2009-03-12;1962,64;1913,29;1966,41;1877,79
2009-03-13;1969,52;1990,38;2016,78;1961,58
2009-03-16;2033,72;1993,75;2034,87;1987,83
2009-03-17;2012,25;2018,26;2032,47;1984,03
2009-03-18;2019,19;2029,27;2052,47;1988,78
2009-03-19;2039,58;2032,08;2087,77;2024,49
2009-03-20;2050,96;2020,68;2055,01;2006,25
2009-03-23;2121,72;2074,59;2124,46;2061,50
2009-03-24;2127,37;2139,32;2158,75;2105,59
2009-03-25;2149,18;2114,23;2167,29;2106,89
2009-03-26;2156,97;2151,41;2159,54;2130,03
2009-03-27;2118,76;2157,00;2163,05;2103,99
2009-03-30;2010,61;2091,74;2103,96;2010,61
2009-03-31;2071,13;2024,22;2071,36;2019,15
2009-04-01;2097,57;2060,24;2103,39;2021,53
2009-04-02;2216,49;2132,90;2222,35;2111,64
2009-04-03;2198,75;2202,53;2239,61;2186,82
2009-04-06;2179,73;2224,07;2242,18;2158,11
2009-04-07;2165,56;2186,85;2193,58;2139,73
2009-04-08;2186,79;2138,05;2192,94;2122,50
2009-04-09;2247,89;2204,77;2256,93;2195,15
2009-04-14;2278,65;2256,35;2298,91;2243,95
2009-04-15;2262,96;2256,27;2276,60;2242,59
2009-04-16;2300,51;2273,63;2317,85;2255,15
2009-04-17;2341,15;2309,84;2341,15;2294,27
2009-04-20;2249,44;2335,47;2342,33;2240,84
2009-04-21;2243,63;2249,33;2271,09;2186,03
2009-04-22;2285,69;2246,76;2287,02;2218,32
2009-04-23;2259,54;2258,82;2297,87;2250,68
2009-04-24;2319,89;2266,12;2319,89;2261,76
2009-04-27;2317,36;2299,27;2322,59;2269,49
2009-04-28;2280,52;2287,29;2301,74;2250,52
2009-04-29;2334,59;2288,72;2343,64;2287,41
2009-04-30;2375,34;2348,31;2400,69;2342,64
2009-05-01;2375,34;2375,34;2375,34;2375,34
2009-05-04;2419,53;2377,27;2422,36;2372,60
2009-05-05;2407,55;2421,09;2437,86;2399,09
2009-05-06;2437,27;2395,04;2460,77;2394,33
2009-05-07;2406,08;2454,14;2488,93;2399,93
2009-05-08;2462,39;2430,53;2483,44;2419,05
2009-05-11;2433,59;2464,35;2465,76;2413,23
2009-05-12;2424,34;2409,31;2453,33;2406,51
2009-05-13;2357,30;2432,21;2438,52;2353,29
2009-05-14;2353,53;2353,45;2361,31;2319,05
2009-05-15;2364,10;2371,59;2379,90;2336,99
2009-05-18;2422,74;2339,60;2422,74;2318,26
2009-05-19;2459,59;2434,98;2475,03;2433,18
2009-05-20;2487,17;2454,47;2499,64;2451,41
2009-05-21;2423,72;2462,11;2466,75;2414,57
2009-05-22;2433,52;2428,82;2457,51;2413,11
2009-05-25;2440,23;2440,05;2447,94;2391,80
2009-05-26;2468,45;2428,00;2472,89;2389,26
2009-05-27;2479,48;2477,76;2489,78;2461,27
2009-05-28;2453,15;2449,24;2475,64;2429,51
2009-05-29;2451,24;2482,03;2487,89;2447,51
2009-06-01;2537,35;2486,90;2542,18;2504,11
2009-06-02;2534,17;2517,86;2549,32;2512,89
2009-06-03;2483,39;2539,61;2540,79;2471,77
2009-06-04;2487,08;2486,64;2507,69;2477,06
2009-06-05;2503,17;2504,85;2544,22;2487,69
2009-06-08;2468,37;2495,37;2497,26;2452,80
2009-06-09;2479,38;2485,16;2499,47;2469,91
2009-06-10;2500,94;2508,02;2536,23;2494,40
2009-06-11;2522,33;2493,76;2528,59;2491,96
2009-06-12;2509,22;2516,19;2522,52;2497,50
2009-06-15;2431,40;2495,75;2498,73;2427,54
2009-06-16;2425,97;2435,82;2450,74;2421,56
2009-06-17;2383,71;2416,57;2420,48;2365,18
2009-06-18;2414,44;2390,14;2421,05;2369,77
2009-06-19;2434,77;2415,70;2447,94;2405,86
2009-06-22;2359,28;2434,08;2435,00;2359,28
2009-06-23;2353,48;2346,11;2374,16;2343,02
2009-06-24;2418,46;2364,79;2423,08;2347,91
2009-06-25;2402,32;2410,96;2419,31;2361,31
2009-06-26;2389,91;2413,14;2434,75;2379,02
2009-06-29;2437,72;2385,10;2444,00;2382,02
2009-06-30;2401,69;2446,18;2446,18;2390,55
2009-07-01;2449,73;2411,42;2459,89;2410,08
2009-07-02;2369,65;2436,96;2441,94;2369,65
2009-07-03;2376,48;2380,28;2384,06;2354,58
2009-07-06;2343,88;2356,26;2360,62;2324,56
2009-07-07;2320,90;2355,71;2370,12;2319,47
2009-07-08;2291,33;2311,30;2321,12;2284,03
2009-07-09;2313,87;2302,20;2335,89;2299,71
2009-07-10;2281,47;2301,10;2312,80;2277,50
2009-07-13;2345,22;2273,53;2345,22;2258,60
2009-07-14;2370,71;2354,53;2380,44;2344,67
2009-07-15;2451,02;2386,02;2451,02;2381,59
2009-07-16;2458,97;2446,44;2483,50;2437,62
2009-07-17;2469,20;2474,95;2485,59;2455,81
2009-07-20;2500,69;2490,95;2511,53;2482,80
2009-07-21;2519,99;2503,03;2548,16;2497,64
2009-07-22;2528,85;2522,28;2529,27;2496,54
2009-07-23;2585,79;2533,58;2591,01;2519,82
2009-07-24;2582,76;2577,71;2613,38;2568,18
2009-07-27;2601,41;2607,83;2624,56;2581,05
2009-07-28;2573,08;2606,89;2625,23;2569,97
2009-07-29;2600,31;2570,46;2618,65;2568,41
2009-07-30;2654,74;2618,50;2668,50;2602,92
2009-07-31;2638,13;2648,15;2660,73;2626,06
2009-08-03;2674,07;2635,20;2694,18;2631,67
2009-08-04;2670,96;2673,13;2675,07;2644,37
2009-08-05;2643,13;2667,96;2687,18;2632,15
2009-08-06;2662,01;2663,82;2683,95;2647,65
2009-08-07;2706,22;2654,12;2717,59;2636,37
2009-08-10;2693,61;2695,81;2700,92;2677,40
2009-08-11;2650,94;2697,17;2712,39;2643,58
2009-08-12;2688,21;2651,09;2690,13;2631,24
2009-08-13;2705,74;2693,50;2733,95;2687,47
2009-08-14;2669,41;2710,96;2724,24;2659,46
2009-08-17;2603,79;2656,36;2659,73;2588,08
2009-08-18;2630,60;2613,03;2630,60;2604,88
2009-08-19;2622,88;2610,10;2635,05;2587,25
2009-08-20;2663,67;2647,06;2670,87;2638,17
2009-08-21;2745,62;2652,99;2749,89;2652,99
2009-08-24;2778,34;2751,67;2784,53;2750,73
2009-08-25;2801,14;2758,62;2807,17;2753,89
2009-08-26;2788,90;2793,42;2812,13;2779,69
2009-08-27;2777,62;2783,93;2803,11;2763,61
2009-08-28;2803,65;2795,88;2831,44;2790,31
2009-08-31;2775,17;2785,75;2795,66;2768,19
2009-09-01;2715,74;2786,14;2796,01;2715,74
2009-09-02;2703,76;2711,55;2715,19;2674,66
2009-09-03;2699,22;2713,35;2727,88;2688,98
2009-09-04;2743,34;2714,20;2743,62;2708,34
2009-09-07;2783,84;2759,33;2788,64;2753,55
2009-09-08;2786,25;2789,57;2801,54;2774,21
2009-09-09;2820,58;2774,55;2820,58;2772,75
2009-09-10;2817,50;2834,32;2840,10;2794,88
2009-09-11;2831,37;2827,95;2846,52;2822,41
2009-09-14;2829,25;2807,85;2832,00;2785,73
2009-09-15;2843,00;2834,21;2851,92;2818,51
2009-09-16;2882,28;2851,82;2889,54;2850,06
2009-09-17;2895,45;2900,29;2903,99;2875,70
2009-09-18;2887,24;2882,00;2913,69;2879,65
2009-09-21;2872,51;2884,97;2885,10;2849,94
2009-09-22;2881,60;2883,56;2907,06;2875,88
2009-09-23;2887,24;2881,11;2901,29;2874,57
2009-09-24;2838,22;2878,33;2906,16;2832,65
2009-09-25;2831,95;2839,69;2847,61;2819,29
2009-09-28;2899,12;2828,41;2899,12;2807,10
2009-09-29;2892,44;2902,87;2915,71;2880,24
2009-09-30;2872,63;2898,19;2909,53;2846,96
2009-10-01;2810,46;2876,82;2892,97;2810,15
2009-10-02;2760,60;2788,58;2798,93;2743,79
2009-10-05;2790,78;2763,74;2791,59;2746,85
2009-10-06;2865,70;2799,99;2866,04;2798,60
2009-10-07;2852,17;2860,00;2877,22;2847,23
2009-10-08;2887,61;2877,51;2897,74;2867,90
2009-10-09;2882,18;2875,57;2903,04;2866,25
2009-10-12;2914,35;2892,31;2929,62;2888,41
2009-10-13;2879,06;2907,70;2913,65;2869,65
2009-10-14;2950,82;2909,81;2952,29;2900,68
2009-10-15;2939,09;2956,23;2960,13;2926,23
2009-10-16;2893,53;2945,96;2960,61;2885,40
2009-10-19;2947,41;2907,40;2948,27;2900,37
2009-10-20;2925,08;2952,37;2962,06;2922,14
2009-10-21;2936,83;2937,25;2949,42;2885,13
2009-10-22;2902,19;2912,73;2918,13;2878,83
2009-10-23;2886,08;2917,07;2944,78;2883,59
2009-10-26;2834,82;2895,76;2907,02;2826,95
2009-10-27;2835,17;2836,06;2854,72;2815,66
2009-10-28;2778,46;2827,45;2829,77;2776,94
2009-10-29;2824,78;2771,35;2827,42;2759,47
2009-10-30;2743,50;2826,01;2833,86;2737,24
2009-11-02;2762,95;2735,63;2783,01;2728,11
2009-11-03;2712,30;2737,31;2741,48;2693,80
2009-11-04;2763,29;2732,64;2773,30;2728,84
2009-11-05;2793,44;2737,93;2808,69;2719,22
2009-11-06;2794,25;2788,69;2807,08;2754,06
2009-11-09;2860,11;2816,48;2860,31;2810,60
2009-11-10;2856,44;2862,70;2873,31;2849,62
2009-11-11;2881,01;2876,94;2902,50;2873,00
2009-11-12;2876,92;2871,53;2904,88;2860,81
2009-11-13;2883,04;2871,70;2886,21;2851,10
2009-11-16;2926,15;2904,11;2930,82;2895,49
2009-11-17;2906,92;2915,89;2923,54;2900,33
2009-11-18;2908,53;2918,39;2933,96;2900,81
2009-11-19;2860,29;2905,37;2908,43;2853,55
2009-11-20;2833,06;2870,24;2880,26;2824,88
2009-11-23;2898,19;2854,92;2906,56;2848,09
2009-11-24;2877,58;2877,39;2901,87;2868,24
2009-11-25;2896,90;2897,45;2910,22;2875,59
2009-11-26;2799,44;2879,37;2887,70;2794,99
2009-11-27;2831,14;2769,42;2849,42;2757,02
2009-11-30;2797,25;2837,55;2843,33;2791,78
2009-12-01;2871,75;2820,99;2871,75;2817,16
2009-12-02;2877,94;2869,05;2893,94;2860,69
2009-12-03;2876,14;2891,56;2911,13;2869,35
2009-12-04;2910,33;2866,07;2930,01;2854,46
2009-12-07;2896,23;2899,89;2907,82;2876,59
2009-12-08;2849,17;2887,81;2906,77;2834,89
2009-12-09;2818,10;2840,49;2858,26;2802,39
2009-12-10;2851,29;2816,68;2857,39;2811,02
2009-12-11;2862,32;2855,72;2884,67;2853,93
2009-12-14;2885,00;2886,46;2897,23;2871,62
2009-12-15;2888,58;2887,40;2893,14;2855,63
2009-12-16;2926,52;2891,82;2926,52;2890,30
2009-12-17;2891,66;2906,53;2916,08;2882,82
2009-12-18;2871,22;2891,90;2921,25;2869,38
2009-12-21;2926,05;2883,85;2926,05;2875,79
2009-12-22;2945,71;2931,27;2961,85;2927,87
2009-12-23;2957,48;2961,77;2969,13;2946,25
2009-12-24;2957,03;2975,59;2984,45;2970,01
2009-12-28;2982,42;2975,59;2984,45;2970,01
2009-12-29;2992,08;2989,89;3001,56;2985,14
2009-12-30;2966,24;2986,96;2993,81;2964,87
2009-12-31;2964,96;2976,09;3017,80;2974,86
2010-01-04;3017,80;2976,09;3017,80;2974,86
2010-01-05;3012,36;3014,56;3025,60;3006,47
2010-01-06;3009,66;3013,06;3016,83;2997,05
2010-01-07;3007,34;2997,37;3013,90;2979,80
2010-01-08;3017,85;3016,38;3024,58;2993,73
2010-01-11;3010,24;3032,17;3044,37;3007,34
2010-01-12;2976,89;3010,92;3019,17;2966,15
2010-01-13;2978,41;2966,94;2986,22;2964,11
2010-01-14;2989,71;2995,36;3001,58;2972,54
2010-01-15;2940,25;2997,41;3008,82;2939,04
2010-01-18;2957,87;2951,20;2960,53;2939,16
2010-01-19;2984,82;2949,86;2990,50;2923,57
2010-01-20;2914,60;2974,79;2984,36;2904,88
2010-01-21;2863,25;2918,30;2943,95;2863,25
2010-01-22;2836,80;2847,50;2860,96;2806,51
2010-01-25;2807,30;2819,11;2845,15;2806,46
2010-01-26;2827,74;2785,97;2828,27;2776,67
2010-01-27;2787,40;2795,65;2813,23;2769,58
2010-01-28;2737,33;2813,82;2825,27;2737,33
2010-01-29;2776,83;2755,88;2800,00;2742,50
2010-02-01;2793,29;2756,45;2801,70;2748,73
2010-02-02;2830,01;2798,26;2833,62;2778,11
2010-02-03;2804,61;2835,56;2842,61;2799,28
2010-02-04;2707,45;2803,46;2812,98;2704,95
2010-02-05;2631,64;2692,59;2699,00;2631,64
2010-02-08;2664,29;2658,24;2673,27;2617,77
2010-02-09;2668,43;2659,07;2688,25;2643,64
2010-02-10;2700,17;2692,52;2725,41;2681,44
2010-02-11;2680,25;2715,33;2727,69;2653,84
2010-02-12;2674,46;2700,85;2712,62;2657,39
2010-02-15;2683,83;2688,23;2705,28;2676,85
2010-02-16;2720,77;2702,23;2720,77;2676,49
2010-02-17;2762,25;2743,95;2779,29;2736,31
2010-02-18;2778,30;2757,13;2781,31;2749,43
2010-02-19;2793,37;2755,77;2795,83;2747,62
2010-02-22;2778,12;2802,38;2804,30;2775,72
2010-02-23;2730,57;2793,91;2801,20;2722,37
2010-02-24;2734,95;2734,95;2744,06;2707,09
2010-02-25;2684,42;2721,97;2743,81;2677,21
2010-02-26;2728,47;2709,37;2730,22;2684,60
2010-03-01;2772,70;2750,56;2775,06;2737,07
2010-03-02;2796,33;2773,87;2796,66;2762,76
2010-03-03;2822,59;2788,77;2826,14;2777,25
2010-03-04;2816,10;2803,70;2832,70;2797,97
2010-03-05;2877,44;2826,10;2877,44;2821,35
2010-03-08;2879,29;2887,77;2890,37;2875,49
2010-03-09;2880,71;2883,39;2888,59;2857,23
2010-03-10;2909,40;2879,20;2912,34;2874,72
2010-03-11;2895,74;2897,11;2910,86;2882,81
2010-03-12;2898,36;2900,55;2921,80;2892,90
2010-03-15;2870,55;2895,55;2895,94;2868,45
2010-03-16;2905,93;2885,80;2913,28;2880,72
2010-03-17;2931,31;2921,98;2936,37;2915,17
2010-03-18;2913,74;2919,60;2931,41;2903,20
2010-03-19;2897,95;2924,35;2933,51;2884,80
2010-03-22;2890,75;2887,20;2890,75;2849,14
2010-03-23;2910,52;2891,83;2916,93;2889,83
2010-03-24;2903,94;2914,58;2920,92;2871,08
2010-03-25;2948,09;2907,15;2952,29;2902,11
2010-03-26;2940,94;2943,59;2952,49;2933,64
2010-03-29;2947,49;2951,27;2961,62;2930,18
2010-03-30;2939,68;2960,25;2969,20;2935,22
2010-03-31;2931,16;2934,07;2947,17;2910,09
2010-04-01;2978,50;2947,76;2980,83;2941,46
2010-04-06;2989,49;2989,44;2998,29;2964,39
2010-04-07;2974,62;2987,48;2990,90;2968,14
2010-04-08;2942,31;2961,77;2966,09;2923,28
2010-04-09;2993,54;2964,36;2993,54;2959,57
2010-04-12;3002,23;3012,06;3019,49;2987,46
2010-04-13;2988,24;2995,59;3006,40;2977,49
2010-04-14;3008,03;3004,37;3020,77;2998,58
2010-04-15;3012,65;3013,45;3023,10;2987,84
2010-04-16;2949,65;2998,55;3027,14;2940,38
2010-04-19;2940,19;2936,73;2952,93;2923,82
2010-04-20;2983,91;2948,71;2985,57;2938,82
2010-04-21;2947,64;2989,86;2990,05;2946,45
2010-04-22;2897,59;2943,47;2966,30;2884,84
2010-04-23;2918,11;2899,53;2931,37;2882,09
2010-04-26;2947,04;2946,94;2962,94;2932,26
2010-04-27;2838,78;2943,17;2943,22;2838,78
2010-04-28;2788,54;2818,55;2839,03;2762,15
2010-04-29;2828,12;2799,93;2840,87;2779,81
2010-04-30;2816,86;2825,80;2850,49;2791,08
2010-05-03;2816,50;2804,41;2828,79;2780,51
2010-05-04;2708,12;2812,65;2819,25;2701,98
2010-05-05;2679,30;2710,55;2725,67;2656,05
2010-05-06;2611,41;2646,50;2701,06;2591,35
2010-05-07;2500,18;2554,50;2611,98;2472,10
2010-05-10;2758,89;2538,01;2758,89;2531,43
2010-05-11;2730,48;2711,46;2733,14;2671,66
2010-05-12;2764,31;2718,19;2787,64;2695,91
2010-05-13;2764,05;2785,68;2787,70;2740,41
2010-05-14;2633,92;2744,51;2755,83;2616,98
2010-05-17;2635,34;2618,86;2675,16;2604,57
2010-05-18;2698,21;2669,83;2713,47;2655,87
2010-05-19;2619,48;2655,79;2669,11;2594,72
2010-05-20;2569,58;2632,82;2656,45;2516,98
2010-05-21;2574,18;2564,76;2586,90;2497,32
2010-05-24;2558,27;2588,59;2600,45;2533,61
2010-05-25;2488,50;2502,31;2504,97;2448,10
2010-05-26;2530,34;2526,00;2567,45;2516,48
2010-05-27;2619,36;2547,33;2621,70;2534,89
2010-05-28;2614,06;2635,14;2637,59;2603,48
2010-05-31;2610,26;2603,27;2622,32;2600,20
2010-06-01;2606,58;2596,10;2619,50;2539,39
2010-06-02;2601,98;2585,64;2606,29;2551,63
2010-06-03;2634,16;2643,85;2668,56;2629,61
2010-06-04;2553,59;2641,58;2655,17;2542,90
2010-06-07;2529,97;2520,77;2558,94;2501,65
2010-06-08;2510,84;2540,53;2541,24;2475,71
2010-06-09;2556,68;2529,92;2556,68;2494,73
2010-06-10;2608,74;2538,57;2623,05;2523,24
2010-06-11;2638,31;2621,03;2651,39;2602,25
2010-06-14;2683,46;2656,24;2687,52;2653,30
2010-06-15;2716,30;2661,91;2723,55;2656,08
2010-06-16;2718,73;2733,13;2736,93;2691,87
2010-06-17;2728,12;2714,91;2746,66;2707,71
2010-06-18;2737,02;2731,22;2748,33;2715,31
2010-06-21;2768,27;2771,87;2788,73;2756,62
2010-06-22;2745,97;2744,15;2761,35;2719,72
2010-06-23;2704,80;2717,57;2740,46;2691,67
2010-06-24;2645,32;2720,21;2721,65;2636,05
2010-06-25;2629,25;2647,08;2663,87;2617,46
2010-06-28;2668,67;2636,45;2671,48;2618,97
2010-06-29;2556,34;2643,24;2643,24;2555,54
2010-06-30;2573,32;2565,02;2596,90;2549,22
2010-07-01;2518,65;2536,98;2560,52;2502,50
2010-07-02;2522,36;2536,40;2562,22;2519,88
2010-07-05;2507,83;2527,79;2531,88;2506,63
2010-07-06;2578,69;2519,80;2602,79;2519,80
2010-07-07;2634,39;2562,60;2634,39;2533,07
2010-07-08;2666,42;2646,97;2676,75;2643,47
2010-07-09;2681,20;2678,26;2690,52;2668,50
2010-07-12;2686,09;2686,80;2702,73;2671,27
2010-07-13;2737,59;2688,23;2739,99;2685,54
2010-07-14;2738,96;2744,71;2749,80;2711,81
2010-07-15;2702,81;2730,77;2752,14;2690,64
2010-07-16;2645,61;2710,81;2727,62;2634,29
2010-07-19;2634,60;2639,36;2675,06;2626,86
2010-07-20;2627,28;2650,64;2658,84;2586,49
2010-07-21;2639,52;2646,45;2674,08;2634,58
2010-07-22;2714,21;2628,08;2718,35;2623,25
2010-07-23;2719,13;2710,91;2732,74;2695,70
2010-07-26;2743,12;2732,99;2743,34;2709,46
2010-07-27;2769,31;2759,19;2789,51;2757,89
2010-07-28;2766,11;2774,45;2791,24;2754,47
2010-07-29;2752,93;2770,01;2801,46;2752,93
2010-07-30;2742,14;2747,72;2766,87;2709,91
2010-08-02;2822,17;2756,00;2826,03;2756,00
2010-08-03;2818,97;2818,09;2821,98;2795,98
2010-08-04;2825,08;2817,19;2839,51;2789,85
2010-08-05;2819,34;2826,58;2849,45;2812,66
2010-08-06;2779,34;2826,86;2841,76;2766,36
2010-08-09;2827,27;2805,28;2828,52;2805,28
2010-08-10;2800,02;2820,96;2821,86;2783,64
2010-08-11;2724,16;2784,91;2784,91;2720,92
2010-08-12;2720,85;2717,37;2737,24;2698,84
2010-08-13;2708,73;2738,81;2741,69;2687,42
2010-08-16;2698,29;2713,06;2723,41;2673,20
2010-08-17;2737,69;2706,01;2738,49;2706,01
2010-08-18;2728,66;2730,71;2740,86;2709,57
2010-08-19;2675,02;2736,51;2752,47;2674,68
2010-08-20;2643,98;2674,69;2690,46;2637,72
2010-08-23;2660,84;2648,88;2683,70;2640,84
2010-08-24;2614,54;2644,47;2644,47;2586,98
2010-08-25;2587,40;2611,03;2624,10;2560,00
2010-08-26;2606,89;2603,37;2619,84;2592,43
2010-08-27;2630,35;2599,99;2632,12;2579,91
2010-08-30;2616,57;2636,83;2642,94;2608,47
2010-08-31;2622,95;2596,17;2622,95;2576,35
2010-09-01;2715,27;2629,51;2716,30;2610,46
2010-09-02;2715,19;2706,05;2725,71;2696,05
2010-09-03;2746,23;2720,13;2771,17;2716,60
2010-09-06;2753,60;2757,48;2761,54;2748,47
2010-09-07;2727,16;2747,82;2747,82;2710,45
2010-09-08;2752,89;2721,49;2759,60;2703,96
2010-09-09;2782,43;2746,63;2792,03;2735,49
2010-09-10;2780,40;2775,64;2785,43;2764,40
2010-09-13;2805,06;2800,88;2821,05;2796,70
2010-09-14;2806,47;2803,81;2813,25;2784,17
2010-09-15;2794,36;2810,98;2813,30;2777,36
2010-09-16;2784,61;2792,27;2802,21;2780,80
2010-09-17;2757,37;2806,58;2821,55;2747,97
2010-09-20;2802,67;2765,05;2806,71;2762,37
2010-09-21;2794,55;2799,77;2827,44;2792,94
2010-09-22;2752,77;2798,61;2799,96;2747,72
2010-09-23;2738,61;2768,25;2780,26;2709,78
2010-09-24;2792,75;2731,74;2797,06;2720,17
2010-09-27;2776,33;2796,94;2805,30;2774,23
2010-09-28;2774,62;2769,42;2789,32;2737,23
2010-09-29;2752,71;2782,17;2800,05;2742,77
2010-09-30;2747,90;2743,52;2796,68;2728,42
2010-10-01;2732,91;2747,93;2776,75;2719,71
2010-10-04;2701,02;2732,12;2732,94;2695,18
2010-10-05;2758,56;2699,63;2764,76;2690,88
2010-10-06;2780,00;2768,47;2793,64;2768,47
2010-10-07;2786,88;2780,71;2809,00;2757,70
2010-10-08;2785,43;2782,04;2794,11;2765,81
2010-10-11;2789,72;2790,64;2797,70;2781,98
2010-10-12;2775,75;2778,22;2780,09;2745,63
2010-10-13;2840,55;2784,60;2844,06;2784,60
2010-10-14;2836,11;2843,15;2859,96;2834,34
2010-10-15;2841,65;2840,64;2852,87;2819,06
2010-10-18;2850,72;2830,03;2856,41;2820,58
2010-10-19;2837,33;2846,63;2867,63;2827,57
2010-10-20;2851,52;2828,06;2852,99;2822,34
2010-10-21;2882,29;2848,23;2890,54;2837,57
2010-10-22;2873,74;2873,55;2887,08;2864,73
2010-10-25;2871,48;2886,29;2891,52;2864,17
2010-10-26;2856,31;2865,54;2869,74;2836,43
2010-10-27;2829,42;2845,56;2865,35;2825,66
2010-10-28;2845,53;2841,38;2863,44;2836,21
2010-10-29;2844,99;2840,12;2860,62;2825,88
2010-11-01;2836,73;2861,56;2874,28;2825,42
2010-11-02;2861,01;2830,33;2866,14;2827,40
2010-11-03;2830,43;2866,12;2872,12;2824,28
2010-11-04;2884,21;2848,68;2896,52;2848,68
2010-11-05;2875,94;2891,83;2895,26;2857,95
2010-11-08;2867,96;2871,74;2871,74;2852,58
2010-11-09;2890,64;2861,63;2902,80;2859,48
2010-11-10;2845,93;2881,33;2883,99;2832,15
2010-11-11;2831,22;2851,31;2856,44;2818,45
2010-11-12;2822,43;2804,35;2837,49;2765,65
2010-11-15;2848,45;2814,45;2856,63;2796,43
2010-11-16;2781,77;2835,42;2835,42;2781,77
2010-11-17;2802,70;2778,29;2807,62;2775,84
2010-11-18;2855,23;2818,30;2859,45;2818,30
2010-11-19;2845,75;2855,35;2857,59;2820,43
2010-11-22;2811,43;2845,92;2871,17;2804,60
2010-11-23;2739,37;2797,03;2799,96;2739,37
2010-11-24;2758,02;2746,70;2768,71;2722,90
2010-11-25;2765,05;2761,64;2768,02;2742,36
2010-11-26;2736,96;2747,69;2753,14;2707,91
2010-11-29;2669,96;2748,94;2772,36;2669,96
2010-11-30;2650,99;2672,96;2684,48;2635,08
2010-12-01;2721,87;2665,66;2727,35;2665,66
2010-12-02;2781,39;2732,17;2785,96;2704,76
2010-12-03;2782,39;2779,02;2796,03;2759,12
2010-12-06;2769,96;2784,13;2789,54;2756,22
2010-12-07;2802,74;2774,13;2823,19;2771,14
2010-12-08;2818,95;2794,07;2835,36;2782,39
2010-12-09;2840,71;2835,19;2846,87;2825,88
2010-12-10;2839,53;2846,65;2850,17;2832,89
2010-12-13;2855,37;2847,83;2867,23;2841,43
2010-12-14;2861,67;2856,90;2862,30;2842,57
2010-12-15;2841,99;2854,58;2854,58;2826,10
2010-12-16;2845,78;2839,78;2849,93;2823,91
2010-12-17;2821,77;2851,30;2853,99;2818,90
2010-12-20;2839,22;2825,15;2863,37;2821,47
2010-12-21;2876,99;2849,23;2882,76;2849,23
2010-12-22;2869,63;2876,24;2882,88;2869,63
2010-12-23;2864,52;2873,91;2875,48;2854,01
2010-12-24;2861,94;2863,16;2864,31;2859,99
2010-12-27;2826,51;2859,28;2862,32;2815,56
2010-12-28;2824,30;2831,93;2840,56;2820,84
2010-12-29;2841,23;2832,06;2851,10;2829,85
2010-12-30;2807,04;2842,93;2846,00;2802,37
2010-12-31;2792,82;2808,13;2808,28;2792,82
2011-01-03;2839,43;2807,76;2848,49;2807,76
2011-01-04;2844,17;2840,41;2868,31;2828,31
2011-01-05;2833,74;2841,82;2841,82;2788,10
2011-01-06;2836,23;2836,51;2867,23;2831,54
2011-01-07;2808,25;2829,21;2839,84;2802,37
2011-01-10;2760,88;2800,30;2800,30;2756,49
2011-01-11;2796,60;2769,62;2801,34;2763,08
2011-01-12;2879,11;2801,46;2879,74;2801,46
2011-01-13;2915,62;2880,72;2916,04;2880,72
2011-01-14;2920,40;2905,96;2925,18;2890,27
2011-01-17;2910,63;2920,70;2922,09;2902,57
2011-01-18;2945,62;2916,84;2949,59;2916,84
2011-01-19;2923,76;2949,54;2952,94;2922,74
2011-01-20;2927,42;2919,75;2943,42;2911,50
2011-01-21;2970,56;2934,59;2999,77;2934,59
2011-01-24;2979,06;2974,95;2988,33;2953,66
2011-01-25;2957,78;2986,53;2994,40;2952,98
2011-01-26;2967,78;2971,11;2990,52;2964,54
2011-01-27;2989,75;2963,31;3004,27;2952,42
2011-01-28;2954,13;2984,59;3003,49;2954,13
2011-01-31;2953,63;2951,63;2969,16;2917,98
2011-02-01;3006,81;2967,26;3010,03;2960,66
2011-02-02;3012,70;3010,52;3022,61;2996,57
2011-02-03;2995,49;3008,84;3009,82;2976,06
2011-02-04;3003,19;3002,55;3012,30;2987,42
2011-02-07;3031,18;3008,02;3041,71;3004,88
2011-02-08;3042,50;3029,83;3044,01;3019,09
2011-02-09;3031,62;3037,01;3050,60;3028,87
2011-02-10;3025,68;3026,06;3026,17;2990,44
2011-02-11;3024,37;3016,04;3038,78;2986,00
2011-02-14;3018,38;3034,75;3045,09;3011,55
2011-02-15;3030,46;3015,31;3038,80;3009,79
2011-02-16;3061,92;3035,33;3074,00;3035,33
2011-02-17;3064,54;3066,39;3072,37;3043,66
2011-02-18;3068,00;3069,28;3077,24;3046,15
2011-02-21;3012,34;3065,06;3065,73;3005,41
2011-02-22;2983,33;3003,79;3004,27;2971,49
2011-02-23;2954,92;2979,70;2992,40;2950,27
2011-02-24;2949,13;2944,30;2957,94;2930,06
2011-02-25;2985,02;2956,77;2994,22;2952,79
2011-02-28;3013,09;2983,22;3030,65;2966,09
2011-03-01;2983,27;3021,45;3041,39;2971,86
2011-03-02;2958,80;2970,11;2974,15;2940,87
2011-03-03;2969,24;2968,65;3006,24;2954,82
2011-03-04;2949,18;2974,03;2998,16;2942,62
2011-03-07;2931,42;2942,41;2976,07;2925,74
2011-03-08;2945,42;2941,48;2953,04;2909,48
2011-03-09;2935,11;2949,05;2963,02;2927,29
2011-03-10;2909,73;2914,17;2921,30;2889,10
2011-03-11;2883,84;2895,55;2898,04;2873,06
2011-03-14;2852,11;2883,84;2895,70;2844,56
2011-03-15;2784,20;2821,69;2821,69;2726,91
2011-03-16;2721,24;2794,25;2805,03;2717,74
2011-03-17;2786,16;2739,28;2798,70;2727,84
2011-03-18;2792,61;2796,71;2835,43;2788,32
2011-03-21;2860,81;2819,70;2860,82;2819,49
2011-03-22;2854,79;2862,65;2882,33;2845,26
2011-03-23;2866,23;2847,64;2866,93;2835,51
2011-03-24;2909,78;2861,13;2911,75;2848,26
2011-03-25;2911,33;2917,28;2926,02;2903,29
2011-03-28;2914,76;2908,53;2925,42;2900,79
2011-03-29;2910,93;2919,40;2921,96;2884,92
2011-03-30;2936,44;2929,06;2941,09;2925,30
2011-03-31;2910,91;2938,82;2944,75;2910,91
2011-04-01;2962,92;2923,02;2964,36;2922,96
2011-04-04;2955,84;2958,08;2968,04;2951,56
2011-04-05;2950,96;2955,36;2955,86;2932,75
2011-04-06;2971,48;2956,61;2983,90;2935,98
2011-04-07;2963,69;2972,55;2992,21;2960,45
2011-04-08;2984,66;2977,78;2991,68;2975,30
2011-04-11;2974,58;2983,40;2984,75;2965,09
2011-04-12;2932,33;2956,11;2964,22;2925,91
2011-04-13;2949,98;2942,57;2967,47;2935,54
2011-04-14;2917,72;2934,95;2938,46;2900,16
2011-04-15;2919,05;2920,37;2924,28;2902,84
2011-04-18;2847,96;2915,88;2915,88;2833,07
2011-04-19;2857,61;2856,67;2874,19;2852,12
2011-04-20;2921,43;2874,09;2925,69;2874,09
2011-04-21;2936,30;2932,34;2948,29;2925,49
2011-04-26;2955,36;2930,25;2956,98;2927,93
2011-04-27;2977,59;2957,38;2987,97;2951,57
2011-04-28;3005,33;2988,64;3009,07;2987,73
2011-04-29;3011,25;3003,96;3012,76;2994,23
2011-05-02;3008,89;3025,00;3029,68;3008,89
2011-05-03;3000,39;3006,33;3007,40;2982,24
2011-05-04;2952,02;2994,65;3008,76;2944,58
2011-05-05;2926,54;2952,26;2956,19;2906,39
2011-05-06;2952,90;2924,70;2957,29;2909,58
2011-05-09;2902,40;2942,16;2943,02;2895,55
2011-05-10;2939,02;2905,08;2949,21;2898,99
2011-05-11;2942,43;2944,07;2962,89;2935,84
2011-05-12;2917,05;2920,68;2920,68;2889,93
2011-05-13;2894,60;2922,88;2939,56;2889,83
2011-05-16;2881,31;2876,04;2888,44;2853,53
2011-05-17;2849,60;2874,78;2891,18;2849,60
2011-05-18;2867,30;2866,42;2878,28;2851,26
2011-05-19;2890,60;2877,84;2909,15;2864,94
2011-05-20;2853,98;2888,74;2910,58;2844,44
2011-05-23;2794,26;2827,62;2827,62;2790,99
2011-05-24;2801,27;2798,41;2816,65;2798,41
2011-05-25;2816,84;2787,93;2822,99;2777,73
2011-05-26;2799,82;2819,73;2834,25;2788,81
2011-05-27;2819,40;2819,61;2838,38;2809,73
2011-05-30;2814,34;2818,12;2829,02;2809,50
2011-05-31;2861,92;2830,57;2873,88;2830,57
2011-06-01;2827,66;2868,54;2871,69;2818,73
2011-06-02;2782,57;2813,65;2813,65;2782,57
2011-06-03;2789,11;2787,74;2794,26;2751,04
2011-06-06;2765,33;2787,46;2787,46;2756,46
2011-06-07;2774,50;2766,80;2787,44;2761,96
2011-06-08;2752,06;2768,70;2768,70;2737,29
2011-06-09;2778,12;2751,86;2785,58;2740,68
2011-06-10;2732,54;2773,41;2782,12;2725,65
2011-06-13;2733,95;2734,70;2748,47;2722,76
2011-06-14;2779,94;2750,48;2790,22;2750,48
2011-06-15;2731,50;2772,07;2772,07;2727,25
2011-06-16;2730,62;2716,59;2731,95;2692,95
2011-06-17;2770,12;2722,01;2782,26;2700,90
2011-06-20;2748,01;2764,52;2764,52;2718,18
2011-06-21;2801,99;2760,67;2801,99;2760,67
2011-06-22;2795,07;2803,22;2806,13;2783,44
2011-06-23;2730,86;2786,09;2786,09;2722,04
2011-06-24;2715,88;2752,19;2780,25;2707,45
2011-06-27;2723,93;2711,42;2731,93;2702,10
2011-06-28;2750,49;2730,57;2763,69;2715,32
2011-06-29;2802,55;2763,40;2815,89;2763,40
2011-06-30;2848,53;2809,20;2848,53;2804,29
2011-07-01;2875,67;2848,90;2887,30;2839,72
2011-07-04;2870,19;2878,26;2878,26;2863,44
2011-07-05;2850,51;2865,44;2870,39;2846,05
2011-07-06;2832,63;2850,58;2850,58;2816,19
2011-07-07;2844,51;2842,81;2878,71;2829,21
2011-07-08;2790,09;2852,71;2858,98;2787,37
2011-07-11;2709,14;2771,66;2771,66;2693,94
2011-07-12;2693,53;2685,23;2703,24;2608,04
2011-07-13;2715,05;2686,84;2722,74;2678,42
2011-07-14;2695,29;2699,58;2713,83;2681,53
2011-07-15;2675,38;2684,81;2693,31;2662,82
2011-07-18;2622,36;2663,40;2663,40;2617,37
2011-07-19;2657,45;2631,99;2673,29;2631,99
2011-07-20;2705,75;2670,55;2708,12;2665,86
2011-07-21;2763,34;2712,30;2778,74;2675,92
2011-07-22;2772,60;2763,44;2796,57;2754,07
2011-07-25;2742,70;2759,24;2763,99;2737,12
2011-07-26;2739,65;2749,93;2759,87;2721,82
2011-07-27;2693,71;2736,01;2736,01;2676,58
2011-07-28;2692,76;2678,16;2697,17;2652,12
2011-07-29;2670,37;2674,88;2684,59;2631,26
2011-08-01;2593,34;2691,93;2709,04;2593,26
2011-08-02;2544,89;2581,59;2591,50;2543,63
2011-08-03;2497,83;2531,68;2551,33;2478,61
2011-08-04;2412,29;2523,71;2538,07;2412,29
2011-08-05;2375,15;2375,01;2452,98;2346,29
2011-08-08;2286,91;2362,62;2428,55;2285,06
2011-08-09;2294,24;2287,16;2341,70;2167,71
2011-08-10;2153,77;2313,66;2334,80;2146,07
2011-08-11;2215,45;2185,15;2223,31;2077,06
2011-08-12;2307,33;2214,18;2312,88;2166,58
2011-08-15;2324,48;2320,62;2339,92;2306,24
2011-08-16;2323,67;2309,57;2323,67;2269,99
2011-08-17;2331,12;2313,37;2355,67;2281,88
2011-08-18;2206,61;2313,16;2313,16;2177,29
2011-08-19;2159,07;2203,18;2203,18;2117,68
2011-08-22;2183,39;2148,00;2227,14;2140,32
2011-08-23;2199,98;2199,90;2239,91;2173,79
2011-08-24;2238,70;2209,12;2258,13;2191,74
2011-08-25;2216,70;2251,86;2273,42;2197,38
2011-08-26;2190,44;2216,37;2220,34;2140,57
2011-08-29;2239,30;2208,62;2253,33;2208,62
2011-08-30;2239,14;2252,20;2264,09;2216,31
2011-08-31;2302,08;2248,31;2314,87;2240,28
2011-09-01;2305,75;2309,64;2326,78;2265,23
2011-09-02;2220,72;2287,26;2287,26;2207,21
2011-09-05;2107,27;2191,17;2191,17;2092,71
2011-09-06;2080,10;2107,40;2138,61;2063,58
2011-09-07;2151,16;2106,18;2151,16;2106,18
2011-09-08;2163,40;2148,86;2185,29;2131,36
2011-09-09;2073,67;2154,20;2158,90;2069,64
2011-09-12;1995,01;2042,71;2042,71;1971,02
2011-09-13;2036,64;2016,93;2045,96;1948,65
2011-09-14;2083,38;2017,35;2087,84;2007,87
2011-09-15;2155,62;2091,50;2185,58;2091,50
2011-09-16;2159,28;2172,73;2192,41;2145,89
2011-09-19;2096,10;2123,89;2123,89;2080,16
2011-09-20;2140,41;2084,48;2143,25;2076,68
2011-09-21;2098,49;2138,21;2138,55;2093,89
2011-09-22;1995,75;2070,68;2070,68;1985,38
2011-09-23;2026,03;2013,88;2027,73;1935,89
2011-09-26;2083,35;2004,97;2116,13;1993,71
2011-09-27;2194,03;2108,47;2194,43;2108,47
2011-09-28;2176,64;2179,13;2221,12;2159,46
2011-09-29;2212,44;2168,20;2232,02;2162,17
2011-09-30;2179,66;2204,93;2204,93;2153,27
2011-10-03;2138,24;2146,70;2153,90;2108,72
2011-10-04;2091,09;2117,88;2117,88;2054,98
2011-10-05;2179,42;2118,75;2180,22;2115,38
2011-10-06;2248,78;2191,07;2248,78;2188,76
2011-10-07;2269,19;2248,48;2290,73;2237,36
2011-10-10;2320,80;2288,16;2322,57;2267,94
2011-10-11;2315,97;2315,29;2320,57;2285,63
2011-10-12;2372,15;2311,47;2378,92;2293,37
2011-10-13;2332,52;2361,62;2384,41;2319,73
2011-10-14;2355,48;2339,65;2379,86;2320,55
2011-10-17;2315,89;2368,79;2393,40;2303,01
2011-10-18;2306,81;2298,05;2314,01;2269,53
2011-10-19;2330,08;2316,72;2345,12;2311,61
2011-10-20;2271,77;2311,92;2324,77;2268,01
2011-10-21;2337,51;2283,85;2340,81;2279,25
2011-10-24;2369,07;2346,83;2372,25;2323,69
2011-10-25;2343,96;2360,56;2375,17;2321,86
2011-10-26;2335,06;2342,73;2380,24;2316,62
2011-10-27;2476,92;2361,68;2482,92;2361,68
2011-10-28;2462,36;2480,89;2506,22;2449,09
2011-10-31;2385,22;2443,68;2443,68;2385,22
2011-11-01;2259,73;2352,76;2352,76;2241,69
2011-11-02;2291,89;2278,70;2301,29;2240,16
2011-11-03;2347,94;2254,53;2373,00;2238,16
2011-11-04;2291,47;2355,96;2370,38;2278,75
2011-11-07;2275,92;2275,16;2307,18;2231,68
2011-11-08;2303,20;2279,44;2347,25;2276,68
2011-11-09;2249,39;2318,95;2334,11;2225,75
2011-11-10;2254,92;2223,49;2291,31;2211,37
2011-11-11;2324,81;2259,32;2329,54;2252,03
2011-11-14;2288,32;2333,27;2344,81;2273,83
2011-11-15;2254,00;2274,30;2281,45;2227,88
2011-11-16;2267,96;2249,05;2299,11;2238,39
2011-11-17;2242,78;2261,93;2270,83;2225,70
2011-11-18;2236,68;2233,30;2264,25;2220,27
2011-11-21;2160,28;2226,25;2226,25;2159,71
2011-11-22;2136,81;2172,52;2189,59;2136,81
2011-11-23;2096,79;2123,39;2146,36;2096,79
2011-11-24;2090,25;2108,42;2134,33;2076,65
2011-11-25;2111,26;2090,66;2121,15;2065,75
2011-11-28;2221,76;2128,58;2221,76;2128,58
2011-11-29;2234,17;2215,16;2245,86;2191,02
2011-11-30;2330,43;2218,00;2341,32;2203,52
2011-12-01;2313,84;2328,62;2342,15;2304,61
2011-12-02;2342,50;2331,40;2371,22;2331,40
2011-12-05;2369,39;2357,91;2384,41;2356,17
2011-12-06;2356,71;2356,28;2372,41;2342,65
2011-12-07;2344,92;2379,69;2402,39;2311,07
2011-12-08;2288,05;2357,82;2373,34;2284,91
2011-12-09;2342,59;2277,16;2346,59;2265,80
2011-12-12;2269,46;2332,48;2332,48;2269,46
2011-12-13;2260,98;2271,14;2289,22;2245,42
2011-12-14;2205,91;2252,44;2261,75;2205,91
2011-12-15;2224,89;2212,74;2244,49;2206,62
2011-12-16;2202,72;2229,73;2240,99;2199,00
2011-12-19;2202,95;2193,54;2234,32;2182,76
2011-12-20;2262,39;2200,50;2262,39;2191,16
2011-12-21;2244,35;2275,60;2313,15;2237,54
2011-12-22;2273,02;2253,12;2282,10;2253,12
2011-12-23;2290,37;2286,06;2298,47;2281,65
2011-12-27;2290,31;2294,15;2309,03;2285,87
2011-12-28;2255,03;2290,98;2307,07;2255,03
2011-12-29;2292,28;2261,40;2292,28;2249,89
2011-12-30;2316,55;2296,97;2316,55;2287,45
2012-01-02;2370,20;2315,75;2370,20;2315,75
2012-01-03;2389,91;2375,35;2392,15;2357,52
2012-01-04;2349,89;2380,78;2383,19;2342,11
2012-01-05;2315,75;2352,86;2354,68;2308,87
2012-01-06;2298,65;2318,40;2342,24;2287,69
2012-01-09;2286,45;2301,15;2312,86;2279,73
2012-01-10;2347,47;2295,10;2354,75;2295,10
2012-01-11;2339,51;2345,12;2359,81;2322,89
2012-01-12;2345,85;2342,87;2384,25;2338,30
2012-01-13;2338,01;2359,02;2372,80;2307,62
2012-01-16;2361,56;2329,07;2365,63;2315,23
2012-01-17;2396,63;2374,55;2411,40;2374,55
2012-01-18;2390,64;2399,39;2423,02;2373,66
2012-01-19;2435,04;2398,04;2435,04;2391,18
2012-01-20;2426,96;2435,70;2440,29;2418,31
2012-01-23;2441,44;2426,45;2452,43;2417,07
2012-01-24;2432,07;2434,45;2434,45;2407,36
2012-01-25;2421,12;2432,74;2439,26;2398,42
2012-01-26;2460,40;2429,37;2466,15;2427,95
2012-01-27;2436,62;2452,20;2467,62;2431,29
2012-01-30;2404,62;2426,56;2426,56;2397,48
2012-01-31;2416,66;2417,02;2438,42;2412,42
2012-02-01;2470,79;2425,83;2475,58;2425,83
2012-02-02;2478,15;2478,32;2490,44;2461,72
2012-02-03;2515,15;2475,64;2515,15;2467,70
2012-02-06;2507,89;2508,38;2510,93;2486,95
2012-02-07;2514,12;2511,86;2519,77;2485,69
2012-02-08;2512,92;2519,03;2538,56;2510,71
2012-02-09;2522,34;2515,55;2542,98;2512,93
2012-02-10;2480,76;2510,55;2510,55;2471,19
2012-02-13;2491,54;2491,98;2510,72;2484,11
2012-02-14;2488,29;2486,09;2507,66;2476,88
2012-02-15;2493,96;2499,23;2520,78;2485,53
2012-02-16;2489,35;2489,35;2489,35;2489,35
2012-02-17;2520,31;2501,45;2530,83;2501,45
2012-02-20;2550,28;2529,76;2551,18;2529,76
2012-02-21;2541,60;2551,55;2557,86;2523,67
2012-02-22;2519,00;2544,04;2546,12;2516,93
2012-02-23;2508,08;2516,70;2534,00;2489,27
2012-02-24;2523,69;2514,61;2531,68;2511,77
2012-02-27;2513,06;2516,75;2519,37;2484,07
2012-02-28;2519,72;2518,04;2531,32;2498,00
2012-02-29;2512,11;2525,72;2548,61;2507,99
2012-03-01;2548,66;2509,15;2549,93;2497,86
2012-03-02;2546,16;2549,29;2556,96;2538,93
2012-03-05;2529,86;2539,21;2540,03;2512,38
2012-03-06;2443,52;2523,18;2523,18;2443,52
2012-03-07;2460,77;2443,50;2464,39;2437,60
2012-03-08;2514,22;2469,04;2514,22;2469,04
2012-03-09;2515,95;2516,67;2530,47;2503,24
2012-03-12;2514,97;2511,42;2524,68;2502,75
2012-03-13;2556,82;2524,15;2560,18;2524,15
2012-03-14;2574,79;2563,62;2593,89;2563,62
2012-03-15;2593,97;2573,72;2594,13;2569,55
2012-03-16;2608,30;2595,25;2611,42;2595,25
2012-03-19;2608,42;2604,61;2608,44;2588,93
2012-03-20;2576,61;2603,62;2603,62;2570,55
2012-03-21;2567,58;2583,49;2596,58;2549,29
2012-03-22;2530,22;2563,55;2563,55;2516,44
2012-03-23;2525,43;2530,68;2542,15;2494,15
2012-03-26;2539,87;2530,99;2548,40;2512,90
2012-03-27;2525,21;2545,37;2563,46;2525,21
2012-03-28;2496,68;2520,50;2537,50;2496,68
2012-03-29;2452,74;2494,70;2498,71;2445,46
2012-03-30;2477,28;2465,08;2480,95;2455,58
2012-04-02;2501,18;2481,02;2501,18;2453,35
2012-04-03;2458,98;2500,51;2509,93;2458,98
2012-04-04;2398,46;2452,84;2452,84;2395,84
2012-04-05;2392,54;2405,43;2409,78;2362,95
2012-04-10;2321,53;2378,09;2378,09;2321,53
2012-04-11;2341,36;2320,36;2359,02;2314,49
2012-04-12;2352,24;2344,32;2358,07;2315,75
2012-04-13;2291,51;2349,21;2349,48;2282,23
2012-04-16;2301,19;2287,25;2329,15;2280,07
2012-04-17;2367,05;2299,87;2367,05;2297,31
2012-04-18;2327,84;2364,50;2366,72;2320,26
2012-04-19;2284,67;2332,54;2353,37;2284,67
2012-04-20;2311,27;2283,86;2317,14;2271,39
2012-04-23;2244,83;2299,16;2299,16;2238,45
2012-04-24;2284,08;2251,45;2288,24;2244,43
2012-04-25;2322,91;2289,79;2339,63;2289,79
2012-04-26;2322,69;2329,06;2341,24;2294,00
2012-04-27;2344,02;2303,07;2354,82;2280,49
2012-04-30;2306,43;2345,90;2350,95;2305,42
2012-05-01;2306,69;2306,48;2306,69;2306,31
2012-05-02;2290,31;2323,74;2344,95;2276,67
2012-05-03;2287,10;2295,71;2327,08;2275,40
2012-05-04;2248,34;2280,88;2295,74;2241,66
2012-05-07;2283,09;2227,20;2287,25;2204,73
2012-05-08;2236,11;2273,79;2284,42;2226,97
2012-05-09;2225,63;2240,44;2248,37;2194,50
2012-05-10;2247,38;2227,48;2258,51;2206,41
2012-05-11;2254,54;2238,46;2257,05;2208,85
2012-05-14;2201,95;2234,35;2234,35;2187,15
2012-05-15;2178,67;2209,67;2227,17;2166,81
2012-05-16;2175,34;2169,12;2201,09;2142,78
2012-05-17;2146,91;2177,89;2182,42;2134,57
2012-05-18;2144,69;2136,39;2168,62;2112,77
2012-05-21;2150,16;2141,17;2160,69;2125,45
2012-05-22;2192,85;2160,28;2198,99;2155,19
2012-05-23;2134,05;2174,03;2174,03;2125,93
2012-05-24;2156,52;2143,02;2168,28;2118,02
2012-05-25;2161,87;2159,91;2181,02;2138,33
2012-05-28;2147,92;2173,92;2190,22;2142,96
2012-05-29;2160,31;2156,87;2173,62;2138,26
2012-05-30;2116,18;2147,30;2164,30;2108,61
2012-05-31;2118,94;2120,86;2136,19;2097,76
2012-06-01;2068,66;2120,90;2120,90;2050,16
2012-06-04;2078,96;2059,28;2096,68;2051,26
2012-06-05;2087,31;2085,87;2097,68;2069,02
2012-06-06;2137,73;2095,63;2141,47;2095,63
2012-06-07;2143,08;2143,84;2171,50;2139,78
2012-06-08;2143,90;2130,18;2152,00;2110,00
2012-06-11;2137,70;2163,27;2202,63;2135,34
2012-06-12;2143,38;2137,68;2159,67;2119,19
2012-06-13;2143,50;2146,98;2163,20;2129,58
2012-06-14;2148,21;2138,51;2150,97;2120,44
2012-06-15;2181,23;2156,65;2189,49;2156,65
2012-06-18;2155,64;2198,37;2209,58;2147,69
2012-06-19;2198,01;2160,54;2201,20;2143,81
2012-06-20;2207,49;2200,49;2212,62;2188,75
2012-06-21;2199,42;2201,10;2231,55;2186,17
2012-06-22;2186,81;2189,13;2207,62;2174,02
2012-06-25;2130,71;2178,33;2178,33;2124,98
2012-06-26;2127,95;2132,56;2145,19;2121,09
2012-06-27;2165,61;2133,91;2165,61;2130,76
2012-06-28;2157,62;2167,89;2172,06;2134,64
2012-06-29;2264,72;2184,95;2264,72;2184,95
2012-07-02;2292,08;2266,41;2305,31;2260,38
2012-07-03;2320,43;2295,49;2320,43;2295,49
2012-07-04;2312,41;2315,50;2317,07;2297,86
2012-07-05;2284,92;2309,73;2332,08;2266,59
2012-07-06;2235,51;2277,15;2279,94;2235,51
2012-07-09;2227,91;2233,66;2242,78;2214,24
2012-07-10;2241,85;2231,76;2263,31;2221,15
2012-07-11;2246,23;2232,95;2258,56;2225,55
2012-07-12;2228,01;2236,48;2243,68;2215,32
2012-07-13;2259,09;2230,65;2260,19;2225,54
2012-07-16;2251,96;2256,63;2258,37;2234,80
2012-07-17;2250,75;2255,38;2271,33;2242,46
2012-07-18;2284,70;2258,48;2285,01;2252,42
2012-07-19;2302,45;2288,96;2309,82;2285,42
2012-07-20;2237,33;2298,76;2302,06;2235,44
2012-07-23;2179,31;2220,12;2220,12;2163,71
2012-07-24;2151,54;2184,06;2190,04;2151,54
2012-07-25;2159,09;2147,50;2181,63;2142,46
2012-07-26;2251,05;2163,60;2251,05;2145,91
2012-07-27;2301,23;2256,82;2301,23;2234,02
2012-07-30;2340,31;2307,63;2346,31;2307,63
2012-07-31;2325,72;2338,81;2354,75;2321,23
2012-08-01;2333,38;2326,34;2342,63;2322,62
2012-08-02;2263,36;2331,47;2376,85;2262,81
2012-08-03;2372,58;2268,71;2372,58;2261,77
2012-08-06;2399,32;2369,36;2409,05;2362,69
2012-08-07;2440,24;2396,27;2440,73;2395,13
2012-08-08;2432,28;2433,37;2439,26;2414,07
2012-08-09;2437,04;2442,24;2450,07;2412,47
2012-08-10;2423,22;2426,62;2427,35;2406,86
2012-08-13;2415,96;2419,52;2438,86;2404,28
2012-08-14;2432,29;2423,23;2441,47;2419,60
2012-08-15;2430,39;2425,89;2438,11;2414,82
2012-08-16;2456,53;2432,74;2456,53;2421,62
2012-08-17;2471,53;2463,34;2479,66;2460,82
2012-08-20;2466,32;2471,22;2493,19;2450,99
2012-08-21;2490,27;2471,73;2494,06;2471,73
2012-08-22;2452,73;2477,38;2480,21;2452,50
2012-08-23;2429,17;2466,45;2477,17;2413,97
2012-08-24;2434,23;2428,88;2440,75;2405,68
2012-08-27;2461,82;2431,34;2461,82;2420,41
2012-08-28;2442,12;2452,51;2457,92;2433,16
2012-08-29;2434,23;2441,99;2444,53;2423,71
2012-08-30;2403,80;2428,93;2431,81;2397,60
2012-08-31;2440,71;2402,81;2446,70;2398,72
2012-09-03;2463,17;2435,35;2463,17;2429,09
2012-09-04;2436,54;2465,63;2467,66;2435,21
2012-09-05;2441,81;2435,95;2459,97;2420,46
2012-09-06;2524,95;2446,73;2525,26;2446,71
2012-09-07;2538,60;2530,70;2565,81;2530,70
2012-09-10;2528,53;2536,18;2540,66;2522,72
2012-09-11;2557,65;2524,19;2557,81;2509,39
2012-09-12;2564,80;2563,84;2591,18;2554,37
2012-09-13;2543,22;2563,36;2565,60;2532,80
2012-09-14;2594,56;2567,96;2604,77;2567,96
2012-09-17;2583,57;2585,36;2589,37;2577,75
2012-09-18;2553,40;2573,38;2573,38;2541,74
2012-09-19;2567,67;2562,01;2572,64;2546,16
2012-09-20;2553,03;2550,80;2558,09;2535,77
2012-09-21;2577,08;2560,56;2580,66;2552,98
2012-09-24;2557,89;2565,66;2566,19;2545,77
2012-09-25;2568,48;2555,28;2573,50;2544,21
2012-09-26;2498,52;2552,58;2552,58;2496,38
2012-09-27;2506,06;2510,47;2518,30;2497,23
2012-09-28;2454,26;2515,48;2522,79;2454,26
2012-10-01;2498,81;2451,29;2502,51;2450,32
2012-10-02;2493,59;2485,94;2519,99;2473,80
2012-10-03;2492,48;2485,10;2501,62;2476,76
2012-10-04;2485,75;2499,03;2512,50;2479,95
2012-10-05;2531,21;2492,30;2534,26;2492,30
2012-10-08;2496,09;2517,52;2517,52;2494,96
2012-10-09;2472,23;2502,26;2506,18;2468,50
2012-10-10;2456,54;2465,49;2472,53;2455,95
2012-10-11;2487,08;2449,62;2494,84;2440,58
2012-10-12;2469,09;2482,66;2493,31;2469,09
2012-10-15;2485,12;2468,83;2500,53;2468,83
2012-10-16;2547,90;2498,55;2547,90;2498,55
2012-10-17;2569,83;2553,30;2571,62;2548,26
2012-10-18;2574,19;2568,48;2579,81;2555,35
2012-10-19;2542,24;2570,30;2572,04;2536,56
2012-10-22;2531,10;2542,80;2555,40;2525,44
2012-10-23;2477,92;2531,61;2534,85;2467,38
2012-10-24;2490,58;2484,16;2498,60;2461,65
2012-10-25;2483,43;2491,22;2511,25;2481,89
2012-10-26;2496,10;2474,22;2505,25;2460,48
2012-10-29;2478,84;2488,42;2488,42;2467,81
2012-10-30;2515,99;2481,85;2517,21;2481,85
2012-10-31;2503,64;2515,83;2539,65;2503,64
2012-11-01;2533,87;2500,31;2541,87;2495,90
2012-11-02;2547,15;2535,08;2557,03;2523,00
2012-11-05;2517,67;2534,41;2534,41;2515,16
2012-11-06;2535,94;2520,41;2537,25;2515,94
2012-11-07;2479,10;2546,68;2560,11;2479,04
2012-11-08;2479,13;2488,20;2502,95;2472,77
2012-11-09;2479,82;2480,80;2487,53;2441,88
2012-11-12;2473,52;2480,50;2485,38;2466,35
2012-11-13;2493,14;2464,37;2495,88;2448,12
2012-11-14;2472,84;2489,32;2500,29;2467,07
2012-11-15;2461,77;2461,63;2473,23;2454,82
2012-11-16;2427,32;2461,13;2466,31;2427,32
2012-11-19;2495,21;2443,54;2497,56;2443,54
2012-11-20;2509,62;2488,40;2511,87;2482,11
2012-11-21;2519,68;2503,57;2523,54;2495,05
2012-11-22;2535,09;2525,15;2536,85;2523,29
2012-11-23;2557,03;2539,03;2557,03;2523,86
2012-11-26;2542,52;2550,86;2553,18;2537,99
2012-11-27;2543,45;2550,78;2563,72;2534,69
2012-11-28;2546,84;2536,81;2549,12;2522,07
2012-11-29;2581,69;2559,45;2582,18;2559,45
2012-11-30;2575,25;2580,98;2592,43;2575,25
2012-12-03;2582,36;2580,90;2608,41;2579,18
2012-12-04;2590,83;2581,18;2602,32;2577,69
2012-12-05;2592,09;2600,70;2610,39;2581,55
2012-12-06;2603,41;2598,11;2617,83;2590,51
2012-12-07;2601,37;2607,33;2615,76;2591,63
2012-12-10;2596,02;2591,88;2596,71;2567,15
2012-12-11;2624,03;2598,50;2625,38;2593,39
2012-12-12;2630,34;2624,01;2633,58;2620,43
2012-12-13;2627,66;2633,56;2638,64;2621,18
2012-12-14;2630,54;2628,06;2635,65;2622,37
2012-12-17;2628,01;2627,72;2632,93;2611,89
2012-12-18;2643,50;2634,00;2647,30;2632,51
2012-12-19;2654,69;2648,75;2661,25;2645,41
2012-12-20;2658,30;2650,03;2661,92;2643,88
2012-12-21;2651,09;2649,95;2653,56;2634,87
2012-12-24;2648,53;2649,51;2653,24;2647,17
2012-12-27;2659,95;2650,91;2668,23;2648,29
2012-12-28;2626,85;2660,89;2664,37;2626,41
2012-12-31;2635,93;2619,59;2638,18;2619,56
2013-01-02;2711,25;2659,79;2711,25;2659,79
2013-01-03;2701,22;2705,80;2705,80;2689,30
2013-01-04;2709,35;2696,94;2711,02;2690,11
2013-01-07;2695,56;2712,25;2714,18;2691,04
2013-01-08;2691,45;2690,91;2710,20;2684,90
2013-01-09;2706,39;2697,51;2710,49;2691,00
2013-01-10;2708,27;2705,60;2725,38;2693,93
2013-01-11;2717,79;2712,78;2719,99;2702,72
2013-01-14;2715,16;2725,41;2735,36;2707,36
2013-01-15;2701,59;2709,91;2715,95;2690,24
2013-01-16;2702,54;2699,21;2704,80;2685,27
2013-01-17;2718,93;2699,47;2727,04;2697,06
2013-01-18;2709,59;2723,88;2731,04;2707,35
2013-01-21;2726,63;2715,00;2726,63;2712,99
2013-01-22;2716,70;2724,44;2727,42;2697,32
2013-01-23;2708,28;2720,06;2724,35;2703,49
2013-01-24;2722,96;2707,85;2724,67;2692,15
2013-01-25;2744,18;2721,50;2748,13;2716,09
2013-01-28;2744,50;2745,96;2753,93;2741,74
2013-01-29;2749,27;2744,79;2750,89;2731,02
2013-01-30;2732,12;2750,61;2754,80;2724,85
2013-01-31;2702,98;2728,94;2730,51;2702,98
2013-02-01;2710,08;2706,22;2718,56;2696,64
2013-02-04;2625,17;2712,67;2712,67;2625,17
2013-02-05;2651,21;2622,83;2660,50;2622,65
2013-02-06;2617,35;2649,51;2658,47;2604,63
2013-02-07;2597,92;2617,93;2639,74;2597,49
2013-02-08;2630,30;2603,10;2631,82;2598,29
2013-02-11;2622,61;2631,38;2641,58;2613,39
2013-02-12;2648,83;2619,77;2648,83;2613,26
2013-02-13;2656,86;2651,26;2666,65;2641,63
2013-02-14;2635,35;2655,84;2666,25;2625,91
2013-02-15;2615,26;2634,24;2642,95;2615,26
2013-02-18;2616,65;2610,81;2618,27;2597,65
2013-02-19;2662,37;2612,65;2664,50;2611,01
2013-02-20;2640,35;2662,24;2670,69;2634,39
2013-02-21;2579,76;2629,62;2629,62;2579,68
2013-02-22;2630,05;2590,02;2630,46;2590,02
2013-02-25;2651,86;2642,81;2699,95;2633,95
2013-02-26;2570,52;2619,89;2619,89;2566,87
2013-02-27;2611,89;2580,04;2612,00;2563,64
2013-02-28;2633,55;2619,01;2637,70;2609,23
2013-03-01;2616,75;2627,93;2638,32;2589,84
2013-03-04;2619,78;2607,97;2628,67;2595,35
2013-03-05;2683,02;2635,34;2685,85;2635,34
2013-03-06;2679,89;2683,24;2704,01;2679,03
2013-03-07;2690,85;2684,70;2700,84;2683,40
2013-03-08;2728,78;2699,30;2733,86;2699,30
2013-03-11;2718,71;2723,74;2723,74;2706,32
2013-03-12;2711,85;2712,93;2724,63;2702,51
2013-03-13;2704,73;2709,65;2710,13;2693,60
2013-03-14;2744,70;2718,14;2744,70;2718,14
2013-03-15;2725,72;2745,04;2746,02;2714,76
2013-03-18;2705,47;2695,62;2709,32;2663,20
2013-03-19;2671,96;2698,84;2701,29;2660,43
2013-03-20;2708,90;2686,83;2712,80;2684,22
2013-03-21;2683,92;2705,57;2706,27;2667,80
2013-03-22;2681,67;2680,96;2702,14;2662,89
2013-03-25;2649,28;2700,96;2726,01;2642,02
2013-03-26;2641,12;2652,59;2661,26;2632,46
2013-03-27;2612,46;2647,65;2653,85;2590,03
2013-03-28;2624,02;2613,20;2641,58;2602,63
2013-04-02;2679,80;2622,24;2680,34;2622,24
2013-04-03;2639,01;2669,63;2676,90;2637,23
2013-04-04;2621,43;2645,02;2670,42;2616,44
2013-04-05;2585,28;2622,72;2634,94;2566,74
2013-04-08;2589,25;2591,84;2604,93;2586,47
2013-04-09;2595,13;2602,79;2614,16;2584,50
2013-04-10;2661,62;2603,61;2666,79;2602,77
2013-04-11;2674,33;2659,84;2681,95;2650,40
2013-04-12;2633,47;2669,58;2669,58;2627,07
2013-04-15;2624,71;2633,38;2647,53;2603,41
2013-04-16;2609,30;2615,27;2634,01;2600,32
2013-04-17;2553,49;2619,38;2626,32;2543,07
2013-04-18;2555,50;2561,06;2580,43;2542,10
2013-04-19;2575,16;2565,89;2588,36;2560,92
2013-04-22;2583,62;2584,65;2602,57;2569,90
2013-04-23;2662,88;2585,56;2662,88;2585,07
2013-04-24;2702,05;2664,15;2706,82;2662,22
2013-04-25;2704,41;2695,52;2709,57;2686,01
2013-04-26;2683,43;2689,87;2692,78;2670,34
2013-04-29;2717,38;2690,07;2718,91;2689,00
2013-04-30;2712,00;2722,60;2735,53;2704,41
2013-05-01;2711,74;2712,01;2712,28;2711,69
2013-05-02;2718,90;2702,68;2745,38;2688,59
2013-05-03;2763,68;2724,14;2764,17;2710,52
2013-05-06;2750,52;2762,00;2762,00;2746,47
2013-05-07;2769,08;2756,17;2777,96;2750,67
2013-05-08;2784,62;2767,77;2784,99;2761,65
2013-05-09;2773,16;2773,62;2780,81;2760,16
2013-05-10;2785,24;2775,75;2805,30;2773,59
2013-05-13;2777,39;2783,70;2791,81;2764,75
2013-05-14;2795,63;2780,63;2795,63;2760,93
2013-05-15;2809,58;2790,63;2809,83;2782,83
2013-05-16;2806,70;2805,07;2815,77;2794,19
2013-05-17;2817,99;2803,64;2825,44;2791,83
2013-05-20;2824,50;2822,55;2826,30;2803,01
2013-05-21;2821,65;2817,13;2823,12;2797,61
2013-05-22;2835,01;2821,40;2840,57;2805,65
2013-05-23;2776,78;2802,09;2802,09;2757,29
2013-05-24;2764,29;2784,95;2793,92;2752,09
2013-05-27;2795,00;2774,77;2795,07;2774,77
2013-05-28;2835,87;2801,23;2851,48;2801,23
2013-05-29;2786,54;2819,69;2820,70;2783,71
2013-05-30;2799,20;2782,66;2812,97;2778,91
2013-05-31;2769,64;2799,21;2799,21;2760,19
2013-06-03;2747,74;2757,65;2788,22;2728,89
2013-06-04;2755,70;2760,82;2779,15;2751,13
2013-06-05;2709,33;2741,56;2753,29;2709,33
2013-06-06;2676,21;2709,50;2729,41;2676,21
2013-06-07;2724,08;2680,82;2733,96;2664,07
2013-06-10;2719,40;2719,18;2734,29;2708,72
2013-06-11;2683,20;2707,13;2707,13;2656,00
2013-06-12;2666,52;2681,38;2701,22;2663,89
2013-06-13;2661,71;2647,66;2666,49;2617,48
2013-06-14;2667,32;2670,61;2687,19;2660,98
2013-06-17;2702,69;2673,63;2718,03;2673,63
2013-06-18;2700,93;2691,83;2709,99;2686,21
2013-06-19;2683,98;2702,86;2709,41;2678,03
2013-06-20;2586,45;2651,89;2651,89;2582,14
2013-06-21;2549,48;2595,66;2613,13;2549,48
2013-06-24;2511,83;2549,48;2556,28;2494,54
2013-06-25;2543,37;2532,51;2554,77;2526,78
2013-06-26;2602,81;2545,68;2607,55;2536,70
2013-06-27;2619,86;2602,05;2633,58;2587,81
2013-06-28;2602,59;2626,23;2635,90;2591,12
2013-07-01;2622,62;2619,36;2637,64;2590,92
2013-07-02;2603,20;2626,46;2627,40;2595,56
2013-07-03;2570,76;2586,67;2586,67;2539,15
2013-07-04;2646,54;2588,51;2648,31;2581,69
2013-07-05;2596,01;2649,04;2660,19;2596,01
2013-07-08;2650,85;2612,05;2664,92;2612,05
2013-07-09;2664,14;2660,51;2675,27;2654,51
2013-07-10;2659,71;2661,22;2670,12;2639,55
2013-07-11;2681,32;2679,87;2695,45;2671,69
2013-07-12;2674,87;2688,39;2697,45;2666,34
2013-07-15;2686,69;2678,83;2697,79;2675,23
2013-07-16;2665,61;2690,17;2692,14;2662,81
2013-07-17;2681,88;2669,81;2690,09;2645,61
2013-07-18;2717,99;2677,01;2719,03;2672,33
2013-07-19;2716,17;2711,20;2716,91;2698,06
2013-07-22;2725,40;2718,78;2734,20;2712,31
2013-07-23;2722,90;2728,80;2742,16;2722,47
2013-07-24;2752,25;2727,86;2759,50;2727,86
2013-07-25;2740,29;2753,31;2753,33;2719,16
2013-07-26;2741,96;2750,48;2766,65;2733,69
2013-07-29;2741,73;2754,04;2762,71;2736,83
2013-07-30;2759,21;2750,27;2764,36;2743,30
2013-07-31;2768,15;2749,67;2773,60;2747,71
2013-08-01;2808,64;2774,12;2809,15;2774,12
2013-08-02;2811,00;2816,14;2819,14;2796,53
2013-08-05;2809,08;2815,26;2821,39;2800,53
2013-08-06;2790,78;2809,18;2820,62;2777,16
2013-08-07;2794,44;2784,81;2798,39;2775,19
2013-08-08;2816,88;2797,35;2819,88;2792,62
2013-08-09;2825,62;2821,54;2834,57;2806,05
2013-08-12;2827,15;2826,12;2832,83;2802,41
2013-08-13;2841,61;2832,57;2845,13;2828,96
2013-08-14;2852,08;2844,77;2855,89;2835,59
2013-08-15;2835,86;2849,36;2849,36;2810,50
2013-08-16;2854,27;2834,31;2855,03;2824,90
2013-08-19;2823,35;2853,81;2854,35;2821,44
2013-08-20;2787,98;2813,95;2813,95;2770,18
2013-08-21;2774,58;2794,39;2797,68;2773,06
2013-08-22;2812,32;2775,62;2821,59;2775,62
2013-08-23;2826,05;2811,30;2828,97;2794,20
2013-08-26;2821,45;2825,46;2827,32;2803,84
2013-08-27;2749,27;2809,15;2818,69;2749,27
2013-08-28;2742,61;2743,54;2754,27;2720,57
2013-08-29;2758,31;2750,72;2760,12;2732,88
2013-08-30;2721,37;2758,07;2758,28;2721,37
2013-09-02;2774,09;2741,08;2780,74;2741,08
2013-09-03;2753,35;2774,64;2778,32;2735,69
2013-09-04;2758,29;2758,79;2764,84;2725,56
2013-09-05;2774,20;2761,90;2777,88;2748,56
2013-09-06;2803,42;2770,36;2803,83;2762,20
2013-09-09;2798,31;2801,63;2804,77;2787,74
2013-09-10;2851,40;2816,13;2853,04;2816,13
2013-09-11;2863,44;2847,47;2863,95;2845,29
2013-09-12;2862,07;2862,76;2870,18;2849,90
2013-09-13;2867,11;2856,58;2869,52;2849,51
2013-09-16;2894,64;2882,12;2901,43;2882,12
2013-09-17;2890,95;2890,49;2896,07;2878,10
2013-09-18;2908,92;2893,76;2909,42;2888,36
2013-09-19;2936,20;2930,92;2955,47;2922,65
2013-09-20;2927,19;2931,10;2944,12;2925,50
2013-09-23;2906,35;2928,80;2936,09;2897,43
2013-09-24;2922,93;2907,79;2925,49;2906,68
2013-09-25;2927,35;2918,81;2929,15;2907,42
2013-09-26;2922,99;2930,19;2934,22;2909,55
2013-09-27;2919,34;2926,11;2933,05;2904,81
2013-09-30;2893,15;2899,41;2899,41;2877,87
2013-10-01;2933,02;2893,66;2933,02;2893,66
2013-10-02;2918,31;2923,54;2930,58;2902,03
2013-10-03;2902,12;2919,88;2926,72;2899,45
2013-10-04;2928,31;2902,26;2934,90;2898,30
2013-10-07;2923,04;2917,07;2925,08;2891,39
2013-10-08;2903,35;2920,87;2929,86;2902,70
2013-10-09;2904,73;2899,03;2923,18;2895,67
2013-10-10;2969,41;2918,98;2971,15;2918,98
2013-10-11;2974,28;2974,86;2977,31;2964,81
2013-10-14;2977,69;2963,48;2977,69;2957,70
2013-10-15;3004,56;2985,10;3007,94;2984,45
2013-10-16;3015,40;2993,74;3018,49;2989,20
2013-10-17;3010,39;3009,55;3011,31;2988,36
2013-10-18;3033,31;3020,45;3033,31;3009,66
2013-10-21;3028,65;3030,06;3033,27;3019,64
2013-10-22;3045,77;3023,20;3056,87;3021,41
2013-10-23;3017,16;3034,80;3034,80;3010,55
2013-10-24;3038,96;3024,69;3038,96;3022,28
2013-10-25;3034,50;3027,84;3043,84;3021,01
2013-10-28;3022,04;3041,16;3045,14;3009,80
2013-10-29;3050,64;3019,65;3050,74;3017,73
2013-10-30;3040,69;3049,09;3073,88;3035,02
2013-10-31;3067,95;3034,93;3067,97;3030,48
2013-11-01;3052,14;3068,73;3074,44;3047,53
2013-11-04;3061,18;3058,29;3067,92;3054,75
2013-11-05;3035,92;3066,59;3067,97;3021,41
2013-11-06;3056,40;3041,24;3065,10;3041,24
2013-11-07;3042,98;3052,43;3106,64;3035,37
2013-11-08;3034,91;3028,36;3038,42;2999,25
2013-11-11;3052,83;3038,65;3056,60;3027,84
2013-11-12;3034,68;3051,92;3060,64;3034,68
2013-11-13;3021,17;3026,94;3036,97;3000,35
2013-11-14;3053,69;3040,97;3056,03;3029,74
2013-11-15;3054,53;3053,22;3060,74;3042,62
2013-11-18;3081,30;3051,17;3091,04;3042,81
2013-11-19;3049,17;3070,05;3070,05;3048,00
2013-11-20;3047,32;3044,98;3064,55;3033,63
2013-11-21;3044,34;3031,86;3050,98;3016,67
2013-11-22;3055,98;3048,76;3059,99;3035,73
2013-11-25;3072,75;3065,70;3077,99;3064,73
2013-11-26;3062,62;3069,61;3076,26;3061,95
2013-11-27;3082,65;3066,60;3088,75;3064,93
2013-11-28;3092,42;3081,56;3098,63;3081,56
2013-11-29;3086,64;3091,03;3097,94;3086,64
2013-12-02;3077,23;3089,39;3094,54;3070,94
2013-12-03;3013,88;3074,79;3075,56;3013,88
2013-12-04;2991,76;3020,28;3025,92;2971,15
2013-12-05;2953,17;2985,41;2998,17;2953,17
2013-12-06;2979,94;2960,09;2985,09;2940,90
2013-12-09;2988,67;2987,30;2993,41;2973,52
2013-12-10;2960,86;2985,00;2999,28;2959,28
2013-12-11;2947,31;2960,45;2978,55;2944,76
2013-12-12;2928,12;2934,90;2945,39;2920,12
2013-12-13;2921,92;2927,14;2942,27;2916,70
2013-12-16;2978,77;2919,95;2983,98;2919,14
2013-12-17;2941,76;2969,19;2969,19;2941,76
2013-12-18;2975,09;2954,66;2975,09;2949,49
2013-12-19;3031,05;2989,91;3033,60;2989,91
2013-12-20;3049,35;3033,52;3053,30;3029,54
2013-12-23;3070,91;3054,85;3070,91;3047,68
2013-12-24;3072,88;3068,85;3076,49;3067,74
2013-12-27;3111,37;3086,77;3111,37;3086,77
2013-12-30;3100,93;3112,98;3116,23;3097,76
2013-12-31;3109,00;3101,90;3109,38;3101,90
2014-01-02;3059,93;3116,34;3127,12;3058,63
2014-01-03;3074,43;3064,95;3080,35;3055,13
2014-01-06;3069,16;3070,14;3087,65;3065,29
2014-01-07;3110,96;3071,01;3113,03;3064,83
2014-01-08;3110,66;3113,97;3121,21;3100,53
2014-01-09;3090,26;3110,85;3131,18;3082,08
2014-01-10;3104,15;3097,72;3122,55;3092,98
2014-01-13;3111,94;3112,86;3117,06;3101,38
2014-01-14;3119,53;3093,81;3119,53;3072,86
2014-01-15;3168,76;3123,58;3168,76;3123,58
2014-01-16;3150,20;3169,09;3170,03;3146,98
2014-01-17;3154,10;3150,70;3167,43;3141,82
2014-01-20;3153,17;3152,24;3155,94;3138,28
2014-01-21;3153,08;3159,22;3176,99;3149,18
2014-01-22;3151,27;3159,98;3171,26;3138,90
2014-01-23;3117,08;3147,79;3160,16;3107,70
2014-01-24;3028,20;3115,95;3123,55;3023,71
2014-01-27;3014,62;3032,15;3041,19;3006,74
2014-01-28;3038,60;3024,80;3047,75;3017,82
2014-01-29;3011,45;3054,64;3076,96;2974,25
2014-01-30;3027,30;3011,31;3041,05;2985,70
2014-01-31;3013,96;3023,86;3026,84;2963,23
2014-02-03;2963,96;3012,25;3026,90;2961,34
2014-02-04;2962,49;2957,72;2976,12;2944,13
2014-02-05;2962,51;2956,11;2976,36;2947,62
2014-02-06;3010,79;2968,63;3017,85;2965,71
2014-02-07;3038,49;3013,63;3039,98;2996,26
2014-02-10;3032,53;3049,35;3049,96;3026,67
2014-02-11;3077,08;3039,08;3077,08;3039,08
2014-02-12;3094,89;3084,26;3109,26;3081,74
2014-02-13;3097,95;3088,58;3099,36;3063,16
2014-02-14;3119,06;3100,80;3123,66;3094,42
2014-02-17;3118,91;3121,04;3130,06;3112,53
2014-02-18;3117,44;3122,36;3124,83;3096,27
2014-02-19;3120,80;3112,49;3132,47;3096,48
2014-02-20;3121,59;3096,03;3121,59;3079,46
2014-02-21;3131,67;3129,25;3134,64;3113,56
2014-02-24;3157,31;3130,87;3157,31;3120,45
2014-02-25;3157,48;3150,05;3158,80;3133,98
2014-02-26;3148,19;3157,72;3162,95;3135,03
2014-02-27;3134,94;3147,57;3151,16;3105,58
2014-02-28;3149,23;3139,21;3150,15;3115,03
2014-03-03;3053,99;3124,81;3124,81;3053,85
2014-03-04;3136,33;3081,59;3136,51;3081,59
2014-03-05;3135,97;3131,54;3145,79;3123,98
2014-03-06;3144,53;3146,70;3158,15;3134,07
2014-03-07;3095,31;3144,83;3151,24;3094,12
2014-03-10;3092,79;3093,62;3126,62;3074,40
2014-03-11;3092,55;3099,84;3117,91;3085,73
2014-03-12;3065,46;3080,01;3080,58;3043,57
2014-03-13;3019,54;3068,66;3077,04;3019,54
2014-03-14;3004,64;3006,38;3015,53;2971,47
2014-03-17;3049,19;3003,67;3052,86;3001,70
2014-03-18;3073,75;3045,80;3096,29;3029,12
2014-03-19;3076,36;3075,17;3089,30;3062,51
2014-03-20;3088,90;3058,21;3088,90;3040,44
2014-03-21;3096,49;3089,09;3110,39;3086,26
2014-03-24;3052,91;3092,56;3098,22;3046,83
2014-03-25;3096,64;3059,23;3104,71;3059,23
2014-03-26;3130,17;3102,97;3140,31;3102,97
2014-03-27;3133,75;3124,15;3137,87;3116,04
2014-03-28;3172,43;3140,65;3172,43;3140,65
2014-03-31;3161,60;3181,35;3185,68;3159,75
2014-04-01;3186,34;3169,49;3194,67;3169,06
2014-04-02;3187,45;3188,91;3195,14;3182,40
2014-04-03;3206,76;3190,64;3220,30;3183,00
2014-04-04;3230,33;3209,81;3239,14;3205,15
2014-04-07;3185,97;3217,83;3218,95;3184,06
2014-04-08;3177,66;3190,24;3192,42;3146,90
2014-04-09;3182,79;3179,52;3194,62;3174,10
2014-04-10;3152,86;3189,62;3196,69;3150,47
2014-04-11;3116,54;3137,66;3138,24;3096,47
2014-04-14;3131,57;3108,65;3131,57;3083,43
2014-04-15;3091,52;3130,15;3139,66;3091,19
2014-04-16;3139,26;3116,46;3139,26;3113,47
2014-04-17;3155,81;3140,12;3156,64;3121,82
2014-04-22;3199,69;3161,69;3201,25;3157,40
2014-04-23;3175,97;3197,39;3198,60;3175,22
2014-04-24;3189,81;3188,38;3206,80;3150,79
2014-04-25;3147,40;3179,34;3179,34;3137,21
2014-04-28;3165,84;3155,32;3177,94;3151,72
2014-04-29;3208,68;3168,60;3212,51;3168,60
2014-04-30;3198,39;3201,12;3204,76;3186,96
2014-05-01;3198,66;3198,97;3198,97;3198,32
2014-05-02;3177,89;3194,01;3199,45;3171,74
2014-05-05;3171,29;3171,18;3173,51;3129,70
2014-05-06;3149,79;3176,29;3183,49;3141,82
2014-05-07;3159,67;3137,35;3167,86;3129,08
2014-05-08;3204,30;3165,72;3204,30;3153,03
2014-05-09;3184,09;3199,22;3199,22;3174,12
2014-05-12;3206,97;3184,44;3211,32;3181,59
2014-05-13;3211,78;3211,19;3218,36;3202,21
2014-05-14;3210,42;3213,12;3213,46;3199,39
2014-05-15;3163,22;3211,24;3224,29;3159,15
2014-05-16;3172,72;3158,33;3175,25;3142,85
2014-05-19;3169,90;3169,26;3174,57;3134,76
2014-05-20;3163,93;3166,87;3175,80;3155,63
2014-05-21;3187,08;3156,91;3190,23;3143,56
2014-05-22;3187,63;3189,03;3192,57;3171,77
2014-05-23;3203,28;3189,08;3205,01;3178,56
2014-05-26;3240,39;3211,26;3240,39;3211,26
2014-05-27;3244,28;3235,87;3249,69;3230,58
2014-05-28;3246,24;3242,16;3246,24;3233,37
2014-05-29;3244,66;3245,54;3250,34;3235,87
2014-05-30;3244,60;3238,97;3249,05;3233,86
2014-06-02;3247,80;3247,54;3256,00;3236,53
2014-06-03;3241,04;3247,27;3251,64;3233,08
2014-06-04;3237,93;3236,02;3243,00;3217,87
2014-06-05;3267,05;3239,64;3291,89;3227,85
2014-06-06;3294,28;3267,05;3297,51;3262,76
2014-06-09;3305,26;3296,78;3305,26;3289,19
2014-06-10;3313,80;3305,17;3314,67;3298,47
2014-06-11;3289,09;3311,02;3311,02;3285,15
2014-06-12;3284,28;3289,57;3299,32;3277,36
2014-06-13;3282,84;3282,00;3291,50;3254,53
2014-06-16;3261,42;3276,33;3278,60;3259,82
2014-06-17;3275,33;3268,56;3284,73;3256,20
2014-06-18;3279,20;3278,20;3289,09;3275,83
2014-06-19;3314,80;3299,81;3325,50;3299,81
2014-06-20;3302,36;3311,87;3324,20;3302,36
2014-06-23;3282,58;3301,18;3302,90;3270,11
2014-06-24;3284,81;3289,07;3294,69;3275,79
2014-06-25;3252,31;3272,49;3274,92;3243,25
2014-06-26;3233,19;3255,69;3261,38;3215,72
2014-06-27;3227,85;3237,16;3248,93;3221,04
2014-06-30;3228,24;3230,28;3247,34;3211,50
2014-07-01;3258,71;3234,74;3258,93;3234,30
2014-07-02;3252,25;3257,88;3265,69;3243,04
2014-07-03;3289,75;3251,63;3289,82;3246,38
2014-07-04;3270,47;3286,07;3286,07;3270,47
2014-07-07;3230,92;3264,21;3269,32;3230,92
2014-07-08;3184,38;3236,40;3239,82;3184,38
2014-07-09;3203,10;3189,94;3206,47;3185,20
2014-07-10;3150,59;3201,72;3201,72;3132,87
2014-07-11;3157,05;3157,35;3174,16;3143,95
2014-07-14;3185,86;3161,40;3190,47;3161,40
2014-07-15;3153,75;3180,50;3183,85;3150,56
2014-07-16;3202,94;3164,24;3203,48;3164,24
2014-07-17;3157,82;3190,23;3193,42;3155,37
2014-07-18;3164,21;3149,18;3164,21;3132,12
2014-07-21;3137,06;3165,02;3165,02;3130,84
2014-07-22;3189,22;3147,47;3191,54;3147,47
2014-07-23;3193,13;3183,19;3209,50;3178,41
2014-07-24;3220,07;3190,22;3223,88;3170,04
2014-07-25;3174,99;3213,23;3220,49;3165,77
2014-07-28;3171,55;3183,03;3189,44;3147,85
2014-07-29;3190,54;3176,10;3206,06;3163,69
2014-07-30;3169,23;3184,79;3210,67;3163,63
2014-07-31;3115,51;3174,40;3178,76;3109,26
2014-08-01;3072,57;3118,83;3118,83;3064,60
2014-08-04;3070,46;3082,59;3094,91;3061,85
2014-08-05;3072,20;3080,80;3095,13;3061,28
2014-08-06;3050,37;3062,21;3062,21;3018,26
2014-08-07;3012,88;3049,41;3060,37;3008,33
2014-08-08;3006,83;3001,42;3025,66;2977,52
2014-08-11;3047,56;3019,44;3053,52;3019,44
2014-08-12;3023,77;3042,79;3051,24;3017,64
2014-08-13;3056,17;3032,35;3062,24;3032,35
2014-08-14;3058,16;3048,67;3072,27;3032,05
2014-08-15;3033,52;3063,28;3093,74;3028,61
2014-08-18;3073,45;3056,65;3081,71;3056,65
2014-08-19;3091,11;3079,12;3095,17;3079,12
2014-08-20;3083,50;3086,31;3092,15;3065,16
2014-08-21;3124,56;3085,71;3124,56;3075,57
2014-08-22;3098,50;3123,90;3127,80;3084,02
2014-08-25;3165,47;3123,56;3165,47;3123,56
2014-08-26;3197,54;3160,37;3198,39;3151,78
2014-08-27;3194,45;3194,06;3202,85;3182,48
2014-08-28;3164,44;3190,85;3191,46;3154,72
2014-08-29;3172,63;3171,70;3186,16;3139,10
2014-09-01;3175,05;3175,56;3182,00;3158,27
2014-09-02;3180,29;3180,89;3198,77;3174,88
2014-09-03;3218,84;3190,74;3233,99;3190,74
2014-09-04;3277,25;3209,10;3286,59;3201,44
2014-09-05;3275,25;3275,66;3284,83;3258,59
2014-09-08;3267,54;3276,20;3278,56;3255,32
2014-09-09;3245,43;3260,34;3268,24;3242,07
2014-09-10;3244,16;3241,34;3248,02;3225,68
2014-09-11;3237,76;3252,39;3255,12;3216,27
2014-09-12;3235,07;3243,27;3245,07;3221,19
2014-09-15;3231,70;3228,67;3239,76;3219,80
2014-09-16;3221,73;3229,17;3229,17;3206,71
2014-09-17;3237,44;3233,43;3246,01;3229,45
2014-09-18;3271,37;3239,23;3273,44;3236,96
2014-09-19;3273,25;3287,30;3301,15;3266,62
2014-09-22;3257,48;3262,52;3274,36;3252,73
2014-09-23;3205,93;3253,00;3253,00;3201,84
2014-09-24;3244,01;3209,62;3245,04;3192,01
2014-09-25;3202,31;3242,07;3259,23;3192,75
2014-09-26;3219,58;3205,34;3231,27;3188,39
2014-09-29;3186,95;3218,39;3223,07;3167,46
2014-09-30;3225,93;3199,44;3236,59;3191,80
2014-10-01;3195,08;3217,81;3236,58;3188,86
2014-10-02;3106,42;3190,03;3197,45;3106,42
2014-10-03;3133,37;3125,27;3140,13;3116,73
2014-10-06;3138,67;3149,62;3169,86;3133,71
2014-10-07;3082,10;3128,89;3128,89;3082,10
2014-10-08;3053,31;3073,47;3087,11;3043,83
2014-10-09;3042,45;3071,34;3090,45;3028,32
2014-10-10;2991,50;3030,52;3034,87;2987,00
2014-10-13;2998,32;2970,21;3017,25;2963,92
2014-10-14;3000,99;2982,95;3008,93;2947,49
2014-10-15;2892,55;3001,05;3005,38;2888,94
2014-10-16;2874,65;2911,14;2926,82;2789,63
2014-10-17;2962,24;2880,14;2966,15;2872,53
2014-10-20;2927,30;2957,24;2957,24;2907,46
2014-10-21;2991,46;2918,40;2991,46;2906,04
2014-10-22;3008,53;2995,06;3008,81;2971,89
2014-10-23;3044,30;2999,63;3051,49;2972,11
2014-10-24;3030,37;3033,58;3043,94;3016,48
2014-10-27;2998,84;3052,23;3062,04;2976,29
2014-10-28;3036,15;3018,21;3043,15;3012,57
2014-10-29;3022,42;3044,52;3052,43;3017,54
2014-10-30;3035,90;3030,76;3049,96;2965,57
2014-10-31;3113,32;3067,58;3120,19;3064,63
2014-11-03;3082,32;3107,80;3117,04;3075,60
2014-11-04;3034,24;3077,04;3098,24;3028,33
2014-11-05;3091,54;3059,12;3094,79;3046,64
2014-11-06;3102,07;3081,64;3142,60;3067,60
2014-11-07;3064,92;3106,84;3111,41;3043,43
2014-11-10;3094,60;3060,98;3094,69;3050,38
2014-11-11;3104,59;3096,97;3118,49;3090,98
2014-11-12;3047,30;3096,24;3099,65;3042,76
2014-11-13;3056,80;3059,85;3078,15;3026,41
2014-11-14;3059,99;3064,32;3068,43;3031,25
2014-11-17;3084,79;3044,81;3093,88;3031,26
2014-11-18;3120,42;3087,63;3124,48;3085,19
2014-11-19;3123,12;3121,21;3140,38;3110,92
2014-11-20;3102,21;3120,76;3120,90;3075,55
2014-11-21;3194,22;3107,05;3195,40;3107,05
2014-11-24;3211,70;3197,53;3236,24;3193,38
2014-11-25;3226,15;3210,67;3248,18;3207,20
2014-11-26;3226,08;3228,05;3243,89;3217,33
2014-11-27;3244,92;3228,84;3248,91;3222,85
2014-11-28;3250,93;3241,45;3250,93;3223,11
2014-12-01;3232,91;3228,68;3240,09;3213,46
2014-12-02;3238,35;3241,04;3261,69;3223,44
2014-12-03;3247,72;3238,94;3257,71;3235,67
2014-12-04;3191,25;3253,89;3273,00;3186,06
2014-12-05;3277,38;3210,22;3278,63;3210,22
2014-12-08;3247,99;3266,90;3272,79;3247,99
2014-12-09;3162,77;3229,21;3229,21;3162,48
2014-12-10;3150,95;3171,35;3199,17;3140,20
2014-12-11;3159,11;3146,65;3176,87;3131,36
2014-12-12;3067,32;3146,07;3146,07;3065,41
2014-12-15;2982,90;3063,76;3093,98;2980,90
2014-12-16;3049,99;2994,06;3050,79;2921,73
2014-12-17;3051,99;3021,16;3065,80;3004,20
2014-12-18;3153,77;3080,46;3153,77;3080,46
2014-12-19;3141,28;3170,86;3182,36;3111,37
2014-12-22;3154,91;3150,31;3176,33;3141,17
2014-12-23;3192,47;3162,27;3192,47;3151,97
2014-12-24;3184,66;3188,69;3191,24;3183,43
2014-12-29;3185,17;3188,50;3188,50;3131,87
2014-12-30;3135,95;3171,20;3171,20;3135,95
2014-12-31;3146,43;3140,24;3146,48;3139,22
2015-01-02;3139,44;3169,75;3177,04;3114,76
2015-01-05;3023,14;3126,81;3150,09;3020,79
2015-01-06;3007,91;3033,44;3061,19;2998,53
2015-01-07;3026,79;3019,47;3055,87;3002,78
2015-01-08;3135,08;3051,26;3139,92;3051,26
2015-01-09;3042,90;3128,42;3128,42;3021,23
2015-01-12;3084,18;3055,66;3096,91;3033,34
2015-01-13;3133,86;3069,82;3146,54;3065,37
2015-01-14;3089,67;3108,34;3148,26;3077,24
2015-01-15;3157,36;3112,37;3169,19;3020,54
2015-01-16;3202,24;3147,53;3208,30;3133,90
2015-01-19;3220,90;3208,62;3238,06;3198,36
2015-01-20;3244,92;3229,34;3257,65;3226,74
2015-01-21;3269,73;3253,45;3269,73;3210,95
2015-01-22;3322,65;3270,40;3332,51;3261,85
2015-01-23;3382,55;3345,45;3412,76;3345,45
2015-01-26;3414,28;3372,03;3417,46;3362,63
2015-01-27;3372,58;3413,33;3413,33;3353,13
2015-01-28;3358,96;3384,21;3393,93;3333,36
2015-01-29;3371,83;3341,18;3373,18;3326,38
2015-01-30;3351,44;3386,59;3392,70;3332,39
2015-02-02;3370,11;3356,13;3370,81;3327,08
2015-02-03;3414,18;3386,55;3426,67;3386,55
2015-02-04;3415,53;3416,80;3422,04;3389,20
2015-02-05;3408,96;3393,62;3410,52;3376,75
2015-02-06;3398,16;3404,94;3408,88;3383,75
2015-02-09;3347,75;3371,51;3371,51;3321,59
2015-02-10;3383,13;3353,84;3401,13;3335,82
2015-02-11;3374,14;3384,28;3389,92;3361,47
2015-02-12;3417,61;3371,57;3433,51;3365,25
2015-02-13;3447,59;3428,90;3462,27;3428,90
2015-02-16;3433,30;3445,44;3446,52;3431,29
2015-02-17;3438,44;3420,93;3443,83;3381,29
2015-02-18;3465,80;3450,12;3473,58;3450,12
2015-02-19;3488,08;3459,49;3493,67;3439,18
2015-02-20;3490,53;3483,58;3495,30;3454,81
2015-02-23;3519,58;3510,81;3529,01;3498,27
2015-02-24;3547,10;3523,99;3555,31;3510,45
2015-02-25;3541,78;3544,81;3549,03;3529,12
2015-02-26;3574,94;3542,21;3576,34;3537,19
2015-02-27;3599,00;3574,33;3599,00;3563,15
2015-03-02;3591,09;3594,25;3607,97;3577,51
2015-03-03;3549,11;3595,36;3604,75;3546,29
2015-03-04;3583,44;3555,91;3583,44;3533,40
2015-03-05;3618,21;3590,10;3626,06;3589,20
2015-03-06;3617,62;3615,00;3635,93;3611,10
2015-03-09;3610,28;3604,13;3614,58;3585,12
2015-03-10;3567,25;3605,81;3610,83;3552,43
2015-03-11;3649,54;3574,98;3653,94;3574,98
2015-03-12;3641,32;3646,35;3653,38;3635,77
2015-03-13;3656,21;3649,46;3656,21;3628,14
2015-03-16;3706,75;3664,53;3715,36;3664,53
2015-03-17;3672,16;3708,04;3714,02;3654,53
2015-03-18;3668,52;3673,97;3680,57;3643,13
2015-03-19;3670,73;3666,35;3690,63;3646,29
2015-03-20;3726,07;3676,14;3738,20;3672,60
2015-03-23;3699,04;3718,45;3718,45;3688,73
2015-03-24;3731,35;3690,92;3742,42;3677,31
2015-03-25;3684,04;3724,75;3730,80;3680,15
2015-03-26;3669,79;3664,15;3669,79;3616,75
2015-03-27;3679,03;3677,71;3694,46;3657,78
2015-03-30;3727,80;3689,39;3730,90;3689,39
2015-03-31;3697,38;3724,36;3738,41;3688,55
2015-04-01;3714,89;3688,18;3748,63;3675,29
2015-04-02;3715,27;3713,74;3723,34;3705,65
2015-04-07;3768,72;3729,27;3778,74;3729,27
2015-04-08;3742,63;3764,60;3774,09;3736,32
2015-04-09;3781,79;3752,66;3781,79;3751,19
2015-04-10;3816,76;3790,26;3816,76;3789,64
2015-04-13;3828,78;3813,96;3836,28;3807,73
2015-04-14;3784,53;3820,13;3822,92;3766,81
2015-04-15;3803,55;3790,56;3816,32;3786,36
2015-04-16;3751,72;3801,38;3801,38;3749,16
2015-04-17;3674,05;3748,09;3758,52;3668,88
2015-04-20;3718,04;3682,32;3718,20;3682,32
2015-04-21;3719,38;3727,15;3757,12;3707,47
2015-04-22;3724,49;3727,10;3750,10;3685,19
2015-04-23;3697,88;3725,68;3736,97;3669,22
2015-04-24;3713,96;3707,00;3739,11;3687,52
2015-04-27;3771,45;3715,98;3782,29;3675,24
2015-04-28;3715,42;3765,25;3768,58;3694,41
2015-04-29;3617,11;3719,45;3734,62;3612,29
2015-04-30;3615,59;3609,51;3641,77;3577,69
2015-05-01;3615,59;3615,59;3615,59;3615,59
2015-05-04;3632,94;3615,30;3654,82;3584,13
2015-05-05;3546,56;3628,53;3666,47;3544,16
2015-05-06;3558,03;3546,59;3585,36;3527,50
2015-05-07;3556,21;3538,02;3567,08;3484,07
2015-05-08;3649,48;3570,69;3649,79;3564,07
2015-05-11;3624,41;3635,81;3635,81;3606,59
2015-05-12;3573,10;3608,94;3608,94;3543,27
2015-05-13;3553,42;3581,35;3614,54;3539,67
2015-05-14;3602,22;3544,93;3610,61;3512,75
2015-05-15;3573,07;3609,65;3627,27;3554,85
2015-05-18;3589,22;3571,49;3595,33;3531,23
2015-05-19;3670,52;3610,24;3675,07;3610,24
2015-05-20;3683,48;3668,49;3688,39;3651,90
2015-05-21;3688,72;3676,42;3689,02;3660,02
2015-05-22;3679,14;3686,63;3691,42;3669,13
2015-05-25;3655,41;3677,21;3677,21;3646,24
2015-05-26;3619,30;3655,37;3675,17;3604,90
2015-05-27;3682,87;3632,01;3690,57;3618,86
2015-05-28;3650,71;3667,26;3672,18;3622,92
2015-05-29;3570,78;3651,36;3656,99;3569,76
2015-06-01;3575,04;3582,08;3602,21;3552,73
2015-06-02;3561,89;3588,70;3590,51;3532,01
2015-06-03;3583,82;3569,79;3622,52;3555,53
2015-06-04;3556,38;3571,26;3595,69;3509,72
2015-06-05;3510,01;3532,24;3539,82;3494,68
2015-06-08;3468,31;3498,97;3515,86;3468,31
2015-06-09;3456,79;3463,18;3475,58;3410,23
2015-06-10;3526,48;3443,13;3540,35;3430,97
2015-06-11;3551,91;3519,27;3589,33;3514,68
2015-06-12;3502,77;3545,09;3557,89;3465,76
2015-06-15;3438,07;3479,78;3479,78;3426,76
2015-06-16;3454,09;3419,03;3465,08;3386,54
2015-06-17;3428,76;3453,43;3469,59;3416,83
2015-06-18;3450,45;3421,65;3451,72;3374,18
2015-06-19;3455,80;3453,60;3498,38;3446,50
2015-06-22;3596,07;3497,09;3601,88;3497,09
2015-06-23;3625,97;3620,02;3651,31;3613,51
2015-06-24;3610,95;3628,11;3638,19;3580,56
2015-06-25;3610,91;3590,56;3651,01;3577,74
2015-06-26;3621,37;3588,86;3642,85;3569,58
2015-06-29;3468,90;3544,29;3544,29;3449,14
2015-06-30;3424,30;3460,85;3495,01;3416,51
2015-07-01;3496,28;3444,20;3532,88;3437,98
2015-07-02;3463,25;3503,11;3510,02;3461,14
2015-07-03;3441,76;3462,76;3469,55;3422,89
2015-07-06;3365,20;3405,71;3410,89;3358,60
2015-07-07;3294,19;3369,98;3378,68;3291,39
2015-07-08;3327,50;3297,81;3345,95;3292,60
2015-07-09;3420,03;3337,17;3433,83;3337,17
2015-07-10;3528,81;3474,16;3536,90;3474,16
2015-07-13;3590,43;3562,39;3600,25;3561,80
2015-07-14;3607,19;3588,42;3607,19;3571,72
2015-07-15;3623,87;3605,21;3629,46;3597,10
2015-07-16;3676,41;3638,78;3696,43;3638,78
2015-07-17;3670,34;3683,39;3688,22;3662,22
2015-07-20;3686,58;3673,00;3714,26;3673,00
2015-07-21;3647,96;3689,62;3696,54;3640,30
2015-07-22;3635,58;3629,53;3648,89;3623,76
2015-07-23;3634,64;3657,36;3663,85;3620,89
2015-07-24;3600,00;3629,14;3652,92;3597,57
2015-07-27;3513,10;3587,95;3587,95;3513,10
2015-07-28;3554,11;3531,71;3568,02;3523,45
2015-07-29;3575,53;3565,14;3583,10;3545,80
2015-07-30;3583,79;3595,09;3599,63;3553,98
2015-07-31;3600,69;3590,56;3600,69;3557,69
2015-08-03;3635,40;3599,21;3641,22;3587,98
2015-08-04;3619,31;3630,65;3630,65;3602,35
2015-08-05;3676,75;3627,28;3680,71;3627,28
2015-08-06;3668,47;3669,44;3686,57;3662,52
2015-08-07;3637,80;3662,63;3666,22;3636,56
2015-08-10;3674,94;3650,49;3678,20;3622,33
2015-08-11;3605,28;3666,93;3666,93;3602,26
2015-08-12;3484,41;3579,86;3579,86;3473,20
2015-08-13;3516,15;3519,51;3554,44;3508,65
2015-08-14;3491,03;3516,76;3539,09;3476,35
2015-08-17;3497,90;3509,37;3537,10;3456,61
2015-08-18;3495,38;3494,30;3510,65;3480,14
2015-08-19;3429,84;3474,91;3479,40;3429,84
2015-08-20;3353,48;3418,11;3426,18;3347,13
2015-08-21;3247,26;3319,35;3352,76;3247,26
2015-08-24;3073,39;3174,93;3186,40;2973,16
2015-08-25;3218,01;3105,52;3237,52;3105,48
2015-08-26;3170,73;3187,36;3224,52;3124,77
2015-08-27;3280,78;3220,11;3301,14;3220,11
2015-08-28;3286,59;3285,58;3290,18;3252,52
2015-08-31;3269,63;3265,92;3277,78;3237,73
2015-09-01;3188,73;3238,95;3238,95;3161,16
2015-09-02;3198,86;3196,05;3230,61;3168,82
2015-09-03;3270,09;3223,29;3296,32;3222,85
2015-09-04;3180,25;3247,35;3247,35;3159,89
2015-09-07;3197,97;3202,25;3225,46;3185,93
2015-09-08;3233,84;3214,39;3275,61;3214,39
2015-09-09;3269,98;3281,28;3326,86;3269,98
2015-09-10;3221,14;3244,21;3266,72;3210,24
2015-09-11;3187,94;3231,81;3233,48;3182,36
2015-09-14;3175,62;3192,51;3221,44;3171,56
2015-09-15;3207,60;3181,88;3224,22;3158,51
2015-09-16;3251,79;3232,07;3259,49;3232,07
2015-09-17;3255,79;3260,22;3266,93;3241,28
2015-09-18;3157,30;3237,50;3237,50;3139,99
2015-09-21;3184,72;3158,92;3199,04;3147,90
2015-09-22;3076,05;3185,02;3185,65;3069,36
2015-09-23;3079,99;3076,26;3123,59;3058,61
2015-09-24;3019,34;3078,90;3101,06;2996,64
2015-09-25;3113,16;3056,57;3130,17;3056,57
2015-09-28;3039,44;3103,43;3111,42;3030,15
2015-09-29;3029,86;3006,46;3056,70;2987,47
2015-09-30;3100,67;3043,41;3117,45;3043,41
2015-10-01;3069,05;3113,01;3142,73;3057,82
2015-10-02;3088,18;3077,06;3127,28;3036,17
2015-10-05;3190,39;3111,35;3202,13;3111,35
2015-10-06;3220,09;3189,50;3234,43;3166,51
2015-10-07;3226,40;3233,31;3270,64;3217,45
2015-10-08;3224,96;3223,53;3233,98;3204,53
2015-10-09;3250,31;3244,41;3269,58;3240,95
2015-10-12;3247,33;3251,47;3264,49;3230,03
2015-10-13;3221,28;3239,33;3239,33;3192,00
2015-10-14;3191,57;3217,06;3226,55;3178,43
2015-10-15;3238,81;3203,68;3245,03;3203,68
2015-10-16;3264,93;3242,68;3272,62;3242,68
2015-10-19;3272,04;3263,68;3294,43;3258,55
2015-10-20;3255,72;3273,67;3281,37;3239,49
2015-10-21;3272,23;3263,18;3282,96;3237,56
2015-10-22;3353,11;3269,47;3362,61;3258,39
2015-10-23;3425,81;3374,25;3450,61;3374,25
2015-10-26;3414,60;3422,41;3433,72;3402,39
2015-10-27;3381,01;3410,41;3417,02;3381,01
2015-10-28;3421,09;3383,77;3429,55;3383,77
2015-10-29;3413,39;3427,79;3435,12;3387,69
2015-10-30;3418,23;3415,90;3426,87;3392,34
2015-11-02;3434,50;3404,38;3446,73;3382,82
2015-11-03;3442,68;3433,42;3444,17;3415,11
2015-11-04;3439,16;3451,47;3472,68;3435,51
2015-11-05;3447,49;3441,92;3475,51;3421,27
2015-11-06;3468,21;3440,34;3485,55;3424,00
2015-11-09;3418,36;3467,79;3474,33;3417,02
2015-11-10;3425,40;3426,70;3438,27;3393,69
2015-11-11;3448,42;3426,30;3469,49;3426,30
2015-11-12;3387,70;3445,75;3459,72;3381,05
2015-11-13;3360,65;3385,52;3393,26;3326,82
2015-11-16;3362,23;3347,98;3378,35;3326,20
2015-11-17;3451,94;3371,12;3451,94;3371,12
2015-11-18;3431,92;3449,08;3449,08;3414,90
2015-11-19;3448,93;3447,01;3475,79;3437,96
2015-11-20;3452,45;3452,11;3469,19;3426,78
2015-11-23;3445,26;3449,64;3457,69;3422,93
2015-11-24;3409,60;3440,57;3440,57;3375,84
2015-11-25;3462,06;3410,60;3472,70;3402,83
2015-11-26;3498,62;3458,40;3507,46;3455,01
2015-11-27;3488,99;3491,67;3512,46;3473,40
2015-11-30;3506,45;3486,17;3524,04;3471,48
2015-12-01;3479,64;3509,90;3520,03;3468,78
2015-12-02;3468,66;3482,93;3499,06;3463,33
2015-12-03;3343,34;3464,81;3514,39;3343,34
2015-12-04;3330,75;3342,18;3348,77;3295,98
2015-12-07;3360,21;3334,57;3394,93;3334,57
2015-12-08;3297,46;3359,02;3359,02;3282,81
2015-12-09;3277,21;3299,82;3316,44;3262,68
2015-12-10;3269,97;3268,54;3288,08;3246,96
2015-12-11;3203,21;3262,07;3267,51;3189,93
2015-12-14;3139,24;3210,83;3243,98;3137,28
2015-12-15;3241,51;3149,50;3248,24;3149,50
2015-12-16;3246,78;3245,40;3278,24;3227,28
2015-12-17;3306,47;3268,81;3345,20;3268,81
2015-12-18;3260,72;3289,49;3301,40;3243,28
2015-12-21;3213,01;3244,75;3292,41;3213,01
2015-12-22;3214,32;3224,49;3243,77;3187,38
2015-12-23;3286,68;3239,06;3292,95;3239,06
2015-12-24;3284,47;3285,06;3286,65;3279,47
2015-12-28;3256,49;3287,54;3291,96;3251,85
2015-12-29;3314,28;3269,69;3314,28;3269,69
2015-12-30;3287,98;3309,88;3313,31;3285,75
2015-12-31;3267,52;3287,49;3287,49;3267,52
2016-01-04;3164,76;3266,01;3266,01;3147,88
2016-01-05;3178,01;3173,15;3195,79;3136,32
2016-01-06;3139,32;3170,64;3172,55;3110,79
2016-01-07;3084,68;3130,46;3130,46;3027,57
2016-01-08;3033,47;3087,42;3114,45;3033,47
2016-01-11;3027,49;3030,31;3074,78;3027,49
2016-01-12;3064,66;3026,70;3099,54;3019,68
2016-01-13;3073,02;3084,87;3124,98;3060,16
2016-01-14;3024,00;3064,99;3064,99;2972,18
2016-01-15;2952,48;3023,68;3028,64;2931,24
2016-01-18;2935,39;2951,17;2983,29;2915,66
2016-01-19;2980,49;2956,59;3008,51;2956,59
2016-01-20;2882,59;2947,84;2947,84;2855,44
2016-01-21;2943,92;2884,53;2967,17;2874,31
2016-01-22;3023,21;2949,94;3046,29;2949,94
2016-01-25;3001,78;3029,45;3037,12;2987,95
2016-01-26;3032,84;2975,81;3041,67;2945,31
2016-01-27;3043,47;3024,83;3043,47;2997,71
2016-01-28;2979,42;3037,03;3055,38;2955,86
2016-01-29;3045,09;2989,48;3045,09;2989,48
2016-02-01;3021,01;3048,75;3051,84;2989,88
2016-02-02;2951,85;3014,98;3014,98;2933,17
2016-02-03;2896,63;2945,50;2948,18;2862,40
2016-02-04;2905,30;2906,82;2936,12;2866,19
2016-02-05;2879,39;2908,00;2932,85;2869,92
2016-02-08;2785,17;2885,56;2894,47;2772,70
2016-02-09;2736,50;2789,28;2809,41;2710,89
2016-02-10;2789,05;2748,24;2827,95;2734,08
2016-02-11;2680,35;2782,02;2782,02;2672,73
2016-02-12;2756,16;2689,98;2756,16;2689,98
2016-02-15;2833,87;2786,21;2855,12;2786,21
2016-02-16;2821,26;2844,05;2860,27;2804,25
2016-02-17;2897,72;2823,67;2900,70;2822,32
2016-02-18;2895,15;2909,49;2936,32;2883,53
2016-02-19;2871,05;2895,06;2903,32;2844,32
2016-02-22;2933,91;2877,64;2936,23;2877,64
2016-02-23;2887,38;2929,14;2934,52;2886,34
2016-02-24;2820,24;2885,89;2887,13;2801,43
2016-02-25;2877,42;2832,56;2892,82;2832,56
2016-02-26;2929,16;2893,12;2951,13;2893,12
2016-02-29;2945,75;2911,24;2946,74;2879,60
2016-03-01;2996,39;2944,77;2996,78;2930,24
2016-03-02;3022,14;2999,19;3030,63;2994,51
2016-03-03;3012,87;3023,79;3027,70;2996,72
2016-03-04;3037,35;3018,18;3056,22;3012,02
2016-03-07;3021,09;3029,89;3033,60;2997,26
2016-03-08;3002,01;3014,15;3026,04;2968,51
2016-03-09;3016,18;3003,81;3047,38;3001,96
2016-03-10;2970,78;3017,80;3128,71;2970,78
2016-03-11;3073,80;2997,34;3074,70;2997,34
2016-03-14;3091,98;3082,09;3116,32;3079,77
2016-03-15;3067,21;3084,33;3084,33;3053,49
2016-03-16;3062,05;3069,29;3087,72;3045,53
2016-03-17;3043,10;3087,31;3089,58;2990,37
2016-03-18;3059,77;3043,29;3067,97;3022,27
2016-03-21;3048,77;3049,12;3088,08;3031,07
2016-03-22;3051,23;3034,35;3051,23;2997,11
2016-03-23;3042,42;3055,77;3076,20;3024,34
2016-03-24;2986,73;3036,02;3036,02;2985,06
2016-03-29;3004,87;2993,90;3023,42;2983,45
2016-03-30;3044,10;3013,70;3062,71;3013,70
2016-03-31;3004,93;3038,73;3038,73;2998,70
2016-04-01;2953,28;2984,36;2984,36;2916,96
2016-04-04;2962,28;2948,62;2993,71;2930,25
2016-04-05;2890,35;2951,58;2951,58;2887,35
2016-04-06;2909,36;2894,73;2911,56;2882,21
2016-04-07;2871,57;2910,83;2924,70;2860,32
2016-04-08;2911,98;2877,83;2921,25;2877,83
2016-04-11;2924,23;2910,75;2946,37;2883,46
2016-04-12;2942,09;2927,19;2944,12;2899,90
2016-04-13;3039,19;2956,82;3039,19;2956,82
2016-04-14;3060,86;3039,35;3061,99;3028,91
2016-04-15;3054,34;3055,73;3061,95;3043,46
2016-04-18;3064,03;3050,00;3071,67;3006,03
2016-04-19;3112,99;3070,46;3118,28;3070,46
2016-04-20;3142,52;3111,06;3147,19;3095,63
2016-04-21;3151,69;3146,49;3156,86;3124,49
2016-04-22;3141,12;3151,56;3153,31;3127,82
2016-04-25;3117,62;3141,57;3146,09;3103,11
2016-04-26;3121,29;3119,94;3148,44;3108,88
2016-04-27;3130,43;3121,46;3133,61;3109,11
2016-04-28;3125,43;3117,32;3126,40;3067,61
2016-04-29;3028,21;3106,17;3106,17;3028,21
2016-05-02;3032,60;3037,62;3045,63;3019,96
2016-05-03;2974,20;3029,10;3029,10;2972,06
2016-05-04;2938,75;2967,43;2982,35;2934,33
2016-05-05;2940,35;2944,11;2959,86;2928,19
2016-05-06;2936,84;2938,62;2950,20;2893,63
2016-05-09;2955,83;2947,01;2985,69;2938,31
2016-05-10;2978,97;2964,32;3003,40;2963,99
2016-05-11;2956,71;2975,47;2979,58;2940,24
2016-05-12;2935,46;2951,28;2988,62;2925,84
2016-05-13;2956,63;2923,64;2967,87;2904,09
2016-05-16;2951,39;2947,97;2954,66;2929,15
2016-05-17;2938,09;2956,29;2991,32;2922,76
2016-05-18;2956,43;2931,16;2957,01;2916,77
2016-05-19;2919,22;2948,72;2949,60;2917,61
2016-05-20;2962,16;2930,43;2963,11;2930,43
2016-05-23;2932,93;2962,52;2965,43;2922,12
2016-05-24;3010,12;2929,28;3017,25;2918,23
2016-05-25;3061,60;3018,81;3069,56;3018,81
2016-05-26;3071,21;3053,73;3074,24;3051,12
2016-05-27;3078,48;3066,45;3079,85;3060,31
2016-05-30;3090,01;3077,55;3091,58;3072,10
2016-05-31;3063,48;3090,55;3097,96;3056,87
2016-06-01;3038,77;3061,44;3064,06;3026,95
2016-06-02;3033,86;3034,83;3052,33;3023,62
2016-06-03;2997,55;3036,29;3054,42;2980,54
2016-06-06;3001,90;2991,69;3012,04;2991,49
2016-06-07;3040,69;3016,00;3052,45;3016,00
2016-06-08;3019,76;3038,01;3038,01;3008,51
2016-06-09;2989,03;3015,48;3015,48;2980,58
2016-06-10;2911,11;2983,28;2983,28;2908,61
2016-06-13;2853,52;2904,68;2904,68;2853,52
2016-06-14;2797,18;2838,26;2838,75;2795,66
2016-06-15;2830,30;2803,22;2850,43;2803,22
2016-06-16;2819,30;2820,10;2826,97;2784,90
2016-06-17;2849,17;2832,59;2872,04;2832,59
2016-06-20;2942,88;2858,94;2952,85;2858,94
2016-06-21;2967,34;2941,12;2977,52;2933,33
2016-06-22;2978,31;2979,89;3002,88;2967,23
2016-06-23;3037,86;2984,70;3057,71;2984,07
2016-06-24;2776,09;3030,93;3030,93;2736,43
2016-06-27;2697,44;2768,12;2793,15;2678,27
2016-06-28;2758,67;2723,53;2790,15;2723,53
2016-06-29;2832,18;2760,37;2836,32;2760,37
2016-06-30;2864,74;2825,56;2871,10;2802,42
2016-07-01;2883,06;2874,15;2895,20;2851,23
2016-07-04;2862,21;2884,97;2892,52;2859,30
2016-07-05;2812,88;2857,98;2857,98;2803,93
2016-07-06;2761,37;2798,29;2807,65;2742,66
2016-07-07;2780,10;2768,14;2807,65;2768,14
2016-07-08;2838,01;2774,35;2851,56;2768,62
2016-07-11;2885,32;2853,12;2888,50;2843,11
2016-07-12;2933,44;2887,09;2940,01;2883,32
2016-07-13;2926,14;2933,07;2944,87;2917,92
2016-07-14;2963,07;2936,05;2977,61;2936,05
2016-07-15;2958,65;2955,77;2969,09;2935,41
2016-07-18;2949,17;2959,74;2982,42;2930,38
2016-07-19;2931,10;2946,64;2948,50;2909,12
2016-07-20;2966,95;2941,50;2971,46;2934,84
2016-07-21;2968,49;2972,15;2978,41;2942,69
2016-07-22;2972,23;2964,44;2982,26;2946,27
2016-07-25;2973,22;2971,74;2998,17;2961,96
2016-07-26;2978,90;2973,80;2986,89;2951,11
2016-07-27;2999,48;2991,19;3016,82;2991,19
2016-07-28;2966,10;2998,98;3007,34;2966,10
2016-07-29;2990,76;2977,20;2990,76;2968,69
2016-08-01;2967,31;3001,36;3018,54;2959,49
2016-08-02;2906,98;2964,65;2964,65;2902,67
2016-08-03;2911,06;2912,53;2920,22;2892,52
2016-08-04;2932,34;2919,26;2946,01;2918,53
2016-08-05;2973,71;2937,01;2977,58;2932,85
2016-08-08;2982,92;2977,75;2998,88;2976,45
2016-08-09;3029,18;2982,34;3029,84;2979,90
2016-08-10;3018,46;3024,59;3030,76;3014,81
2016-08-11;3049,03;3022,27;3049,03;3015,31
2016-08-12;3044,94;3046,47;3050,21;3037,24
2016-08-15;3046,65;3046,14;3063,40;3043,72
2016-08-16;3016,19;3037,70;3040,62;3013,13
2016-08-17;2980,54;3022,86;3026,81;2979,11
2016-08-18;2995,30;2988,40;3002,78;2978,28
2016-08-19;2968,20;2995,34;2995,38;2950,48
2016-08-22;2960,37;2967,45;2998,38;2949,60
2016-08-23;2993,73;2969,78;3002,02;2969,78
2016-08-24;3008,59;2981,31;3018,09;2969,65
2016-08-25;2987,69;2999,58;2999,58;2971,54
2016-08-26;3010,36;2984,93;3016,90;2974,53
2016-08-29;2998,50;3004,57;3008,44;2974,73
2016-08-30;3030,75;3005,34;3041,07;3005,34
2016-08-31;3023,13;3027,03;3049,40;3022,39
2016-09-01;3017,49;3027,86;3054,36;3005,32
2016-09-02;3079,74;3025,83;3083,09;3018,40
2016-09-05;3077,66;3084,82;3094,88;3076,70
2016-09-06;3070,16;3083,70;3094,15;3067,51
2016-09-07;3091,66;3074,12;3096,11;3064,76
2016-09-08;3083,54;3089,68;3101,75;3043,13
2016-09-09;3053,20;3076,33;3086,36;3044,59
2016-09-12;3012,88;3041,73;3041,73;2983,45
2016-09-13;2974,80;3018,39;3032,29;2974,80
2016-09-14;2964,90;2982,67;2989,54;2962,20
2016-09-15;2973,77;2961,31;2978,14;2947,17
2016-09-16;2935,25;2968,63;2974,56;2929,44
2016-09-19;2968,31;2946,86;2971,78;2946,86
2016-09-20;2964,86;2966,96;2985,84;2959,13
2016-09-21;2982,18;2986,84;3009,99;2980,81
2016-09-22;3051,69;2999,19;3063,12;2999,19
2016-09-23;3032,31;3048,89;3048,89;3026,72
2016-09-26;2975,88;3020,00;3020,00;2973,20
2016-09-27;2970,84;2983,39;2997,02;2947,13
2016-09-28;2991,11;2977,75;3010,96;2977,75
2016-09-29;2991,58;3000,03;3032,59;2983,20
2016-09-30;3002,24;2977,19;3010,85;2922,82
2016-10-03;2998,50;2999,19;3008,38;2990,26
2016-10-04;3029,50;2999,80;3040,32;2995,29
2016-10-05;3026,28;3020,29;3031,33;2991,15
2016-10-06;3021,58;3033,10;3043,67;3015,87
2016-10-07;3000,57;3022,00;3027,06;2994,78
2016-10-10;3035,76;3003,26;3037,22;2984,60
2016-10-11;3020,69;3031,06;3051,12;3018,26
2016-10-12;3008,03;3018,37;3028,10;3005,42
2016-10-13;2975,04;2997,13;2997,13;2954,45
2016-10-14;3025,19;2978,42;3038,07;2978,42
2016-10-17;3008,72;3021,19;3026,46;3002,65
2016-10-18;3046,99;3014,59;3051,51;3014,59
2016-10-19;3055,94;3047,09;3062,99;3037,83
2016-10-20;3076,63;3059,84;3086,46;3045,91
2016-10-21;3077,65;3079,90;3086,15;3064,57
2016-10-24;3093,86;3085,36;3109,61;3085,36
2016-10-25;3087,41;3096,68;3107,45;3080,50
2016-10-26;3080,98;3086,07;3086,07;3059,99
2016-10-27;3085,17;3078,21;3096,79;3062,54
2016-10-28;3079,24;3066,78;3082,05;3050,24
2016-10-31;3055,25;3074,57;3074,57;3050,04
2016-11-01;3023,15;3063,20;3075,45;3017,80
2016-11-02;2980,17;3005,32;3005,32;2980,12
2016-11-03;2973,49;2978,41;3000,98;2972,89
2016-11-04;2954,53;2969,19;2969,19;2939,62
2016-11-07;3009,28;2962,22;3011,29;2962,22
2016-11-08;3023,43;3007,96;3026,82;3002,16
2016-11-09;3056,29;2995,50;3056,29;2937,98
2016-11-10;3046,59;3070,63;3105,16;3029,61
2016-11-11;3030,02;3048,61;3068,03;3014,77
2016-11-14;3039,80;3038,62;3070,79;3028,81
2016-11-15;3049,72;3038,31;3053,84;3029,95
2016-11-16;3026,36;3054,74;3061,15;3009,78
2016-11-17;3041,79;3019,39;3041,79;3013,45
2016-11-18;3020,83;3046,04;3056,06;3014,70
2016-11-21;3032,97;3027,07;3042,27;3003,82
2016-11-22;3044,33;3047,19;3061,23;3043,31
2016-11-23;3032,14;3046,06;3050,43;3015,48
2016-11-24;3040,60;3037,80;3048,16;3028,18
2016-11-25;3048,38;3044,28;3048,85;3030,57
2016-11-28;3016,80;3041,31;3041,31;3009,01
2016-11-29;3038,42;3013,49;3038,99;3004,86
2016-11-30;3051,61;3035,87;3064,28;3033,43
2016-12-01;3030,98;3044,57;3050,65;3021,22
2016-12-02;3015,13;3017,28;3025,03;2984,48
2016-12-05;3052,75;3013,89;3072,59;2996,30
2016-12-06;3100,76;3054,25;3104,67;3047,36
2016-12-07;3142,24;3109,15;3142,24;3109,15
2016-12-08;3185,79;3148,92;3195,08;3141,42
2016-12-09;3197,54;3185,42;3205,37;3178,88
2016-12-12;3199,11;3196,40;3206,82;3189,67
2016-12-13;3236,71;3199,38;3239,69;3193,38
2016-12-14;3211,71;3227,40;3231,26;3209,50
2016-12-15;3249,74;3213,39;3255,07;3213,39
2016-12-16;3259,24;3250,17;3276,56;3239,87
2016-12-19;3257,85;3259,23;3261,00;3249,59
2016-12-20;3279,41;3255,35;3279,59;3251,81
2016-12-21;3270,75;3273,13;3277,68;3262,74
2016-12-22;3269,51;3267,73;3275,42;3259,27
2016-12-23;3273,97;3269,09;3278,74;3265,55
2016-12-27;3278,53;3275,30;3281,35;3270,94
2016-12-28;3278,72;3277,55;3278,88;3272,37
2016-12-29;3271,76;3270,36;3275,19;3259,62
2016-12-30;3290,52;3271,40;3290,52;3260,83
2017-01-02;3308,67;3278,84;3314,06;3272,76
2017-01-03;3315,02;3316,53;3334,44;3310,46
2017-01-04;3317,52;3316,78;3325,50;3302,99
2017-01-05;3316,47;3306,31;3323,16;3300,77
2017-01-06;3321,17;3311,35;3322,60;3299,66
2017-01-09;3308,97;3324,45;3326,31;3296,53
2017-01-10;3306,21;3310,63;3318,24;3295,50
2017-01-11;3307,94;3306,82;3324,52;3285,21
2017-01-12;3286,70;3299,74;3305,75;3281,37
2017-01-13;3324,34;3296,78;3326,97;3296,43
2017-01-16;3294,53;3313,56;3313,56;3294,53
2017-01-17;3285,04;3290,62;3300,50;3266,10
2017-01-18;3294,00;3291,64;3300,24;3274,73
2017-01-19;3290,33;3297,76;3306,12;3282,53
2017-01-20;3299,44;3290,11;3312,14;3278,82
2017-01-23;3273,04;3284,87;3291,76;3262,61
2017-01-24;3281,53;3276,62;3283,38;3269,03
2017-01-25;3326,15;3290,90;3334,16;3290,90
2017-01-26;3319,13;3332,35;3342,47;3310,26
2017-01-27;3303,33;3318,20;3318,35;3294,78
2017-01-30;3262,72;3294,99;3296,27;3253,75
2017-01-31;3230,68;3263,87;3282,45;3230,68
2017-02-01;3258,92;3243,90;3273,94;3243,90
2017-02-02;3253,61;3258,08;3265,45;3242,31
2017-02-03;3273,11;3259,77;3283,86;3258,56
2017-02-06;3238,31;3274,87;3282,96;3235,23
2017-02-07;3235,71;3239,02;3252,29;3227,26
2017-02-08;3238,04;3240,82;3250,81;3214,31
2017-02-09;3277,79;3248,07;3281,47;3243,53
2017-02-10;3270,83;3281,29;3289,93;3264,84
2017-02-13;3305,23;3275,22;3314,66;3275,22
2017-02-14;3308,89;3305,61;3310,80;3297,48
2017-02-15;3323,71;3315,14;3334,12;3311,39
2017-02-16;3311,04;3321,59;3327,59;3304,31
2017-02-17;3308,81;3310,73;3316,03;3282,42
2017-02-20;3312,39;3321,66;3330,11;3305,33
2017-02-21;3339,33;3313,62;3345,99;3301,15
2017-02-22;3339,27;3341,54;3355,40;3324,68
2017-02-23;3333,96;3337,97;3350,16;3326,46
2017-02-24;3304,09;3333,70;3334,68;3280,36
2017-02-27;3309,30;3311,82;3322,97;3303,61
2017-02-28;3319,61;3313,13;3324,94;3303,12
2017-03-01;3390,20;3335,77;3393,23;3335,77
2017-03-02;3384,71;3389,56;3391,18;3378,70
2017-03-03;3403,39;3381,12;3407,61;3371,42
2017-03-06;3387,46;3397,72;3397,72;3379,50
2017-03-07;3385,12;3386,95;3390,92;3374,48
2017-03-08;3389,62;3381,81;3401,74;3376,07
2017-03-09;3409,89;3387,80;3417,08;3379,24
2017-03-10;3416,27;3417,64;3441,50;3414,84
2017-03-13;3415,49;3417,02;3422,28;3409,17
2017-03-14;3399,43;3417,59;3417,59;3390,04
2017-03-15;3409,32;3399,45;3412,77;3399,01
2017-03-16;3439,96;3427,00;3450,10;3427,00
2017-03-17;3448,41;3436,33;3457,17;3428,86
2017-03-20;3437,48;3441,56;3448,88;3431,88
2017-03-21;3429,62;3448,60;3471,50;3421,03
2017-03-22;3420,70;3415,53;3428,62;3397,67
2017-03-23;3452,18;3421,34;3452,26;3413,58
2017-03-24;3444,15;3450,01;3450,01;3433,45
2017-03-27;3437,14;3432,63;3437,14;3411,48
2017-03-28;3465,07;3439,66;3466,37;3437,67
2017-03-29;3475,27;3469,97;3484,02;3463,96
2017-03-30;3481,58;3475,84;3481,81;3463,17
2017-03-31;3500,93;3480,10;3500,93;3466,85
2017-04-03;3472,94;3504,26;3508,11;3472,70
2017-04-04;3481,66;3472,54;3481,66;3462,46
2017-04-05;3472,58;3484,54;3494,26;3469,88
2017-04-06;3489,57;3464,18;3493,33;3446,15
2017-04-07;3495,80;3482,84;3495,80;3470,92
2017-04-10;3480,44;3494,24;3494,88;3474,12
2017-04-11;3470,04;3467,10;3485,50;3446,84
2017-04-12;3468,51;3473,21;3497,72;3462,80
2017-04-13;3448,26;3463,50;3463,50;3442,19
2017-04-18;3409,78;3454,74;3460,94;3409,78
2017-04-19;3420,99;3408,42;3426,08;3407,33
2017-04-20;3440,03;3417,48;3449,49;3408,40
2017-04-21;3440,27;3440,71;3456,11;3419,76
2017-04-24;3577,38;3480,62;3579,45;3480,62
2017-04-25;3583,16;3581,36;3593,13;3573,65
2017-04-26;3578,71;3582,98;3582,98;3569,19
2017-04-27;3563,29;3573,02;3573,02;3555,57
2017-04-28;3559,59;3556,44;3571,63;3553,81
2017-05-01;3559,59;3559,59;3559,59;3559,59
2017-05-02;3578,21;3564,37;3578,36;3559,34
2017-05-03;3586,25;3577,34;3586,25;3571,17
2017-05-04;3627,88;3591,79;3627,88;3590,24
2017-05-05;3658,79;3620,67;3658,79;3609,53
2017-05-08;3642,11;3660,39;3666,80;3633,95
2017-05-09;3649,08;3647,16;3662,66;3647,16
2017-05-10;3645,74;3646,66;3648,27;3633,45
2017-05-11;3623,55;3649,34;3650,81;3607,87
2017-05-12;3637,52;3623,63;3637,52;3620,36
2017-05-15;3641,88;3640,38;3646,64;3621,08
2017-05-16;3641,89;3641,95;3648,69;3631,47
2017-05-17;3584,83;3626,25;3635,53;3571,77
2017-05-18;3562,22;3584,07;3584,69;3529,35
2017-05-19;3587,01;3566,01;3590,43;3566,01
2017-05-22;3576,53;3589,17;3592,08;3571,21
2017-05-23;3595,03;3572,53;3605,91;3567,77
2017-05-24;3586,62;3592,94;3599,61;3580,27
2017-05-25;3584,55;3594,76;3603,39;3572,02
2017-05-26;3579,02;3582,62;3582,62;3546,88
2017-05-29;3578,95;3577,34;3580,57;3568,50
2017-05-30;3561,22;3558,59;3569,87;3547,10
2017-05-31;3554,59;3560,52;3587,48;3552,33
2017-06-01;3567,02;3556,18;3575,14;3554,52
2017-06-02;3591,82;3578,43;3615,06;3578,43
2017-06-05;3579,55;3591,69;3592,33;3575,87
2017-06-06;3554,18;3569,59;3572,10;3548,16
2017-06-07;3548,84;3552,76;3577,29;3540,23
2017-06-08;3563,88;3547,73;3574,00;3547,67
2017-06-09;3586,07;3566,39;3597,85;3561,12
2017-06-12;3543,95;3581,22;3581,22;3539,75
2017-06-13;3557,87;3548,18;3567,43;3548,18
2017-06-14;3547,15;3565,13;3589,23;3547,15
2017-06-15;3525,46;3545,05;3545,05;3500,41
2017-06-16;3543,88;3531,06;3552,81;3527,99
2017-06-19;3579,58;3565,05;3591,54;3565,05
2017-06-20;3560,66;3586,02;3598,06;3560,66
2017-06-21;3554,35;3554,11;3562,18;3521,91
2017-06-22;3555,76;3549,76;3558,36;3526,52
2017-06-23;3543,68;3552,53;3555,58;3529,02
2017-06-26;3561,76;3554,28;3581,43;3554,28
2017-06-27;3538,32;3557,63;3560,61;3529,98
2017-06-28;3535,70;3530,67;3543,70;3498,48
2017-06-29;3471,33;3541,99;3555,37;3463,99
2017-06-30;3441,88;3472,57;3489,67;3439,79
2017-07-03;3491,81;3449,75;3494,63;3449,75
2017-07-04;3479,47;3486,38;3493,76;3471,60
2017-07-05;3478,41;3477,09;3488,39;3468,29
2017-07-06;3462,06;3480,52;3466,45;3435,29
2017-07-07;3463,84;3461,67;3464,05;3451,37
2017-07-10;3478,06;3470,49;3486,49;3468,00
2017-07-11;3464,48;3479,85;3494,49;3460,64
2017-07-12;3515,23;3472,41;3524,58;3472,41
2017-07-13;3527,83;3518,01;3539,48;3515,39
2017-07-14;3525,94;3530,19;3532,60;3512,56
2017-07-17;3516,35;3528,12;3531,53;3505,51
2017-07-18;3478,68;3510,75;3517,82;3469,62
2017-07-19;3500,28;3483,99;3503,54;3478,03
2017-07-20;3499,49;3502,01;3529,99;3486,32
2017-07-21;3451,71;3497,46;3507,62;3436,90
2017-07-24;3453,17;3456,94;3463,74;3431,19
2017-07-25;3473,54;3454,33;3494,66;3454,33
2017-07-26;3491,19;3474,01;3499,53;3472,07
2017-07-27;3493,14;3489,36;3506,85;3481,25
2017-07-28;3467,73;3481,89;3481,89;3450,10
2017-07-31;3449,36;3464,85;3479,47;3447,88
2017-08-01;3477,39;3457,97;3490,49;3447,73
2017-08-02;3459,32;3478,21;3481,74;3451,31
2017-08-03;3466,37;3456,28;3471,81;3438,15
2017-08-04;3507,41;3462,55;3515,54;3456,27
2017-08-07;3505,80;3509,59;3516,78;3497,21
2017-08-08;3515,63;3503,99;3524,94;3493,03
2017-08-09;3468,45;3504,17;3504,17;3452,74
2017-08-10;3433,54;3466,11;3466,22;3424,81
2017-08-11;3406,34;3422,30;3422,30;3392,87
2017-08-14;3450,66;3420,90;3460,93;3420,90
2017-08-15;3461,91;3454,39;3473,53;3454,26
2017-08-16;3484,57;3465,63;3497,29;3465,63
2017-08-17;3461,97;3482,19;3484,66;3456,15
2017-08-18;3446,03;3441,21;3448,39;3420,50
2017-08-21;3423,53;3436,84;3442,24;3411,06
2017-08-22;3455,59;3432,46;3459,19;3432,46
2017-08-23;3438,63;3454,83;3467,78;3432,05
2017-08-24;3444,73;3443,12;3460,78;3443,12
2017-08-25;3438,55;3447,52;3461,62;3432,77
2017-08-28;3421,03;3432,38;3439,65;3412,33
2017-08-29;3388,22;3411,89;3411,89;3363,68
2017-08-30;3403,71;3405,65;3412,26;3397,27
2017-08-31;3421,47;3409,62;3437,82;3409,62
2017-09-01;3443,88;3425,84;3454,55;3425,84
2017-09-04;3430,42;3436,36;3438,06;3419,06
2017-09-05;3420,86;3432,55;3448,93;3415,98
2017-09-06;3433,80;3407,94;3444,48;3396,69
2017-09-07;3447,66;3437,61;3467,94;3437,61
2017-09-08;3447,69;3441,34;3453,35;3433,63
2017-09-11;3495,19;3456,77;3496,70;3456,77
2017-09-12;3512,56;3498,32;3520,82;3498,32
2017-09-13;3523,14;3509,64;3529,18;3506,61
2017-09-14;3526,48;3521,03;3530,28;3512,01
2017-09-15;3515,55;3526,01;3532,78;3509,93
2017-09-18;3526,74;3523,60;3537,22;3522,59
2017-09-19;3531,18;3524,28;3531,18;3520,93
2017-09-20;3525,55;3528,17;3533,66;3520,72
2017-09-21;3539,59;3531,52;3546,56;3531,52
2017-09-22;3541,42;3534,27;3553,08;3532,39
2017-09-25;3537,81;3537,21;3546,83;3530,88
2017-09-26;3536,38;3534,89;3542,88;3529,19
2017-09-27;3555,17;3538,43;3563,01;3538,43
2017-09-28;3563,64;3556,50;3566,60;3556,50
2017-09-29;3594,85;3563,61;3594,85;3560,73
2017-10-02;3602,69;3590,71;3602,69;3588,40
2017-10-03;3605,73;3605,99;3607,31;3598,71
2017-10-04;3594,91;3606,60;3608,45;3584,82
2017-10-05;3613,54;3592,66;3613,73;3589,66
2017-10-06;3603,32;3614,17;3614,17;3595,50
2017-10-09;3610,50;3604,61;3618,34;3600,94
2017-10-10;3598,79;3607,00;3609,04;3589,98
2017-10-11;3607,39;3600,17;3608,51;3591,24
2017-10-12;3605,54;3608,16;3608,16;3595,56
2017-10-13;3604,55;3607,09;3618,35;3599,51
2017-10-16;3606,27;3607,18;3613,49;3600,22
2017-10-17;3607,77;3609,30;3619,66;3598,12
2017-10-18;3619,65;3608,02;3625,87;3607,21
2017-10-19;3602,08;3616,49;3616,49;3586,35
2017-10-20;3605,09;3608,75;3617,52;3600,05
2017-10-23;3608,87;3606,71;3625,65;3597,08
2017-10-24;3610,69;3606,64;3624,73;3605,03
2017-10-25;3591,46;3609,02;3622,62;3585,32
2017-10-26;3637,20;3593,99;3639,81;3580,21
2017-10-27;3652,23;3642,79;3670,00;3642,79
2017-10-30;3662,18;3653,02;3668,55;3653,02
2017-10-31;3673,95;3664,69;3677,66;3662,77
2017-11-01;3697,40;3676,99;3708,82;3676,99
2017-11-02;3688,80;3693,40;3698,56;3673,25
2017-11-03;3689,96;3691,57;3694,03;3677,39
2017-11-06;3682,36;3684,26;3685,75;3670,47
2017-11-07;3658,77;3684,23;3695,32;3656,18
2017-11-08;3655,04;3660,71;3667,69;3642,10
2017-11-09;3612,50;3655,59;3661,05;3610,01
2017-11-10;3593,76;3614,91;3620,01;3591,15
2017-11-13;3574,52;3596,70;3601,45;3546,32
2017-11-14;3556,38;3576,88;3588,33;3546,20
2017-11-15;3545,72;3554,05;3554,05;3519,35
2017-11-16;3564,80;3549,29;3576,86;3549,29
2017-11-17;3547,46;3564,96;3572,16;3541,22
2017-11-20;3561,41;3545,52;3567,07;3536,21
2017-11-21;3579,32;3557,27;3591,53;3551,40
2017-11-22;3562,65;3581,21;3596,64;3562,53
2017-11-23;3572,07;3558,22;3581,01;3545,57
2017-11-24;3581,23;3571,86;3601,16;3568,55
2017-11-27;3564,02;3576,18;3596,79;3564,02
2017-11-28;3583,49;3565,80;3587,28;3559,13
2017-11-29;3589,91;3593,83;3619,43;3585,51
2017-11-30;3569,93;3593,53;3614,60;3569,93
2017-12-01;3527,55;3571,63;3575,29;3524,36
2017-12-04;3576,22;3536,38;3585,68;3536,38
2017-12-05;3570,57;3572,78;3583,08;3552,34
2017-12-06;3561,57;3561,94;3569,34;3531,57
2017-12-07;3573,13;3561,99;3579,52;3558,50
2017-12-08;3591,45;3577,00;3612,39;3577,00
2017-12-11;3582,21;3594,70;3601,22;3579,18
2017-12-12;3600,35;3584,67;3600,35;3568,53
2017-12-13;3581,75;3599,92;3601,89;3581,75
2017-12-14;3556,22;3578,82;3582,53;3556,22
2017-12-15;3560,53;3554,37;3562,66;3542,85
2017-12-18;3609,42;3568,00;3613,41;3568,00
2017-12-19;3582,22;3609,18;3613,57;3581,95
2017-12-20;3552,65;3580,58;3585,62;3545,64
2017-12-21;3570,78;3550,84;3574,96;3534,22
2017-12-22;3553,39;3565,99;3565,99;3548,47
2017-12-27;3550,17;3553,16;3568,91;3541,43
2017-12-28;3524,31;3549,45;3549,75;3519,85
2017-12-29;3503,96;3524,12;3524,24;3503,20
2018-01-02;3490,19;3506,50;3508,37;3469,23
2018-01-03;3509,88;3492,90;3519,73;3488,91
2018-01-04;3568,88;3520,84;3580,47;3520,84
2018-01-05;3607,63;3570,51;3608,70;3570,51
2018-01-08;3616,45;3610,97;3624,74;3608,82
2018-01-09;3622,87;3617,48;3629,73;3614,16
2018-01-10;3609,83;3619,88;3625,35;3599,14
2018-01-11;3595,24;3613,99;3617,75;3588,07
2018-01-12;3612,61;3597,19;3616,01;3597,19
2018-01-15;3611,81;3612,73;3623,44;3603,47
2018-01-16;3622,01;3613,10;3639,05;3611,56
2018-01-17;3612,78;3613,09;3624,68;3603,30
2018-01-18;3620,91;3616,75;3628,13;3606,20
2018-01-19;3649,07;3622,22;3653,03;3619,23
2018-01-22;3665,28;3650,78;3665,53;3644,86
2018-01-23;3672,29;3675,44;3687,22;3662,86
2018-01-24;3643,22;3671,01;3674,50;3643,22
2018-01-25;3630,15;3640,71;3659,33;3614,06
2018-01-26;3647,41;3631,29;3652,48;3630,43
2018-01-29;3643,04;3648,41;3651,21;3636,05
2018-01-30;3606,75;3633,26;3633,35;3601,39
2018-01-31;3609,29;3605,70;3620,94;3600,36
2018-02-01;3577,35;3616,16;3636,22;3567,20
2018-02-02;3523,28;3570,95;3570,95;3523,28
2018-02-05;3478,77;3517,24;3517,24;3474,85
2018-02-06;3394,92;3415,57;3440,38;3362,85
2018-02-07;3454,52;3408,10;3465,90;3402,34
2018-02-08;3377,30;3433,19;3443,75;3360,54
2018-02-09;3325,99;3372,19;3379,46;3306,66
2018-02-12;3368,25;3334,17;3387,07;3334,17
2018-02-13;3340,93;3367,69;3375,23;3340,93
2018-02-14;3369,83;3350,46;3381,13;3314,50
2018-02-15;3389,63;3373,91;3414,34;3373,91
2018-02-16;3426,80;3398,61;3432,07;3398,61
2018-02-19;3407,79;3432,53;3436,68;3404,09
2018-02-20;3435,08;3407,66;3436,21;3398,92
2018-02-21;3430,16;3431,68;3432,97;3405,35
2018-02-22;3431,99;3418,53;3440,19;3393,28
2018-02-23;3441,46;3435,74;3444,23;3423,62
2018-02-26;3463,18;3449,16;3469,98;3449,16
2018-02-27;3458,03;3468,28;3476,21;3448,53
2018-02-28;3438,96;3451,47;3462,98;3434,04
2018-03-01;3399,16;3429,96;3435,28;3387,02
2018-03-02;3324,75;3386,54;3386,54;3316,75
2018-03-05;3355,32;3314,74;3360,45;3309,25
2018-03-06;3357,86;3366,56;3390,81;3357,86
2018-03-07;3377,36;3354,26;3384,29;3337,39
2018-03-08;3413,28;3376,65;3419,33;3374,77
2018-03-09;3420,54;3410,95;3435,04;3403,06
2018-03-12;3429,48;3434,51;3444,04;3417,97
2018-03-13;3397,35;3430,57;3446,42;3385,64
2018-03-14;3390,98;3397,48;3417,00;3384,20
2018-03-15;3414,13;3394,31;3419,01;3391,11
2018-03-16;3437,40;3430,60;3437,40;3437,40
2018-03-19;3394,79;3398,88;3394,79;3394,79
2018-03-20;3412,08;3398,88;3415,35;3383,17
2018-03-21;3401,04;3413,67;3418,43;3387,29
2018-03-22;3348,19;3393,61;3394,38;3320,09
2018-03-23;3298,07;3339,70;3339,70;3279,46
2018-03-26;3278,72;3301,50;3320,86;3261,86
2018-03-27;3316,95;3286,70;3336,80;3286,70
2018-03-28;3331,25;3306,34;3331,25;3267,96
2018-03-29;3361,50;3335,69;3379,38;3333,25
2018-04-03;3346,93;3349,02;3359,12;3324,45
2018-04-04;3340,35;3345,76;3350,97;3300,50
2018-04-05;3429,95;3353,71;3433,81;3353,71
2018-04-06;3408,10;3419,94;3421,73;3399,97
2018-04-09;3414,85;3413,89;3433,68;3403,20
2018-04-10;3438,78;3425,82;3445,34;3425,82
2018-04-11;3419,71;3435,64;3435,64;3411,63
2018-04-12;3443,97;3419,60;3447,52;3413,68
2018-04-13;3448,00;3445,03;3466,99;3438,93
2018-04-16;3441,04;3450,39;3455,03;3435,58
2018-04-17;3477,91;3444,39;3486,53;3444,39
2018-04-18;3490,89;3476,59;3494,82;3476,59
2018-04-19;3486,60;3492,91;3495,39;3478,63
2018-04-20;3494,20;3484,56;3505,44;3479,24
2018-04-23;3513,06;3494,07;3514,65;3482,27
2018-04-24;3510,88;3509,40;3523,81;3493,88
2018-04-25;3485,83;3500,60;3500,60;3464,35
2018-04-26;3506,03;3485,97;3507,83;3477,23
2018-04-27;3518,78;3510,28;3522,59;3503,59
2018-04-30;3536,52;3516,71;3538,17;3512,70
2018-05-01;3536,26;3536,42;3536,63;3536,07
2018-05-02;3553,79;3532,87;3557,87;3531,84
2018-05-03;3529,12;3548,09;3549,14;3523,00
2018-05-04;3550,59;3531,40;3550,59;3524,48
2018-05-07;3564,19;3545,47;3566,06;3540,14
2018-05-08;3557,88;3562,51;3564,73;3541,94
2018-05-09;3569,74;3559,92;3570,63;3556,96
2018-05-10;3569,71;3564,83;3574,09;3549,26
2018-05-11;3565,52;3565,15;3569,72;3556,22
2018-05-14;3565,74;3564,90;3568,53;3553,67
2018-05-15;3564,29;3562,46;3570,33;3552,23
2018-05-16;3562,85;3562,54;3567,60;3550,90
2018-05-17;3592,18;3562,24;3592,18;3562,24
2018-05-18;3573,76;3582,56;3596,20;3566,53
2018-05-21;3572,57;3572,48;3584,49;3570,97
2018-05-22;3587,25;3575,22;3595,10;3572,38
2018-05-23;3541,82;3580,67;3580,67;3528,12
2018-05-24;3521,76;3543,09;3560,56;3507,39
2018-05-25;3515,36;3526,43;3551,82;3493,61
2018-05-28;3482,64;3511,29;3540,03;3473,35
2018-05-29;3428,14;3467,09;3467,09;3398,32
2018-05-30;3441,19;3420,79;3446,28;3408,56
2018-05-31;3406,65;3445,07;3455,15;3391,01
2018-06-01;3453,54;3420,84;3468,14;3420,84
2018-06-04;3469,57;3465,25;3485,33;3463,33
2018-06-05;3456,79;3467,26;3497,32;3456,79
2018-06-06;3460,82;3457,45;3470,51;3434,35
2018-06-07;3459,77;3468,52;3489,96;3449,69
2018-06-08;3447,30;3452,35;3454,12;3422,03
2018-06-11;3480,22;3451,50;3483,70;3451,50
2018-06-12;3475,58;3490,76;3497,03;3472,64
2018-06-13;3479,56;3475,29;3488,13;3464,26
2018-06-14;3527,11;3466,43;3534,31;3457,12
2018-06-15;3505,02;3528,71;3540,64;3505,02
2018-06-18;3466,65;3500,25;3500,90;3451,90
2018-06-19;3435,30;3459,54;3459,54;3410,41
2018-06-20;3439,60;3443,51;3461,65;3437,24
2018-06-21;3403,51;3442,69;3456,61;3395,27
2018-06-22;3441,60;3407,29;3441,60;3407,29
2018-06-25;3369,21;3422,60;3425,40;3369,21
2018-06-26;3368,72;3379,14;3387,09;3363,33
2018-06-27;3397,13;3368,12;3424,60;3340,85
2018-06-28;3365,52;3383,43;3403,36;3347,94
2018-06-29;3395,60;3389,44;3420,97;3389,44
2018-07-02;3372,21;3375,56;3386,07;3345,09
2018-07-03;3406,34;3382,68;3420,38;3379,01
2018-07-04;3412,03;3402,02;3417,69;3400,45
2018-07-05;3440,92;3411,24;3459,91;3411,24
2018-07-06;3448,49;3449,50;3453,91;3430,31
2018-07-09;3460,44;3458,45;3471,50;3451,96
2018-07-10;3473,31;3465,25;3480,44;3455,98
2018-07-11;3422,35;3454,66;3454,66;3422,35
2018-07-12;3445,49;3427,21;3446,55;3418,06
2018-07-13;3454,54;3454,29;3466,26;3447,87
2018-07-16;3449,08;3455,17;3464,39;3441,88
2018-07-17;3457,50;3445,34;3461,93;3429,96
2018-07-18;3485,08;3468,51;3487,00;3468,51
2018-07-19;3471,64;3481,41;3486,98;3466,72
2018-07-20;3460,03;3466,41;3481,83;3431,95
2018-07-23;3454,05;3453,91;3460,40;3439,68
2018-07-24;3483,31;3460,66;3493,98;3460,48
2018-07-25;3468,45;3482,31;3486,04;3460,00
2018-07-26;3509,26;3472,82;3509,38;3472,82
2018-07-27;3527,18;3512,74;3529,39;3509,67
2018-07-30;3512,31;3517,56;3521,42;3511,90
2018-07-31;3525,49;3512,03;3536,87;3509,10
2018-08-01;3509,23;3527,82;3531,61;3506,68
2018-08-02;3469,21;3505,11;3505,11;3460,14
2018-08-03;3482,40;3474,82;3491,47;3470,26
2018-08-06;3483,30;3483,19;3502,35;3472,01
2018-08-07;3504,37;3487,03;3514,97;3487,03
2018-08-08;3493,60;3502,17;3509,31;3486,57
2018-08-09;3494,13;3490,37;3496,97;3478,28
2018-08-10;3426,28;3486,31;3486,31;3413,68
2018-08-13;3409,68;3423,37;3424,23;3400,23
2018-08-14;3409,44;3415,08;3435,12;3398,38
2018-08-15;3359,08;3411,27;3422,86;3349,14
2018-08-16;3377,56;3366,01;3381,63;3357,49
2018-08-17;3372,94;3378,49;3385,74;3354,30
2018-08-20;3393,67;3376,38;3405,17;3376,38
2018-08-21;3411,66;3390,26;3424,00;3387,04
2018-08-22;3420,18;3408,28;3429,59;3404,87
2018-08-23;3419,26;3420,60;3430,37;3416,10
2018-08-24;3427,44;3419,45;3436,55;3419,45
2018-08-27;3456,01;3435,12;3460,72;3433,59
2018-08-28;3447,57;3459,12;3463,03;3447,55
2018-08-29;3456,13;3448,44;3457,84;3438,15
2018-08-30;3430,99;3452,94;3452,94;3423,42
2018-08-31;3392,90;3428,63;3428,63;3389,92
2018-09-03;3394,99;3391,82;3397,24;3382,02
2018-09-04;3359,36;3401,25;3408,25;3343,98
2018-09-05;3315,62;3352,71;3352,71;3315,42
2018-09-06;3295,95;3315,88;3328,69;3295,95
2018-09-07;3293,36;3298,01;3305,63;3274,40
2018-09-10;3309,28;3291,65;3323,55;3288,97
2018-09-11;3311,66;3313,09;3318,59;3286,97
2018-09-12;3326,60;3313,98;3329,55;3304,80
2018-09-13;3333,68;3325,44;3354,07;3323,09
2018-09-14;3344,63;3339,31;3351,53;3334,24
2018-09-17;3346,11;3340,04;3351,35;3333,47
2018-09-18;3358,46;3343,99;3368,31;3337,37
2018-09-19;3368,56;3359,87;3373,90;3351,64
2018-09-20;3403,12;3369,00;3409,22;3368,37
2018-09-21;3430,81;3407,46;3436,48;3407,46
2018-09-24;3410,44;3426,85;3426,85;3405,42
2018-09-25;3419,78;3410,05;3425,64;3408,70
2018-09-26;3433,15;3421,90;3433,74;3415,58
2018-09-27;3449,79;3429,58;3452,41;3408,48
2018-09-28;3399,20;3440,40;3440,40;3380,27
2018-10-01;3414,16;3399,96;3425,45;3398,34
2018-10-02;3388,99;3403,59;3403,59;3370,95
2018-10-03;3405,48;3395,16;3414,23;3389,52
2018-10-04;3375,08;3400,12;3400,15;3371,22
2018-10-05;3345,51;3374,27;3377,70;3343,67
2018-10-08;3309,72;3338,02;3338,02;3306,28
2018-10-09;3321,79;3311,34;3327,53;3278,02
2018-10-10;3266,90;3321,59;3321,59;3266,23
2018-10-11;3209,19;3245,58;3254,37;3206,20
2018-10-12;3194,41;3219,19;3245,16;3193,40
2018-10-15;3210,37;3193,79;3214,91;3180,61
2018-10-16;3257,34;3211,47;3260,81;3208,14
2018-10-17;3243,08;3260,29;3282,23;3230,30
2018-10-18;3211,59;3241,79;3258,34;3211,59
2018-10-19;3210,82;3210,82;3225,64;3183,20
2018-10-22;3190,09;3217,55;3245,87;3187,50
2018-10-23;3140,94;3179,07;3179,07;3132,29
2018-10-24;3130,33;3144,16;3185,99;3128,93
2018-10-25;3164,40;3126,69;3166,44;3107,88
2018-10-26;3134,89;3157,11;3157,11;3090,85
2018-10-29;3155,00;3148,00;3182,00;3140,00
2018-10-30;3147,00;3164,00;3168,00;3128,00
2018-10-31;3197,51;3160,02;3210,29;3160,02
2018-11-01;3204,21;3196,13;3227,42;3192,38
2018-11-02;3214,41;3217,78;3251,67;3214,39
2018-11-05;3217,37;3215,73;3230,98;3210,76
2018-11-06;3207,42;3219,08;3222,59;3197,14
2018-11-07;3246,16;3212,67;3251,95;3212,67
2018-11-08;3237,60;3248,70;3263,72;3231,80
2018-11-09;3229,49;3233,11;3234,79;3204,94
2018-11-12;3194,08;3237,95;3248,33;3192,58
2018-11-13;3224,82;3200,08;3228,88;3196,70
2018-11-14;3205,36;3213,35;3239,99;3179,08
2018-11-15;3190,31;3210,04;3227,74;3164,85
2018-11-16;3180,74;3197,61;3214,57;3158,87
2018-11-19;3160,33;3184,51;3206,58;3157,95
2018-11-20;3116,07;3153,19;3153,19;3100,77
2018-11-21;3153,91;3124,60;3156,77;3124,60
2018-11-22;3126,67;3148,80;3148,80;3121,59
2018-11-23;3137,21;3127,94;3145,04;3114,74
2018-11-26;3172,71;3151,22;3184,66;3151,22
2018-11-27;3166,42;3173,14;3186,84;3151,89
2018-11-28;3168,29;3170,96;3184,68;3165,83
2018-11-29;3174,16;3176,31;3197,90;3169,85
2018-11-30;3173,13;3178,06;3182,16;3159,08
2018-12-03;3214,99;3187,33;3244,98;3187,33
2018-12-04;3189,25;3208,44;3210,51;3189,00
2018-12-05;3150,27;3181,68;3181,68;3146,11
2018-12-06;3045,94;3139,85;3139,85;3033,78
2018-12-07;3058,53;3057,99;3097,92;3057,99
2018-12-10;3016,99;3054,67;3054,67;3007,53
2018-12-11;3055,32;3028,93;3083,50;3028,93
2018-12-12;3107,97;3059,25;3119,20;3059,25
2018-12-13;3112,17;3110,57;3128,10;3100,11
2018-12-14;3092,60;3102,09;3103,17;3063,23
2018-12-17;3063,65;3088,97;3092,82;3053,56
2018-12-18;3040,13;3054,01;3067,54;3040,13
2018-12-19;3051,38;3042,19;3063,70;3042,19
2018-12-20;3000,06;3031,32;3031,32;2993,40
2018-12-21;3000,61;2996,92;3003,06;2957,56
2018-12-24;2973,78;2993,45;2993,45;2973,22
2018-12-27;2937,36;2987,67;2997,24;2908,70
2018-12-28;2986,53;2952,05;2996,17;2951,51
2018-12-31;3001,42;2991,40;3003,01;2990,61
2019-01-02;2993,18;2982,80;3002,52;2936,76
2019-01-03;2954,66;2978,28;2984,52;2950,82
2019-01-04;3041,85;2964,15;3050,66;2964,15
2019-01-07;3033,64;3050,00;3054,72;3016,32
2019-01-08;3054,94;3032,07;3079,11;3032,07
2019-01-09;3070,24;3062,37;3089,17;3060,96
2019-01-10;3075,73;3065,66;3075,83;3043,55
2019-01-11;3070,04;3079,59;3087,66;3056,36
2019-01-14;3055,18;3060,62;3063,34;3037,13
2019-01-15;3068,05;3066,02;3088,49;3044,53
2019-01-16;3077,22;3073,06;3083,56;3062,27
2019-01-17;3069,35;3069,41;3073,00;3053,08
2019-01-18;3134,92;3079,15;3137,42;3079,15
2019-01-21;3125,07;3131,85;3131,85;3120,03
2019-01-22;3112,80;3120,32;3122,76;3097,27
2019-01-23;3112,13;3104,08;3132,79;3094,48
2019-01-24;3126,31;3113,89;3136,42;3107,67
2019-01-25;3163,24;3133,81;3168,03;3133,81
2019-01-28;3137,27;3157,00;3157,00;3131,26
2019-01-29;3153,42;3136,15;3166,24;3130,75
2019-01-30;3161,74;3155,80;3163,34;3148,84
2019-01-31;3159,43;3163,02;3177,10;3129,58
2019-02-01;3171,12;3162,46;3171,95;3143,50
2019-02-04;3165,20;3170,30;3174,23;3143,87
2019-02-05;3215,04;3165,84;3215,04;3162,78
2019-02-06;3212,75;3208,43;3216,13;3199,03
2019-02-07;3150,76;3204,93;3208,67;3150,76
2019-02-08;3135,62;3151,17;3161,14;3124,62
2019-02-11;3165,61;3142,84;3173,39;3142,84
2019-02-12;3190,75;3176,76;3200,50;3176,76
2019-02-13;3202,37;3194,73;3214,22;3192,03
2019-02-14;3182,66;3212,95;3228,11;3182,66
2019-02-15;3241,25;3179,38;3247,34;3175,71
2019-02-18;3244,79;3239,10;3248,14;3235,57
2019-02-19;3239,41;3242,79;3251,22;3223,40
2019-02-20;3259,49;3241,70;3264,71;3236,74
2019-02-21;3263,70;3261,74;3270,07;3254,57
2019-02-22;3270,55;3263,49;3281,78;3259,74
2019-02-25;3280,01;3275,02;3289,48;3275,02
2019-02-26;3289,32;3275,14;3293,76;3261,03
2019-02-27;3282,77;3283,57;3287,47;3269,98
2019-02-28;3298,26;3271,14;3301,02;3268,95
2019-03-01;3312,10;3306,59;3330,48;3306,59
2019-03-04;3317,12;3318,10;3329,65;3315,63
2019-03-05;3327,19;3316,96;3330,72;3308,64
2019-03-06;3324,67;3322,96;3340,67;3317,98
2019-03-07;3308,85;3321,18;3337,66;3293,34
2019-03-08;3283,60;3299,85;3299,85;3273,68
2019-03-11;3304,44;3290,76;3306,64;3284,68
2019-03-12;3303,95;3312,32;3320,24;3291,91
2019-03-13;3323,45;3301,81;3327,35;3300,17
2019-03-14;3342,03;3322,92;3349,85;3322,92
2019-03-15;3386,08;3345,06;3394,32;3345,06
2019-03-18;3387,94;3385,46;3392,63;3380,65
2019-03-19;3409,00;3389,81;3422,34;3386,26
2019-03-20;3372,38;3404,10;3406,12;3372,38
2019-03-21;3367,40;3372,36;3376,21;3348,95
2019-03-22;3305,73;3371,68;3377,93;3301,60
2019-03-25;3300,48;3297,41;3313,43;3281,97
2019-03-26;3319,53;3302,13;3326,35;3293,68
2019-03-27;3322,04;3322,64;3344,67;3302,80
2019-03-28;3320,29;3321,34;3337,56;3315,91
2019-03-29;3351,71;3326,45;3354,30;3326,45
2019-04-01;3385,38;3353,67;3390,98;3353,67
2019-04-02;3395,70;3386,18;3402,77;3382,84
2019-04-03;3435,56;3399,93;3435,90;3399,93
2019-04-04;3441,93;3434,34;3449,44;3425,19
2019-04-05;3447,47;3445,05;3453,02;3437,92
2019-04-08;3438,06;3446,15;3447,11;3433,47
2019-04-09;3417,22;3437,07;3450,69;3416,67
2019-04-10;3424,65;3418,36;3435,32;3418,36
2019-04-11;3435,34;3430,73;3442,25;3412,15
2019-04-12;3447,83;3432,16;3454,77;3425,84
2019-04-15;3450,46;3448,91;3456,54;3443,56
2019-04-16;3463,36;3450,75;3465,98;3450,75
2019-04-17;3477,73;3466,89;3486,76;3459,81
2019-04-18;3499,23;3477,67;3506,82;3464,64
2019-04-23;3503,85;3494,40;3506,68;3487,17
2019-04-24;3502,63;3500,56;3515,15;3491,89
2019-04-25;3491,92;3495,41;3496,40;3476,28
2019-04-26;3500,41;3492,06;3503,46;3484,13
2019-04-29;3501,94;3494,47;3508,76;3481,08
2019-04-30;3514,62;3499,71;3514,62;3488,10
2019-05-01;3514,62;3514,62;3514,62;3514,62
2019-05-02;3488,93;3505,77;3511,43;3487,75
2019-05-03;3502,48;3489,48;3510,04;3486,72
2019-05-06;3462,95;3487,54;3487,54;3423,33
2019-05-07;3401,16;3460,56;3467,64;3396,90
2019-05-08;3417,26;3400,19;3423,96;3389,07
2019-05-09;3350,71;3401,99;3401,99;3346,45
2019-05-10;3361,05;3353,68;3386,22;3349,84
2019-05-13;3320,78;3362,52;3365,51;3311,17
2019-05-14;3364,38;3324,85;3364,38;3324,85
2019-05-15;3385,78;3364,88;3385,78;3332,68
2019-05-16;3438,56;3379,70;3438,56;3365,49
2019-05-17;3425,64;3433,69;3436,45;3402,56
2019-05-20;3369,78;3417,12;3426,87;3360,26
2019-05-21;3386,51;3371,26;3395,91;3370,38
2019-05-22;3386,72;3384,92;3396,87;3359,60
2019-05-23;3327,20;3378,48;3378,48;3323,70
2019-05-24;3350,70;3330,99;3365,58;3330,99
2019-05-27;3364,04;3350,60;3380,85;3350,60
2019-05-28;3348,86;3364,23;3369,91;3337,77
2019-05-29;3297,81;3337,38;3337,38;3288,52
2019-05-30;3318,15;3301,51;3323,72;3301,51
2019-05-31;3280,43;3312,41;3312,41;3258,04
2019-06-03;3300,22;3274,97;3300,22;3248,54
2019-06-04;3333,49;3293,63;3338,08;3275,20
2019-06-05;3339,95;3334,40;3355,69;3326,93
2019-06-06;3338,41;3341,29;3370,80;3326,90
2019-06-07;3378,38;3341,33;3391,05;3341,33
2019-06-10;3386,45;3381,52;3391,37;3379,67
2019-06-11;3401,10;3386,73;3418,18;3386,73
2019-06-12;3386,63;3398,58;3398,58;3376,45
2019-06-13;3390,50;3384,32;3401,72;3373,68
2019-06-14;3379,19;3388,78;3388,78;3363,07
2019-06-17;3383,21;3382,45;3393,89;3375,80
2019-06-18;3452,89;3381,50;3458,91;3366,87
2019-06-19;3454,70;3454,52;3457,37;3444,12
2019-06-20;3468,08;3460,10;3487,00;3460,10
2019-06-21;3466,92;3468,73;3496,79;3459,04
2019-06-24;3455,57;3466,38;3473,75;3449,19
2019-06-25;3444,36;3454,31;3454,31;3440,06
2019-06-26;3442,95;3444,28;3460,16;3434,33
2019-06-27;3442,38;3444,36;3454,21;3424,68
2019-06-28;3473,69;3442,39;3476,93;3442,39
2019-07-01;3497,59;3476,08;3519,98;3476,08
2019-07-02;3507,98;3498,93;3511,13;3491,44
2019-07-03;3540,63;3507,70;3540,63;3507,70
2019-07-04;3544,15;3541,85;3549,26;3537,35
2019-07-05;3527,98;3542,23;3544,02;3514,25
2019-07-08;3523,76;3525,21;3531,47;3514,41
2019-07-09;3509,75;3522,27;3522,27;3492,18
2019-07-10;3501,52;3508,54;3523,60;3497,74
2019-07-11;3496,73;3506,33;3515,77;3493,77
2019-07-12;3497,63;3497,02;3505,79;3492,18
2019-07-15;3502,22;3497,99;3517,84;3483,17
2019-07-16;3521,36;3500,89;3530,11;3498,34
2019-07-17;3501,58;3520,74;3529,45;3497,25
2019-07-18;3482,83;3497,40;3500,82;3467,25
2019-07-19;3480,18;3488,68;3514,33;3470,40
2019-07-22;3489,92;3478,77;3498,69;3476,43
2019-07-23;3532,87;3496,86;3544,34;3496,86
2019-07-24;3532,90;3533,30;3537,71;3520,84
2019-07-25;3510,15;3538,27;3573,57;3491,77
2019-07-26;3524,47;3511,16;3526,99;3506,49
2019-07-29;3523,58;3522,36;3539,94;3517,12
2019-07-30;3462,85;3523,97;3526,53;3455,13
2019-07-31;3466,85;3464,69;3477,35;3458,11
2019-08-01;3490,03;3458,01;3491,16;3451,60
2019-08-02;3376,12;3473,00;3473,00;3368,66
2019-08-05;3310,93;3365,49;3365,49;3302,30
2019-08-06;3291,66;3310,08;3337,54;3291,66
2019-08-07;3309,99;3301,31;3339,07;3283,13
2019-08-08;3375,38;3323,77;3375,38;3323,77
2019-08-09;3333,74;3366,29;3367,43;3326,73
2019-08-12;3326,55;3340,82;3370,63;3318,66
2019-08-13;3357,16;3324,36;3380,81;3298,32
2019-08-14;3288,70;3358,12;3358,73;3276,01
2019-08-15;3282,78;3294,50;3306,88;3239,20
2019-08-16;3329,08;3286,54;3333,44;3286,54
2019-08-19;3369,19;3332,93;3377,76;3332,93
2019-08-20;3350,23;3368,21;3379,96;3341,23
2019-08-21;3394,89;3353,66;3400,06;3353,66
2019-08-22;3373,67;3390,05;3405,35;3366,44
2019-08-23;3334,25;3382,31;3394,21;3334,25
2019-08-26;3348,84;3329,73;3360,93;3318,33
2019-08-27;3370,47;3348,84;3380,88;3334,49
2019-08-28;3365,38;3363,51;3368,23;3334,07
2019-08-29;3411,33;3362,12;3415,36;3356,68
2019-08-30;3426,76;3412,45;3443,08;3412,11
2019-09-02;3432,54;3426,24;3442,71;3426,24
2019-09-03;3420,74;3432,22;3432,22;3406,55
2019-09-04;3450,83;3424,98;3461,06;3424,98
2019-09-05;3484,70;3453,99;3488,48;3453,99
2019-09-06;3495,19;3484,86;3495,87;3479,62
2019-09-09;3495,02;3495,85;3503,05;3486,75
2019-09-10;3498,99;3493,80;3501,68;3479,58
2019-09-11;3516,82;3502,24;3520,95;3502,24
2019-09-12;3538,86;3522,04;3555,10;3512,59
2019-09-13;3550,11;3539,93;3555,85;3534,38
2019-09-16;3518,45;3540,47;3540,47;3518,45
2019-09-17;3521,26;3517,57;3527,00;3506,36
2019-09-18;3528,04;3520,88;3536,65;3518,01
2019-09-19;3552,65;3527,50;3554,87;3524,37
2019-09-20;3571,39;3552,73;3578,04;3546,30
2019-09-23;3536,97;3565,96;3565,96;3526,26
2019-09-24;3532,05;3542,53;3547,98;3531,65
2019-09-25;3513,03;3526,84;3526,84;3480,28
2019-09-26;3532,18;3509,80;3538,16;3506,05
2019-09-27;3545,88;3534,47;3553,25;3534,47
2019-09-30;3569,45;3545,07;3570,15;3536,91
2019-10-01;3518,25;3573,08;3588,68;3518,25
2019-10-02;3413,31;3516,88;3516,88;3413,31
2019-10-03;3417,37;3414,14;3431,24;3398,64
2019-10-04;3446,71;3423,75;3446,71;3406,44
2019-10-07;3471,24;3442,14;3471,88;3433,87
2019-10-08;3432,76;3473,24;3476,46;3426,82
2019-10-09;3462,11;3433,17;3473,92;3427,77
2019-10-10;3493,96;3469,99;3501,19;3445,44
2019-10-11;3569,92;3494,78;3569,92;3490,52
2019-10-14;3556,26;3565,38;3565,38;3531,23
2019-10-15;3598,65;3562,39;3610,31;3562,39
2019-10-16;3599,25;3600,76;3610,44;3588,09
2019-10-17;3588,62;3595,73;3630,43;3588,62
2019-10-18;3579,41;3587,40;3596,71;3571,01
2019-10-21;3600,08;3583,37;3608,95;3578,81
2019-10-22;3604,82;3600,94;3609,34;3586,64
2019-10-23;3606,89;3595,78;3608,63;3585,76
2019-10-24;3621,37;3611,62;3626,88;3607,84
2019-10-25;3624,68;3622,79;3631,04;3604,40
2019-10-28;3625,69;3623,84;3637,94;3614,83
2019-10-29;3622,09;3625,53;3625,99;3611,77
2019-10-30;3620,29;3616,25;3624,53;3596,30
2019-10-31;3604,41;3625,36;3631,87;3593,60
2019-11-01;3623,74;3610,22;3633,64;3607,68
2019-11-04;3665,21;3631,45;3671,81;3631,45
2019-11-05;3676,52;3666,54;3678,63;3661,21
2019-11-06;3688,74;3675,43;3692,20;3671,24
2019-11-07;3706,68;3694,97;3708,65;3694,97
2019-11-08;3699,65;3703,35;3706,91;3687,99
2019-11-11;3696,82;3696,97;3702,78;3683,33
2019-11-12;3712,20;3700,49;3719,40;3700,11
2019-11-13;3699,50;3710,74;3710,74;3679,63
2019-11-14;3688,81;3699,73;3702,94;3687,27
2019-11-15;3711,61;3698,06;3713,26;3690,06
2019-11-18;3704,92;3711,18;3716,79;3687,30
2019-11-19;3696,56;3704,88;3733,45;3688,59
2019-11-20;3683,88;3688,86;3688,86;3663,21
2019-11-21;3679,66;3675,75;3688,37;3651,51
2019-11-22;3687,32;3682,22;3709,88;3682,22
2019-11-25;3707,68;3697,49;3710,87;3697,49
2019-11-26;3705,55;3708,43;3711,75;3694,70
2019-11-27;3712,85;3708,71;3721,76;3704,49
2019-11-28;3704,48;3707,05;3708,16;3698,22
2019-11-29;3703,58;3699,34;3719,83;3686,94
2019-12-02;3626,66;3703,76;3729,74;3623,12
2019-12-03;3610,99;3635,15;3647,52;3594,80
2019-12-04;3660,02;3611,95;3665,90;3611,95
2019-12-05;3648,13;3663,00;3683,07;3648,13
2019-12-06;3692,34;3653,23;3692,71;3653,23
2019-12-09;3672,18;3691,86;3691,86;3671,07
2019-12-10;3671,78;3671,97;3675,88;3625,00
2019-12-11;3687,45;3667,45;3692,11;3659,53
2019-12-12;3706,35;3689,67;3723,60;3675,63
2019-12-13;3731,07;3720,65;3765,70;3720,65
2019-12-16;3772,74;3738,91;3778,47;3738,91
2019-12-17;3745,28;3769,14;3769,14;3742,62
2019-12-18;3739,00;3744,00;3755,81;3739,00
2019-12-19;3739,17;3741,53;3747,34;3722,57
2019-12-20;3776,56;3740,71;3776,56;3738,22
2019-12-23;3776,66;3775,07;3778,98;3767,80
2019-12-24;3774,39;3774,13;3774,66;3770,91
2019-12-27;3782,27;3776,82;3794,93;3775,26
2019-12-30;3748,47;3780,44;3780,44;3748,47
2019-12-31;3745,15;3746,61;3749,10;3738,45
2020-01-02;3793,24;3754,24;3801,13;3754,24
2020-01-03;3773,37;3787,57;3787,57;3745,54
2020-01-06;3752,52;3764,34;3764,34;3710,94
2020-01-07;3759,25;3760,09;3784,42;3748,13
2020-01-08;3772,56;3752,87;3775,43;3732,90
2020-01-09;3795,88;3782,77;3807,09;3782,77
2020-01-10;3789,52;3801,12;3803,91;3786,93
2020-01-13;3779,68;3789,87;3798,58;3768,45
2020-01-14;3774,88;3779,35;3783,76;3745,47
2020-01-15;3768,96;3774,93;3778,94;3755,30
2020-01-16;3774,14;3770,96;3785,67;3758,55
2020-01-17;3808,26;3780,54;3813,80;3780,54
2020-01-20;3799,03;3804,74;3805,61;3791,51
2020-01-21;3789,12;3786,26;3789,12;3760,36
2020-01-22;3769,79;3792,05;3802,68;3765,49
2020-01-23;3736,85;3764,10;3770,01;3734,06
2020-01-24;3779,16;3744,75;3795,33;3744,75
2020-01-27;3677,84;3754,63;3754,63;3673,80
2020-01-28;3719,22;3684,69;3722,71;3671,74
2020-01-29;3736,36;3717,64;3743,26;3715,74
2020-01-30;3690,78;3717,93;3717,93;3676,66
2020-01-31;3640,91;3697,67;3705,33;3639,44
2020-02-03;3661,27;3646,86;3673,28;3641,84
2020-02-04;3732,28;3670,98;3732,28;3670,98
2020-02-05;3777,84;3727,22;3782,85;3717,72
2020-02-06;3805,52;3791,07;3808,74;3790,54
2020-02-07;3798,49;3804,86;3806,06;3782,21
2020-02-10;3793,18;3794,18;3794,18;3779,10
2020-02-11;3825,84;3804,46;3832,06;3804,46
2020-02-12;3854,43;3829,66;3854,43;3829,66
2020-02-13;3846,74;3849,10;3849,10;3799,98
2020-02-14;3840,97;3847,93;3851,42;3835,79
2020-02-17;3853,27;3843,10;3854,30;3841,06
2020-02-18;3836,54;3848,56;3848,56;3826,23
2020-02-19;3865,18;3846,39;3865,43;3846,39
2020-02-20;3822,98;3867,28;3867,28;3822,98
2020-02-21;3800,38;3816,51;3827,36;3776,82
2020-02-24;3647,98;3762,35;3762,35;3632,29
2020-02-25;3572,51;3655,84;3668,70;3568,48
2020-02-26;3577,68;3567,03;3595,80;3467,58
2020-02-27;3455,92;3553,05;3553,05;3410,70
2020-02-28;3329,49;3431,52;3431,52;3283,18
2020-03-02;3338,83;3355,33;3406,40;3257,99
2020-03-03;3371,97;3355,52;3448,24;3354,30
2020-03-04;3420,56;3374,00;3438,21;3350,23
2020-03-05;3363,58;3431,78;3438,06;3338,41
2020-03-06;3232,07;3347,83;3347,83;3216,44
2020-03-09;2959,07;3214,20;3214,20;2939,85
2020-03-10;2910,02;2973,61;3088,57;2896,74
2020-03-11;2905,56;2924,93;2998,65;2893,43
2020-03-12;2545,23;2883,25;2883,25;2535,89
2020-03-13;2586,02;2584,36;2793,27;2537,27
2020-03-16;2450,37;2557,71;2557,71;2302,84
2020-03-17;2530,50;2475,18;2555,41;2376,23
2020-03-18;2385,82;2507,33;2507,33;2365,70
2020-03-19;2454,08;2388,94;2461,57;2345,30
2020-03-20;2548,50;2475,14;2613,53;2475,14
2020-03-23;2485,54;2520,48;2588,48;2427,87
2020-03-24;2715,11;2507,61;2715,11;2507,61
2020-03-25;2800,14;2756,99;2829,34;2670,27
2020-03-26;2847,78;2765,86;2847,78;2706,29
2020-03-27;2728,65;2803,09;2803,09;2694,78
2020-03-30;2765,62;2734,92;2765,62;2658,88
2020-03-31;2786,90;2780,80;2827,32;2728,02
2020-04-01;2680,30;2760,54;2760,54;2663,42
2020-04-02;2688,49;2693,13;2711,45;2626,10
2020-04-03;2662,99;2686,07;2693,50;2655,80
2020-04-06;2795,97;2701,86;2804,70;2701,86
2020-04-07;2857,67;2819,53;2914,46;2819,53
2020-04-08;2851,27;2846,25;2851,27;2793,71
2020-04-09;2892,79;2864,45;2922,07;2833,45
2020-04-14;2917,74;2911,20;2956,22;2905,72
2020-04-15;2808,20;2914,30;2914,30;2795,47
2020-04-16;2812,35;2826,70;2853,57;2792,17
2020-04-17;2888,30;2842,10;2931,55;2842,10
2020-04-20;2909,50;2894,91;2909,50;2839,18
2020-04-21;2791,34;2889,57;2889,57;2791,34
2020-04-22;2834,90;2800,81;2838,26;2800,81
2020-04-23;2852,46;2837,32;2883,60;2815,12
2020-04-24;2809,07;2837,33;2849,08;2799,12
2020-04-27;2882,09;2838,96;2882,11;2838,96
2020-04-28;2932,06;2882,81;2951,35;2880,72
2020-04-29;2996,08;2934,49;3000,49;2919,74
2020-04-30;2927,93;3003,21;3023,83;2917,31
2020-05-01;2927,93;2927,93;2927,93;2927,93
2020-05-04;2816,48;2898,89;2898,89;2801,07
2020-05-05;2875,91;2830,33;2878,51;2827,37
2020-05-06;2843,76;2876,45;2878,70;2839,77
2020-05-07;2880,60;2842,82;2883,02;2842,82
2020-05-08;2908,11;2892,95;2912,02;2887,49
2020-05-11;2883,75;2915,72;2927,26;2861,71
2020-05-12;2884,20;2878,61;2896,40;2871,25
2020-05-13;2810,55;2872,01;2872,01;2805,27
2020-05-14;2760,23;2796,48;2796,48;2708,07
2020-05-15;2770,70;2777,43;2801,85;2755,15
2020-05-18;2911,88;2800,07;2923,32;2800,07
2020-05-19;2902,58;2931,17;2944,96;2876,66
2020-05-20;2942,39;2895,51;2946,47;2874,95
2020-05-21;2904,98;2927,65;2936,82;2897,78
2020-05-22;2905,47;2889,38;2922,20;2854,07
2020-05-25;2971,35;2919,10;2971,35;2912,96
2020-05-26;2999,22;2983,65;3009,43;2978,53
2020-05-27;3051,08;3004,09;3067,35;3002,66
2020-05-28;3094,47;3058,75;3102,96;3053,76
2020-05-29;3050,20;3081,78;3096,24;3049,33
2020-06-01;3077,92;3063,00;3086,41;3058,66
2020-06-02;3159,02;3096,15;3168,48;3096,15
2020-06-03;3269,59;3169,73;3275,68;3169,73
2020-06-04;3261,67;3261,09;3293,26;3232,79
2020-06-05;3384,29;3281,92;3386,96;3281,92
2020-06-08;3366,29;3378,94;3394,90;3341,24
2020-06-09;3320,71;3368,55;3377,20;3294,74
2020-06-10;3293,71;3327,31;3355,76;3289,25
2020-06-11;3144,57;3263,61;3263,61;3144,57
2020-06-12;3153,74;3135,22;3213,76;3110,30
2020-06-15;3136,40;3131,43;3153,37;3054,11
2020-06-16;3242,65;3156,03;3277,87;3156,03
2020-06-17;3267,26;3240,09;3282,92;3238,56
2020-06-18;3249,90;3260,67;3288,18;3225,10
2020-06-19;3269,10;3257,00;3300,66;3257,00
2020-06-22;3241,69;3259,43;3279,42;3219,15
2020-06-23;3298,83;3253,33;3317,87;3253,33
2020-06-24;3196,12;3289,00;3289,00;3196,12
2020-06-25;3218,91;3196,25;3235,36;3149,67
2020-06-26;3204,17;3233,14;3272,97;3199,81
2020-06-29;3232,02;3196,21;3252,33;3183,11
2020-06-30;3234,07;3235,87;3249,43;3209,96
2020-07-01;3228,45;3239,86;3250,56;3181,12
2020-07-02;3320,09;3239,48;3335,40;3239,48
2020-07-03;3294,38;3321,83;3330,48;3279,07
2020-07-06;3350,03;3314,40;3375,70;3314,40
2020-07-07;3321,56;3338,72;3338,72;3299,99
2020-07-08;3286,09;3310,83;3324,85;3278,10
2020-07-09;3261,17;3291,70;3315,54;3253,58
2020-07-10;3296,22;3255,40;3299,54;3241,29
2020-07-13;3350,00;3311,82;3353,26;3307,56
2020-07-14;3321,39;3330,08;3330,08;3277,40
2020-07-15;3378,21;3331,84;3399,71;3331,84
2020-07-16;3365,35;3371,05;3376,58;3340,96
2020-07-17;3365,60;3370,51;3375,22;3353,98
2020-07-20;3388,34;3361,25;3393,43;3332,64
2020-07-21;3405,35;3404,16;3451,16;3401,42
2020-07-22;3370,76;3399,88;3402,19;3361,53
2020-07-23;3371,74;3379,57;3400,92;3362,34
2020-07-24;3310,89;3349,54;3349,54;3294,89
2020-07-27;3302,84;3308,17;3317,18;3292,48
2020-07-28;3303,56;3302,68;3316,82;3280,67
2020-07-29;3300,16;3304,22;3314,96;3293,62
2020-07-30;3208,20;3300,61;3300,61;3174,38
2020-07-31;3174,32;3211,21;3245,97;3174,32
2020-08-03;3248,28;3177,76;3263,65;3173,98
2020-08-04;3254,29;3253,84;3278,56;3230,52
2020-08-05;3268,38;3258,32;3293,17;3258,32
2020-08-06;3240,39;3264,08;3286,10;3223,75
2020-08-07;3252,65;3240,52;3256,92;3220,05
2020-08-10;3259,71;3259,27;3276,61;3239,25
2020-08-11;3332,12;3269,91;3349,76;3269,91
2020-08-12;3363,18;3327,88;3377,44;3321,46
2020-08-13;3342,85;3358,09;3368,07;3336,57
2020-08-14;3305,05;3339,33;3339,33;3275,91
2020-08-17;3305,85;3305,65;3319,10;3285,99
2020-08-18;3289,64;3301,36;3333,64;3276,02
2020-08-19;3317,62;3287,08;3317,84;3275,51
2020-08-20;3273,98;3306,69;3306,69;3257,60
2020-08-21;3259,75;3277,61;3292,57;3221,42
2020-08-24;3331,74;3269,51;3338,47;3269,51
2020-08-25;3329,71;3335,01;3373,47;3329,71
2020-08-26;3356,76;3328,42;3357,88;3315,40
2020-08-27;3331,04;3357,02;3359,14;3326,65
2020-08-28;3315,54;3333,19;3339,74;3296,26
2020-08-31;3272,51;3320,68;3346,11;3266,55
2020-09-01;3277,58;3279,11;3311,40;3245,03
2020-09-02;3337,77;3284,30;3358,11;3284,30
2020-09-03;3304,22;3344,21;3396,02;3285,55
2020-09-04;3260,59;3294,93;3328,76;3234,81
2020-09-07;3314,07;3264,43;3320,55;3264,43
2020-09-08;3267,37;3314,85;3320,38;3241,61
2020-09-09;3324,83;3266,87;3332,99;3266,87
2020-09-10;3312,77;3326,28;3337,72;3300,08
2020-09-11;3315,81;3312,78;3329,09;3292,42
2020-09-14;3316,79;3319,94;3346,40;3309,06
2020-09-15;3332,26;3318,40;3344,51;3307,36
2020-09-16;3338,84;3332,12;3348,77;3312,19
2020-09-17;3316,57;3332,86;3332,86;3285,27
2020-09-18;3283,69;3315,30;3326,79;3283,69
2020-09-21;3160,95;3277,42;3277,42;3150,61
2020-09-22;3164,13;3165,72;3195,18;3164,13
2020-09-23;3180,11;3170,55;3223,72;3170,55
2020-09-24;3159,64;3166,02;3181,13;3143,61
2020-09-25;3137,06;3159,28;3160,56;3097,67
2020-09-28;3223,19;3144,52;3227,43;3144,52
2020-09-29;3214,30;3222,32;3224,83;3197,10
2020-09-30;3193,61;3208,91;3225,94;3181,03
2020-10-01;3194,09;3207,17;3224,40;3178,11
2020-10-02;3190,93;3180,83;3190,93;3147,28
2020-10-05;3220,22;3200,49;3224,35;3199,63
2020-10-06;3233,30;3223,64;3251,11;3201,98
2020-10-07;3233,43;3229,93;3245,62;3219,33
2020-10-08;3255,76;3239,95;3270,27;3234,48
2020-10-09;3273,12;3256,86;3276,36;3254,13
2020-10-12;3298,12;3276,50;3305,77;3272,50
2020-10-13;3279,19;3298,63;3298,63;3264,74
2020-10-14;3273,28;3279,20;3287,84;3264,61
2020-10-15;3192,69;3269,87;3269,87;3174,64
2020-10-16;3245,47;3197,29;3258,93;3197,29
2020-10-19;3242,51;3250,13;3282,55;3226,44
2020-10-20;3227,87;3239,75;3250,97;3223,79
2020-10-21;3180,70;3232,63;3238,07;3176,95
2020-10-22;3171,41;3180,96;3185,03;3135,48
2020-10-23;3198,86;3167,96;3217,96;3162,37
2020-10-26;3105,25;3181,95;3181,95;3103,79
2020-10-27;3070,60;3109,08;3112,32;3065,65
2020-10-28;2963,54;3058,86;3058,86;2932,95
2020-10-29;2960,03;2961,49;2985,50;2920,87
2020-10-30;2958,21;2950,28;2972,45;2928,56
2020-11-02;3019,54;2969,37;3029,85;2953,92
2020-11-03;3098,72;3030,89;3101,04;3030,89
2020-11-04;3161,07;3083,79;3164,56;3043,19
2020-11-05;3215,56;3167,78;3222,51;3167,78
2020-11-06;3204,05;3210,37;3224,49;3168,97
2020-11-09;3407,91;3217,40;3442,12;3217,40
2020-11-10;3442,62;3405,49;3460,08;3396,40
2020-11-11;3467,30;3444,57;3473,82;3433,26
2020-11-12;3428,20;3453,36;3457,71;3421,96
2020-11-13;3432,07;3423,63;3457,59;3416,18
2020-11-16;3466,21;3447,86;3497,10;3440,05
2020-11-17;3468,48;3461,54;3471,90;3442,70
2020-11-18;3482,17;3463,97;3489,31;3451,89
2020-11-19;3451,97;3466,67;3466,67;3440,22
2020-11-20;3467,60;3447,96;3484,29;3442,81
2020-11-23;3463,04;3480,59;3506,24;3463,04
2020-11-24;3507,98;3476,61;3510,62;3476,61
2020-11-25;3511,90;3513,77;3520,74;3494,07
2020-11-26;3510,94;3518,67;3524,08;3508,70
2020-11-27;3527,79;3509,79;3536,46;3507,97
2020-11-30;3492,54;3518,91;3538,52;3492,54
2020-12-01;3525,24;3499,28;3532,91;3499,28
2020-12-02;3521,32;3515,64;3523,30;3502,10
2020-12-03;3517,10;3520,53;3523,60;3502,65
2020-12-04;3539,27;3516,18;3540,69;3516,18
2020-12-07;3530,08;3536,05;3536,05;3499,14
2020-12-08;3525,87;3522,99;3531,69;3503,28
2020-12-09;3529,02;3532,04;3557,39;3527,42
2020-12-10;3522,31;3529,04;3541,24;3498,96
2020-12-11;3485,84;3515,83;3515,83;3461,47
2020-12-14;3503,96;3497,84;3531,95;3497,84
2020-12-15;3521,50;3503,38;3528,83;3497,47
2020-12-16;3543,00;3524,12;3560,71;3523,93
2020-12-17;3560,87;3550,37;3573,45;3550,37
2020-12-18;3545,74;3556,15;3586,44;3544,77
2020-12-21;3448,68;3516,66;3516,66;3401,14
2020-12-22;3497,49;3455,94;3503,03;3455,94
2020-12-23;3539,26;3502,43;3544,55;3502,43
2020-12-24;3543,28;3542,85;3546,02;3539,79
2020-12-28;3575,41;3554,13;3583,21;3554,13
2020-12-29;3581,37;3580,45;3603,17;3576,76
2020-12-30;3571,59;3580,91;3591,25;3569,62
2020-12-31;3552,64;3565,71;3571,61;3552,64
2021-01-04;3564,39;3565,68;3609,91;3548,31
2021-01-05;3547,85;3554,24;3574,98;3524,63
2021-01-06;3611,08;3559,81;3620,57;3547,45
2021-01-07;3622,42;3621,16;3635,64;3604,13
2021-01-08;3645,05;3632,14;3657,83;3630,71
2021-01-11;3620,62;3636,67;3641,74;3595,11
2021-01-12;3612,13;3622,37;3633,68;3600,06
2021-01-13;3616,51;3615,02;3624,19;3599,49
2021-01-14;3641,37;3619,30;3647,32;3619,30
2021-01-15;3599,55;3633,41;3633,46;3573,60
2021-01-18;3602,67;3591,23;3603,36;3577,77
2021-01-19;3595,42;3618,03;3623,26;3591,73
2021-01-20;3624,04;3603,80;3630,44;3603,57
2021-01-21;3618,35;3637,86;3649,73;3616,50
2021-01-22;3602,41;3611,43;3611,43;3570,68
2021-01-25;3553,14;3614,72;3621,49;3540,25
2021-01-26;3592,83;3551,21;3607,42;3551,21
2021-01-27;3536,38;3593,19;3593,19;3502,74
2021-01-28;3557,04;3519,11;3567,06;3473,76
2021-01-29;3481,44;3538,63;3538,63;3481,44
2021-02-01;3530,85;3492,86;3543,18;3492,86
2021-02-02;3590,46;3545,09;3596,20;3545,09
2021-02-03;3609,75;3599,76;3632,67;3599,36
2021-02-04;3642,12;3604,62;3644,64;3604,62
2021-02-05;3655,77;3642,69;3668,40;3642,28
2021-02-08;3665,51;3665,77;3681,82;3661,88
2021-02-09;3661,13;3669,54;3670,80;3649,50
2021-02-10;3648,37;3672,12;3677,16;3628,47
2021-02-11;3671,68;3654,34;3673,39;3648,41
2021-02-12;3695,61;3669,04;3696,19;3649,11
2021-02-15;3734,20;3711,35;3742,53;3706,40
2021-02-16;3726,40;3735,53;3740,56;3718,66
2021-02-17;3699,85;3720,26;3726,35;3696,12
2021-02-18;3681,04;3700,99;3711,38;3672,80
2021-02-19;3713,46;3683,38;3718,99;3681,45
2021-02-22;3699,85;3706,07;3707,42;3660,90
2021-02-23;3689,10;3698,24;3708,11;3643,33
2021-02-24;3705,99;3684,67;3712,66;3681,66
2021-02-25;3685,28;3716,67;3728,65;3685,28
2021-02-26;3636,44;3665,89;3676,59;3622,24
2021-03-01;3706,62;3658,12;3711,52;3658,12
2021-03-02;3707,72;3702,80;3728,47;3689,82
2021-03-03;3712,78;3711,39;3742,50;3687,45
2021-03-04;3704,85;3702,37;3716,31;3680,83
2021-03-05;3669,54;3689,41;3714,26;3656,21
2021-03-08;3763,24;3679,35;3767,45;3679,35
2021-03-09;3786,05;3759,26;3795,63;3754,62
2021-03-10;3819,92;3780,26;3822,66;3780,00
2021-03-11;3845,64;3827,18;3846,51;3827,18
2021-03-12;3833,36;3840,73;3840,73;3818,25
2021-03-15;3829,84;3840,85;3857,07;3818,20
2021-03-16;3850,96;3842,33;3856,78;3838,22
2021-03-17;3849,74;3846,58;3853,66;3838,43
2021-03-18;3867,54;3856,76;3874,91;3852,25
2021-03-19;3837,02;3851,61;3861,65;3819,38
2021-03-22;3833,84;3828,66;3841,49;3811,80
2021-03-23;3827,02;3827,54;3842,37;3804,90
2021-03-24;3832,55;3820,78;3833,66;3803,84
2021-03-25;3832,57;3822,59;3832,57;3784,09
2021-03-26;3866,68;3841,46;3871,88;3841,46
2021-03-29;3882,87;3871,82;3890,20;3867,25
2021-03-30;3926,20;3885,11;3929,49;3885,11
2021-03-31;3919,21;3923,92;3925,97;3910,90
2021-04-01;3945,96;3922,36;3948,99;3922,36
2021-04-06;3970,42;3950,18;3988,10;3950,18
2021-04-07;3956,77;3965,86;3971,89;3952,12
2021-04-08;3977,83;3961,00;3977,92;3961,00
2021-04-09;3978,84;3978,84;3987,73;3970,41
2021-04-12;3961,90;3978,54;3980,52;3961,90
2021-04-13;3966,99;3964,91;3980,57;3953,26
2021-04-14;3976,28;3973,33;3982,08;3968,68
2021-04-15;3993,43;3978,39;3997,69;3978,39
2021-04-16;4032,99;3992,56;4037,61;3991,20
2021-04-19;4019,91;4033,59;4040,88;4017,70
2021-04-20;3940,46;4014,01;4018,66;3935,83
2021-04-21;3976,41;3943,19;3985,31;3943,19
2021-04-22;4014,80;3979,58;4017,19;3979,58
2021-04-23;4013,34;4011,10;4016,82;3981,87
2021-04-26;4020,83;4013,07;4026,33;4004,53
2021-04-27;4011,91;4017,92;4019,21;4001,24
2021-04-28;4015,03;4011,02;4026,74;4006,34
2021-04-29;3996,90;4021,44;4033,87;3985,25
2021-04-30;3974,74;3993,19;4004,84;3974,72
2021-05-03;4000,25;3979,50;4009,73;3965,50
2021-05-04;3924,80;4001,13;4018,14;3919,46
2021-05-05;4002,79;3927,29;4003,09;3927,29
2021-05-06;3999,44;3997,70;4022,74;3974,82
2021-05-07;4034,25;3999,93;4034,25;3999,93
2021-05-10;4023,35;4031,99;4035,66;4014,67
2021-05-11;3946,06;4020,49;4020,49;3917,64
2021-05-12;3947,43;3947,65;3964,80;3925,85
2021-05-13;3952,45;3931,19;3963,61;3857,76
2021-05-14;4017,44;3970,76;4017,44;3961,10
2021-05-17;4006,84;4018,16;4032,11;3993,88
2021-05-18;4005,34;4014,68;4043,21;3996,75
2021-05-19;3936,74;3995,70;3995,70;3892,72
2021-05-20;3999,91;3948,63;3999,91;3936,79
2021-05-21;4025,78;4001,53;4032,97;3999,11
2021-05-24;4035,58;4021,58;4035,76;4021,58
2021-05-25;4036,04;4042,49;4056,95;4036,04
2021-05-26;4031,67;4039,57;4054,14;4022,05
2021-05-27;4039,21;4028,75;4056,79;4019,85
2021-05-28;4070,56;4042,37;4075,87;4042,37
2021-05-31;4039,46;4068,11;4071,74;4037,25
2021-06-01;4071,75;4044,07;4101,26;4044,07
2021-06-02;4088,50;4072,10;4088,52;4064,07
2021-06-03;4079,24;4088,95;4088,95;4051,81
2021-06-04;4089,38;4079,29;4091,95;4070,35
2021-06-07;4097,65;4089,27;4107,03;4069,52
2021-06-08;4096,01;4098,63;4115,62;4092,76
2021-06-09;4096,85;4095,14;4102,06;4078,16
2021-06-10;4096,07;4099,07;4109,20;4080,15
2021-06-11;4126,70;4098,04;4128,99;4097,99
2021-06-14;4132,67;4134,79;4155,24;4127,94
2021-06-15;4143,52;4144,80;4158,36;4143,52
2021-06-16;4151,76;4145,50;4156,81;4138,75
2021-06-17;4158,14;4144,91;4164,58;4131,42
2021-06-18;4083,37;4155,78;4165,59;4078,76
2021-06-21;4112,33;4079,42;4114,19;4049,60
2021-06-22;4123,13;4112,34;4128,40;4093,47
2021-06-23;4075,94;4126,10;4133,98;4075,94
2021-06-24;4122,43;4083,05;4126,41;4083,05
2021-06-25;4120,66;4123,94;4127,45;4105,76
2021-06-28;4089,91;4119,87;4125,73;4089,00
2021-06-29;4107,51;4092,30;4124,33;4090,29
2021-06-30;4064,30;4104,75;4111,98;4048,05
2021-07-01;4078,89;4068,20;4113,58;4049,60
2021-07-02;4084,31;4082,70;4099,99;4076,23
2021-07-05;4087,37;4081,08;4095,15;4057,91
2021-07-06;4052,67;4087,50;4087,50;4038,77
2021-07-07;4078,53;4055,64;4083,11;4055,64
2021-07-08;3991,66;4070,74;4070,74;3961,98
2021-07-09;4068,09;3996,72;4068,14;3996,72
2021-07-12;4093,38;4068,64;4098,76;4046,11
2021-07-13;4094,56;4094,26;4100,81;4084,78
2021-07-14;4099,50;4088,10;4104,83;4077,14
2021-07-15;4056,39;4096,00;4096,00;4046,04
2021-07-16;4035,77;4060,22;4072,58;4014,58
2021-07-19;3928,53;4018,91;4018,91;3904,78
2021-07-20;3956,34;3937,40;3979,28;3920,93
2021-07-21;4026,68;3973,90;4029,09;3973,90
2021-07-22;4059,05;4037,94;4078,58;4037,94
2021-07-23;4109,10;4066,70;4111,43;4066,70
2021-07-26;4102,59;4103,50;4106,40;4072,86
2021-07-27;4064,83;4099,80;4099,80;4056,23
2021-07-28;4103,03;4067,84;4103,45;4065,25
2021-07-29;4116,77;4104,98;4128,81;4104,98
2021-07-30;4089,30;4113,11;4114,28;4078,33
2021-08-02;4116,62;4095,50;4135,68;4095,50
2021-08-03;4117,95;4114,52;4129,21;4102,13
2021-08-04;4144,90;4124,33;4150,09;4124,33
2021-08-05;4161,08;4141,30;4166,14;4141,30
2021-08-06;4174,54;4159,04;4183,92;4155,16
2021-08-09;4177,15;4175,57;4186,05;4170,95
2021-08-10;4187,82;4178,59;4197,12;4178,59
2021-08-11;4206,33;4189,63;4219,06;4184,87
2021-08-12;4226,33;4205,74;4232,22;4204,12
2021-08-13;4229,70;4225,73;4242,26;4223,49
2021-08-16;4202,44;4219,79;4219,79;4188,97
2021-08-17;4196,40;4197,85;4202,02;4172,67
2021-08-18;4189,42;4197,32;4199,50;4179,58
2021-08-19;4124,71;4183,74;4183,74;4082,07
2021-08-20;4147,50;4125,30;4150,66;4105,99
2021-08-23;4176,42;4160,76;4184,03;4157,49
2021-08-24;4178,08;4182,68;4197,67;4163,69
2021-08-25;4181,12;4178,17;4188,23;4178,17
2021-08-26;4169,87;4172,32;4176,28;4141,33
2021-08-27;4190,98;4167,39;4192,09;4160,47
2021-08-30;4198,80;4191,99;4202,87;4191,79
2021-08-31;4196,41;4201,77;4222,62;4175,32
2021-09-01;4227,27;4207,00;4251,39;4207,00
2021-09-02;4232,10;4225,03;4239,02;4219,42
2021-09-03;4201,98;4234,26;4234,26;4182,96
2021-09-06;4246,13;4204,07;4252,78;4204,07
2021-09-07;4225,01;4244,40;4245,76;4219,86
2021-09-08;4177,15;4219,82;4219,82;4160,37
2021-09-09;4177,11;4171,46;4194,59;4134,80
2021-09-10;4170,35;4184,05;4205,22;4161,09
2021-09-13;4189,53;4174,67;4210,62;4174,67
2021-09-14;4191,67;4188,35;4202,44;4163,95
2021-09-15;4145,94;4188,92;4196,60;4145,94
2021-09-16;4169,87;4151,63;4190,17;4151,63
2021-09-17;4130,84;4180,28;4213,73;4119,27
2021-09-20;4043,63;4102,19;4102,19;4011,49
2021-09-21;4097,51;4049,69;4106,76;4049,69
2021-09-22;4150,19;4104,43;4150,19;4104,43
2021-09-23;4194,92;4158,21;4206,11;4158,21
2021-09-24;4158,51;4188,43;4188,43;4149,94
2021-09-27;4165,48;4164,63;4196,07;4159,60
2021-09-28;4058,82;4160,47;4160,47;4056,17
2021-09-29;4080,22;4070,45;4108,22;4070,45
2021-09-30;4048,08;4089,16;4116,35;4048,08
2021-10-01;4035,30;4037,16;4055,01;3981,81
2021-10-04;3996,41;4026,70;4037,35;3993,87
2021-10-05;4065,43;4002,61;4066,64;4001,42
2021-10-06;4012,65;4049,64;4049,64;3965,87
2021-10-07;4098,34;4037,48;4099,39;4037,48
2021-10-08;4073,29;4097,12;4101,96;4073,29
2021-10-11;4072,52;4071,15;4076,80;4043,78
2021-10-12;4055,09;4058,54;4063,48;4019,55
2021-10-13;4083,28;4052,48;4092,73;4040,31
2021-10-14;4149,06;4088,14;4151,76;4088,14
2021-10-15;4182,91;4160,04;4186,61;4159,07
2021-10-18;4151,40;4177,73;4177,73;4131,41
2021-10-19;4166,83;4159,22;4169,61;4151,44
2021-10-20;4172,17;4164,50;4178,95;4143,83
2021-10-21;4155,73;4163,62;4166,50;4140,06
2021-10-22;4188,81;4158,44;4203,67;4158,44
2021-10-25;4188,31;4194,84;4198,97;4185,14
2021-10-26;4223,97;4187,55;4230,88;4187,55
2021-10-27;4220,88;4220,74;4226,99;4205,42
2021-10-28;4233,87;4220,74;4236,20;4213,17
2021-10-29;4250,56;4228,73;4250,68;4187,81
2021-11-01;4280,47;4256,93;4291,81;4256,93
2021-11-02;4296,22;4276,72;4297,45;4273,10
2021-11-03;4309,61;4292,59;4309,66;4291,10
2021-11-04;4333,34;4314,51;4340,81;4314,51
2021-11-05;4363,04;4330,14;4375,04;4330,14
2021-11-08;4352,53;4359,74;4366,54;4352,45
2021-11-09;4344,63;4346,62;4364,04;4337,66
2021-11-10;4348,82;4349,80;4358,46;4330,29
2021-11-11;4358,00;4347,26;4358,80;4334,93
2021-11-12;4370,33;4357,90;4372,32;4352,43
2021-11-15;4386,19;4364,52;4386,19;4364,52
2021-11-16;4401,49;4393,80;4406,46;4389,52
2021-11-17;4400,81;4399,25;4409,24;4399,25
2021-11-18;4383,70;4400,73;4415,23;4377,73
2021-11-19;4356,47;4385,66;4401,92;4333,86
2021-11-22;4338,69;4361,95;4371,60;4336,17
2021-11-23;4283,82;4320,41;4328,48;4267,23
2021-11-24;4276,25;4284,60;4305,49;4240,78
2021-11-25;4293,24;4286,63;4304,86;4278,80
2021-11-26;4089,58;4213,93;4213,93;4086,66
2021-11-29;4109,51;4117,79;4154,15;4097,98
2021-11-30;4063,06;4089,51;4110,96;4027,43
2021-12-01;4179,15;4080,85;4187,86;4080,85
2021-12-02;4108,02;4157,70;4157,70;4086,82
2021-12-03;4080,15;4118,98;4150,42;4059,02
2021-12-06;4137,11;4095,39;4146,16;4078,64
2021-12-07;4276,20;4157,72;4277,03;4157,72
2021-12-08;4233,09;4273,32;4288,20;4233,09
2021-12-09;4208,30;4242,66;4246,52;4201,85
2021-12-10;4199,16;4198,18;4221,57;4178,66
2021-12-13;4183,04;4206,45;4241,12;4176,97
2021-12-14;4144,51;4198,90;4210,52;4143,50
2021-12-15;4159,68;4147,16;4176,14;4147,16
2021-12-16;4201,87;4198,25;4250,90;4198,25
2021-12-17;4161,35;4195,94;4195,94;4130,36
2021-12-20;4107,13;4140,33;4140,33;4046,69
2021-12-21;4174,99;4120,48;4174,99;4120,48
2021-12-22;4217,06;4180,89;4217,06;4167,89
2021-12-23;4265,86;4221,90;4270,29;4221,90
2021-12-24;4255,01;4265,56;4267,58;4255,01
2021-12-27;4287,98;4249,90;4293,89;4240,49
2021-12-28;4311,93;4290,54;4319,69;4287,11
2021-12-29;4284,83;4311,13;4312,45;4271,37
2021-12-30;4306,07;4286,63;4309,54;4285,29
2021-12-31;4298,41;4302,79;4304,72;4296,08
2022-01-03;4331,82;4303,94;4348,66;4303,94
2022-01-04;4367,62;4346,45;4390,59;4342,25
2022-01-05;4392,15;4368,78;4395,78;4367,03
2022-01-06;4324,81;4372,45;4372,45;4304,54
2022-01-07;4305,83;4331,07;4335,72;4279,71
2022-01-10;4239,52;4312,13;4324,64;4231,06
2022-01-11;4281,54;4251,80;4303,17;4251,80
2022-01-12;4316,39;4306,25;4328,76;4289,00
2022-01-13;4315,90;4319,26;4335,49;4294,99
2022-01-14;4272,19;4307,48;4307,48;4256,61
2022-01-17;4302,14;4281,31;4310,49;4274,25
2022-01-18;4257,82;4293,58;4293,58;4234,29
2022-01-19;4268,28;4249,40;4302,17;4234,62
2022-01-20;4299,61;4271,25;4300,64;4248,01
2022-01-21;4229,56;4278,18;4278,18;4188,93
2022-01-24;4054,36;4213,83;4224,47;4035,28
2022-01-25;4078,26;4078,81;4112,25;4039,52
2022-01-26;4164,60;4096,51;4188,17;4096,51
2022-01-27;4184,97;4144,78;4204,86;4088,91
2022-01-28;4136,91;4174,57;4181,23;4071,71
2022-01-31;4174,60;4161,77;4200,83;4134,07
2022-02-01;4224,45;4184,63;4232,44;4184,63
2022-02-02;4222,05;4242,74;4259,28;4222,05
2022-02-03;4141,02;4215,41;4215,41;4141,02
2022-02-04;4086,58;4154,75;4167,87;4067,51
2022-02-07;4120,56;4101,89;4131,84;4074,86
2022-02-08;4129,25;4117,21;4156,17;4103,63
2022-02-09;4204,09;4140,41;4208,76;4140,41
2022-02-10;4197,07;4208,20;4239,61;4169,84
2022-02-11;4155,23;4170,73;4177,91;4133,35
2022-02-14;4064,45;4125,31;4125,31;4002,91
2022-02-15;4143,71;4059,25;4143,71;4043,57
2022-02-16;4137,22;4149,56;4180,32;4117,17
2022-02-17;4113,19;4139,88;4158,44;4092,79
2022-02-18;4074,28;4107,72;4128,73;4054,72
2022-02-21;3985,71;4090,71;4104,63;3957,20
2022-02-22;3985,47;3960,20;4016,46;3894,99
2022-02-23;3973,41;3991,66;4054,17;3962,79
2022-02-24;3829,29;3939,51;3939,51;3765,42
2022-02-25;3970,69;3836,85;3970,83;3829,28
2022-02-28;3924,23;3940,99;3940,99;3825,08
2022-03-01;3765,85;3920,03;3923,75;3765,85
2022-03-02;3820,59;3755,27;3849,72;3720,72
2022-03-03;3741,78;3819,14;3841,92;3731,35
2022-03-04;3556,01;3723,97;3723,97;3556,01
2022-03-07;3512,22;3529,57;3599,93;3387,00
2022-03-08;3505,29;3489,16;3610,95;3469,20
2022-03-09;3766,02;3548,49;3766,02;3548,49
2022-03-10;3651,39;3764,64;3764,64;3627,13
2022-03-11;3686,78;3657,37;3801,48;3630,28
2022-03-14;3741,10;3694,76;3789,58;3694,76
2022-03-15;3738,11;3723,23;3753,26;3641,50
2022-03-16;3889,69;3766,79;3929,96;3766,79
2022-03-17;3885,32;3901,70;3913,72;3843,10
2022-03-18;3902,44;3886,49;3902,44;3824,02
2022-03-21;3881,80;3900,84;3914,08;3877,59
2022-03-22;3926,12;3886,26;3935,45;3886,26
2022-03-23;3869,22;3934,13;3937,81;3853,54
2022-03-24;3863,39;3874,32;3892,91;3845,44
2022-03-25;3867,73;3871,34;3903,94;3853,35
2022-03-28;3887,10;3870,33;3946,78;3870,33
2022-03-29;4002,18;3906,47;4024,89;3906,47
2022-03-30;3959,14;3997,46;3997,46;3942,81
2022-03-31;3902,52;3964,01;3979,70;3902,52
2022-04-01;3918,68;3906,57;3935,73;3895,70
2022-04-04;3951,12;3925,27;3956,59;3891,00
2022-04-05;3917,85;3952,58;3969,04;3896,62
2022-04-06;3824,69;3915,53;3915,53;3792,56
2022-04-07;3802,01;3836,46;3874,29;3797,60
2022-04-08;3858,37;3812,08;3872,59;3812,08
2022-04-11;3839,62;3845,70;3870,06;3813,16
2022-04-12;3831,47;3818,76;3853,23;3763,32
2022-04-13;3827,96;3827,47;3833,98;3788,87
2022-04-14;3848,68;3834,33;3859,59;3823,85
2022-04-19;3830,76;3842,07;3848,63;3793,47
2022-04-20;3896,81;3835,16;3905,75;3833,46
2022-04-21;3928,03;3901,33;3954,30;3897,46
2022-04-22;3840,01;3905,80;3905,80;3838,19
2022-04-25;3757,59;3826,96;3826,96;3739,67
2022-04-26;3721,36;3769,66;3804,96;3717,98
2022-04-27;3734,64;3719,35;3748,97;3675,54
2022-04-28;3777,02;3750,21;3809,24;3731,95
2022-04-29;3802,86;3785,58;3833,89;3785,58
2022-05-02;3732,44;3772,91;3772,91;3692,82
2022-05-03;3761,19;3738,49;3773,30;3727,52
2022-05-04;3724,99;3758,44;3767,66;3724,95
2022-05-05;3696,63;3744,91;3814,11;3684,45
2022-05-06;3629,17;3678,85;3678,85;3602,77
2022-05-09;3526,86;3618,45;3628,25;3526,86
2022-05-10;3554,80;3537,66;3611,08;3537,66
2022-05-11;3647,87;3575,16;3647,87;3553,72
2022-05-12;3613,43;3617,71;3637,62;3544,56
2022-05-13;3703,42;3628,25;3703,42;3628,25
2022-05-16;3685,34;3695,78;3705,23;3660,19
2022-05-17;3741,51;3696,01;3752,14;3696,01
2022-05-18;3690,74;3745,24;3752,29;3684,36
2022-05-19;3640,55;3662,53;3662,53;3592,01
2022-05-20;3657,03;3650,09;3710,67;3645,77
2022-05-23;3708,39;3669,53;3708,39;3653,14
2022-05-24;3647,56;3700,12;3700,12;3645,51
2022-05-25;3677,10;3652,39;3690,82;3633,78
2022-05-26;3740,31;3675,24;3747,41;3675,24
2022-05-27;3808,86;3744,63;3808,86;3744,63
2022-05-30;3841,62;3817,71;3852,68;3817,71
2022-05-31;3789,21;3833,03;3833,73;3780,41
2022-06-01;3759,54;3800,10;3813,04;3755,06
2022-06-02;3795,13;3761,19;3799,18;3761,19
2022-06-03;3783,66;3813,29;3822,37;3777,47
2022-06-06;3838,42;3793,07;3857,27;3793,07
2022-06-07;3806,74;3830,21;3830,21;3783,35
2022-06-08;3788,93;3815,77;3823,98;3768,43
2022-06-09;3724,45;3780,03;3788,97;3719,52
2022-06-10;3599,20;3716,56;3716,56;3596,64
2022-06-13;3502,50;3581,87;3581,87;3494,31
2022-06-14;3475,18;3512,04;3540,87;3466,69
2022-06-15;3532,32;3496,28;3549,27;3487,44
2022-06-16;3427,91;3528,11;3528,11;3420,65
2022-06-17;3438,46;3433,56;3485,94;3422,78
2022-06-20;3469,83;3443,25;3469,85;3429,40
2022-06-21;3494,00;3469,83;3524,24;3469,83
2022-06-22;3464,64;3494,00;3494,00;3413,04
2022-06-23;3436,29;3456,35;3481,85;3411,83
2022-06-24;3533,17;3443,28;3538,94;3443,28
2022-06-27;3538,88;3537,86;3595,67;3523,97
2022-06-28;3549,29;3545,92;3583,46;3545,89
2022-06-29;3514,32;3534,82;3534,82;3495,18
2022-06-30;3454,86;3501,20;3501,20;3414,74
2022-07-01;3448,31;3450,62;3471,25;3405,44
2022-07-04;3452,42;3458,99;3476,63;3445,39
2022-07-05;3359,83;3464,39;3477,04;3357,06
2022-07-06;3421,84;3368,51;3438,96;3368,51
2022-07-07;3488,50;3443,25;3493,94;3443,25
2022-07-08;3506,55;3484,71;3510,86;3454,51
2022-07-11;3471,69;3485,00;3492,11;3440,14
2022-07-12;3487,05;3457,15;3489,37;3425,59
2022-07-13;3453,97;3481,82;3481,82;3409,54
2022-07-14;3396,61;3449,34;3454,26;3372,12
2022-07-15;3477,20;3402,68;3480,85;3394,02
2022-07-18;3511,86;3480,36;3532,61;3480,36
2022-07-19;3587,44;3498,43;3593,78;3473,64
2022-07-20;3585,24;3583,86;3605,32;3546,46
2022-07-21;3596,51;3581,72;3611,10;3554,69
2022-07-22;3596,49;3589,96;3625,16;3577,81
2022-07-25;3604,16;3592,33;3619,52;3572,75
2022-07-26;3575,36;3602,01;3604,37;3571,84
2022-07-27;3607,78;3583,39;3617,50;3583,39
2022-07-28;3652,20;3623,29;3652,87;3594,58
2022-07-29;3708,10;3662,70;3720,16;3662,70
2022-08-01;3706,62;3705,76;3730,98;3699,77
2022-08-02;3684,63;3701,63;3701,63;3664,28
2022-08-03;3732,54;3687,99;3734,79;3681,89
2022-08-04;3754,60;3733,52;3781,57;3733,52
2022-08-05;3725,39;3751,51;3757,48;3716,39
2022-08-08;3757,22;3737,31;3778,99;3737,31
2022-08-09;3715,37;3752,26;3755,32;3711,55
2022-08-10;3749,35;3714,40;3757,89;3694,88
2022-08-11;3757,05;3761,45;3771,20;3741,25
2022-08-12;3776,81;3760,58;3784,19;3756,19
2022-08-15;3789,62;3782,19;3794,90;3763,03
2022-08-16;3805,22;3796,04;3819,12;3786,59
2022-08-17;3756,06;3806,93;3813,04;3751,57
2022-08-18;3777,38;3755,85;3779,77;3748,89
2022-08-19;3730,32;3772,25;3772,25;3725,55
2022-08-22;3658,22;3724,14;3724,14;3643,72
2022-08-23;3652,52;3654,04;3674,73;3635,27
2022-08-24;3667,46;3651,05;3672,79;3626,41
2022-08-25;3674,54;3670,57;3703,52;3659,75
2022-08-26;3603,68;3682,02;3706,49;3593,48
2022-08-29;3570,51;3600,48;3600,48;3537,24
2022-08-30;3561,92;3576,89;3629,50;3545,92
2022-08-31;3517,25;3571,97;3583,05;3517,25
2022-09-01;3456,70;3514,49;3514,49;3448,49
2022-09-02;3544,38;3466,66;3548,85;3466,66
2022-09-05;3490,01;3532,77;3532,77;3445,84
2022-09-06;3500,14;3490,16;3521,10;3471,89
2022-09-07;3502,09;3495,02;3510,90;3462,86
2022-09-08;3512,38;3510,91;3524,64;3454,60
2022-09-09;3570,04;3512,71;3581,57;3512,71
2022-09-12;3646,51;3579,18;3657,23;3579,18
2022-09-13;3586,18;3649,24;3683,02;3586,08
2022-09-14;3567,56;3583,88;3591,37;3545,80
2022-09-15;3541,79;3566,47;3586,36;3532,08
2022-09-16;3500,41;3532,20;3532,20;3482,40
2022-09-19;3499,49;3499,78;3520,11;3451,51
2022-09-20;3467,09;3500,42;3537,91;3459,94
2022-09-21;3491,87;3461,30;3494,41;3425,70
2022-09-22;3427,14;3476,23;3494,38;3427,06
2022-09-23;3348,60;3427,14;3427,14;3330,10
2022-09-26;3342,56;3343,20;3377,61;3325,20
2022-09-27;3328,65;3349,94;3396,08;3328,65
2022-09-28;3335,30;3322,59;3339,55;3259,33
2022-09-29;3279,04;3332,80;3332,80;3249,57
2022-09-30;3318,20;3282,00;3324,24;3279,98
2022-10-03;3342,17;3309,02;3348,45;3259,75
2022-10-04;3484,48;3359,71;3484,48;3359,71
2022-10-05;3447,72;3479,24;3480,45;3427,70
2022-10-06;3433,45;3455,28;3476,67;3419,80
2022-10-07;3375,46;3419,31;3434,13;3373,65
2022-10-10;3356,88;3367,86;3389,94;3338,36
2022-10-11;3340,35;3352,54;3356,41;3310,41
2022-10-12;3331,53;3339,50;3365,85;3315,54
2022-10-13;3362,40;3321,18;3373,11;3256,32
2022-10-14;3381,73;3371,71;3452,99;3371,71
2022-10-17;3441,64;3382,12;3456,81;3369,55
2022-10-18;3463,83;3449,95;3511,06;3449,95
2022-10-19;3471,24;3466,71;3498,20;3458,17
2022-10-20;3492,85;3467,57;3501,58;3451,75
2022-10-21;3476,63;3477,27;3488,01;3422,93
2022-10-24;3527,79;3488,78;3552,74;3473,21
2022-10-25;3585,58;3536,92;3585,58;3511,52
2022-10-26;3605,31;3586,47;3609,72;3560,43
2022-10-27;3604,51;3604,95;3618,73;3565,36
2022-10-28;3613,02;3594,60;3615,91;3558,55
2022-10-31;3617,54;3622,55;3631,23;3606,97
2022-11-01;3651,02;3628,60;3680,24;3628,60
2022-11-02;3622,01;3653,42;3675,66;3621,18
2022-11-03;3593,18;3596,07;3597,58;3563,42
2022-11-04;3688,33;3601,92;3711,21;3601,92
2022-11-07;3708,80;3682,46;3719,21;3667,98
2022-11-08;3739,28;3704,20;3741,29;3695,17
2022-11-09;3728,03;3735,47;3739,65;3708,51
2022-11-10;3846,56;3717,69;3849,14;3706,79
2022-11-11;3868,50;3873,07;3890,25;3859,50
2022-11-14;3887,51;3873,51;3915,67;3872,21
2022-11-15;3915,09;3896,29;3932,23;3889,25
2022-11-16;3882,78;3911,68;3918,97;3873,34
2022-11-17;3878,42;3890,17;3910,17;3842,87
2022-11-18;3924,84;3889,56;3940,94;3889,56
2022-11-21;3909,28;3915,66;3921,95;3896,71
2022-11-22;3929,90;3903,80;3935,55;3901,14
2022-11-23;3946,44;3938,57;3950,14;3925,37
2022-11-24;3961,99;3948,78;3976,43;3947,16
2022-11-25;3962,41;3962,26;3975,17;3951,64
2022-11-28;3935,51;3952,71;3957,56;3925,13
2022-11-29;3934,44;3941,55;3953,98;3924,56
2022-11-30;3964,72;3945,71;3972,69;3943,46
2022-12-01;3984,50;3970,68;4004,19;3968,89
2022-12-02;3977,90;3974,16;3996,57;3940,52
2022-12-05;3956,53;3973,45;3977,73;3950,31
2022-12-06;3939,19;3953,50;3963,51;3924,65
2022-12-07;3920,90;3929,71;3944,03;3911,46
2022-12-08;3921,27;3926,17;3931,08;3903,93
2022-12-09;3942,62;3926,59;3946,50;3905,94
2022-12-12;3921,82;3931,59;3936,11;3911,67
2022-12-13;3986,83;3926,36;4035,15;3923,93
2022-12-14;3975,26;3980,71;3980,71;3955,15
2022-12-15;3835,70;3950,02;3950,02;3831,21
2022-12-16;3804,02;3831,00;3837,77;3783,94
2022-12-19;3811,24;3808,53;3835,63;3808,53
2022-12-20;3802,49;3790,58;3816,90;3767,26
2022-12-21;3872,15;3810,87;3874,36;3810,87
2022-12-22;3823,29;3870,98;3889,70;3817,49
2022-12-23;3817,01;3823,70;3833,61;3798,74
2022-12-27;3832,89;3826,99;3854,61;3826,99
2022-12-28;3808,82;3833,45;3842,22;3805,94
2022-12-29;3850,07;3803,24;3851,39;3793,25
2022-12-30;3793,62;3845,92;3845,92;3792,09
2023-01-02;3856,09;3802,51;3860,74;3802,51
2023-01-03;3882,29;3852,07;3921,37;3852,07
2023-01-04;3973,97;3891,04;3975,50;3891,04
2023-01-05;3959,48;3967,01;3974,61;3950,42
2023-01-06;4017,83;3959,96;4017,85;3951,93
2023-01-09;4068,62;4027,51;4080,55;4025,16
2023-01-10;4057,46;4052,62;4063,29;4042,42
2023-01-11;4099,76;4062,38;4107,81;4062,38
2023-01-12;4126,68;4104,14;4144,37;4104,14
2023-01-13;4150,80;4129,11;4160,97;4129,11
2023-01-16;4157,00;4155,74;4162,51;4145,27
2023-01-17;4174,33;4153,93;4193,30;4142,29
2023-01-18;4174,34;4171,03;4197,47;4171,03
2023-01-19;4094,28;4156,10;4158,57;4092,57
2023-01-20;4119,90;4101,64;4126,17;4100,17
2023-01-23;4150,82;4121,97;4157,13;4121,97
2023-01-24;4153,02;4154,26;4167,02;4132,24
2023-01-25;4148,11;4153,63;4158,77;4116,99
2023-01-26;4173,98;4156,51;4183,56;4156,51
2023-01-27;4178,01;4177,26;4188,71;4154,53
2023-01-30;4158,63;4166,75;4166,75;4122,21
2023-01-31;4163,45;4155,31;4166,17;4124,58
2023-02-01;4171,44;4168,81;4187,61;4159,01
2023-02-02;4241,12;4174,33;4245,08;4174,33
2023-02-03;4257,98;4230,53;4257,98;4206,26
2023-02-06;4205,45;4246,45;4246,45;4186,66
2023-02-07;4209,31;4206,39;4218,49;4192,95
2023-02-08;4209,15;4220,86;4248,38;4208,40
2023-02-09;4250,14;4226,85;4275,58;4226,85
2023-02-10;4197,94;4242,36;4242,36;4172,95
2023-02-13;4241,36;4202,03;4244,62;4202,03
2023-02-14;4238,76;4244,47;4279,57;4233,73
2023-02-15;4280,04;4237,00;4283,62;4234,39
2023-02-16;4297,24;4295,99;4316,17;4269,44
2023-02-17;4274,92;4283,04;4288,08;4232,25
2023-02-20;4271,18;4281,72;4284,56;4262,21
2023-02-21;4250,40;4265,18;4265,29;4210,17
2023-02-22;4242,88;4245,75;4248,06;4205,93
2023-02-23;4258,16;4249,95;4282,88;4249,95
2023-02-24;4178,82;4263,38;4280,14;4171,93
2023-02-27;4248,01;4191,84;4266,82;4191,84
2023-02-28;4238,38;4238,46;4268,66;4222,23
2023-03-01;4215,75;4243,38;4276,06;4206,32
2023-03-02;4240,59;4204,80;4241,39;4178,65
2023-03-03;4294,80;4256,81;4298,78;4256,81
2023-03-06;4313,78;4306,65;4324,27;4295,69
2023-03-07;4278,96;4306,25;4319,06;4277,82
2023-03-08;4288,45;4272,37;4298,95;4264,23
2023-03-09;4286,12;4283,30;4297,56;4257,20
2023-03-10;4229,53;4256,43;4256,43;4190,98
2023-03-13;4096,54;4228,32;4229,22;4071,94
2023-03-14;4179,47;4104,57;4189,08;4088,58
2023-03-15;4034,92;4175,62;4178,46;4018,30
2023-03-16;4116,98;4060,41;4135,00;4021,45
2023-03-17;4064,99;4137,37;4174,67;4042,75
2023-03-20;4119,42;4054,70;4136,19;3980,94
2023-03-21;4181,60;4139,89;4206,93;4139,89
2023-03-22;4195,70;4174,90;4212,81;4167,12
2023-03-23;4207,14;4195,22;4215,20;4166,00
2023-03-24;4130,62;4193,16;4193,16;4093,16
2023-03-27;4164,62;4133,80;4190,14;4133,80
2023-03-28;4168,21;4169,53;4205,35;4157,11
2023-03-29;4231,27;4168,61;4233,59;4168,61
2023-03-30;4285,42;4232,59;4295,32;4232,59
2023-03-31;4315,05;4285,84;4325,34;4278,31
2023-04-03;4311,05;4312,99;4329,29;4304,89
2023-04-04;4315,32;4312,15;4346,95;4311,02
2023-04-05;4298,36;4316,29;4320,83;4286,21
2023-04-06;4309,45;4295,55;4313,74;4293,85
2023-04-11;4333,29;4312,66;4343,92;4312,66
2023-04-12;4334,03;4332,33;4374,23;4323,67
2023-04-13;4363,24;4334,67;4363,61;4334,67
2023-04-14;4390,75;4364,09;4397,58;4363,31
2023-04-17;4367,61;4392,40;4401,97;4366,22
2023-04-18;4393,95;4367,62;4407,74;4367,62
2023-04-19;4393,57;4393,46;4397,16;4373,19
2023-04-20;4384,86;4391,92;4400,61;4365,91
2023-04-21;4408,59;4382,06;4408,59;4367,56
2023-04-24;4401,80;4398,51;4411,67;4387,64
2023-04-25;4377,85;4393,23;4393,23;4363,98
2023-04-26;4347,71;4373,21;4373,21;4324,43
2023-04-27;4358,05;4345,04;4368,95;4327,98
2023-04-28;4359,31;4353,92;4376,30;4305,63
2023-05-01;4359,31;4359,31;4359,31;4359,31
2023-05-02;4294,85;4353,41;4372,66;4291,66
2023-05-03;4310,18;4303,53;4329,03;4303,53
2023-05-04;4287,03;4280,66;4302,04;4264,41
2023-05-05;4340,43;4280,92;4340,48;4280,92
2023-05-08;4348,65;4335,22;4355,41;4334,13
2023-05-09;4323,09;4344,42;4344,42;4305,31
2023-05-10;4306,76;4322,65;4332,29;4293,21
2023-05-11;4309,75;4303,98;4341,59;4281,69
2023-05-12;4317,88;4304,07;4344,32;4304,07
2023-05-15;4316,41;4315,85;4338,14;4302,76
2023-05-16;4315,51;4313,12;4328,78;4298,31
2023-05-17;4323,23;4313,25;4332,08;4293,57
2023-05-18;4367,45;4323,04;4380,50;4323,04
2023-05-19;4395,30;4368,24;4412,88;4368,24
2023-05-22;4385,63;4384,99;4394,94;4372,93
2023-05-23;4342,38;4382,99;4383,45;4342,38
2023-05-24;4263,74;4339,50;4339,50;4250,26
2023-05-25;4269,64;4264,01;4284,96;4251,29
2023-05-26;4337,50;4272,85;4346,20;4260,81
2023-05-29;4320,01;4340,95;4359,86;4314,95
2023-05-30;4291,58;4314,96;4338,71;4284,11
2023-05-31;4218,04;4289,10;4289,10;4210,69
2023-06-01;4257,61;4222,56;4271,37;4222,56
2023-06-02;4323,52;4259,64;4327,57;4259,64
2023-06-05;4293,24;4324,10;4333,18;4287,14
2023-06-06;4295,22;4292,77;4299,00;4275,44
2023-06-07;4291,91;4294,50;4305,25;4273,28
2023-06-08;4297,68;4284,09;4305,90;4276,36
2023-06-09;4289,79;4298,48;4307,42;4275,09
2023-06-12;4316,49;4291,04;4332,97;4291,04
2023-06-13;4347,55;4317,75;4352,01;4316,52
2023-06-14;4375,98;4346,52;4385,84;4343,55
2023-06-15;4365,12;4373,58;4373,58;4333,64
2023-06-16;4394,82;4365,74;4410,20;4363,96
2023-06-19;4362,38;4392,17;4392,17;4356,51
2023-06-20;4343,14;4361,50;4365,23;4338,35
2023-06-21;4322,75;4339,47;4350,10;4316,47
2023-06-22;4304,47;4304,02;4304,59;4261,34
2023-06-23;4271,61;4296,75;4296,75;4253,15
2023-06-26;4280,57;4272,10;4294,16;4238,07
2023-06-27;4305,26;4286,18;4311,12;4272,27
2023-06-28;4344,75;4313,04;4349,39;4313,04
2023-06-29;4354,69;4345,23;4371,60;4341,64
2023-06-30;4399,09;4354,95;4409,50;4346,40
2023-07-03;4398,15;4401,03;4420,01;4397,76
2023-07-04;4390,99;4398,05;4412,54;4389,52
2023-07-05;4350,71;4388,30;4388,30;4342,87
2023-07-06;4223,09;4349,30;4349,30;4213,81
2023-07-07;4236,60;4222,73;4257,99;4197,97
2023-07-10;4256,51;4235,35;4272,49;4217,75
2023-07-11;4286,56;4257,90;4301,23;4257,90
2023-07-12;4360,46;4289,01;4367,44;4289,01
2023-07-13;4391,76;4361,16;4410,28;4361,16
2023-07-14;4400,11;4389,93;4411,18;4388,76
2023-07-17;4356,79;4397,33;4397,33;4342,54
2023-07-18;4369,73;4354,62;4374,63;4345,16
2023-07-19;4362,28;4370,91;4404,59;4362,09
2023-07-20;4373,73;4360,92;4376,58;4340,69
2023-07-21;4391,41;4374,07;4391,41;4355,28
2023-07-24;4383,03;4386,87;4386,87;4364,26
2023-07-25;4391,30;4382,49;4399,50;4374,13
2023-07-26;4346,15;4390,96;4390,96;4312,07
2023-07-27;4447,44;4347,18;4448,96;4347,18
2023-07-28;4466,50;4448,60;4476,04;4423,64
2023-07-31;4471,31;4466,41;4491,51;4458,37
2023-08-01;4407,54;4469,62;4469,62;4407,11
2023-08-02;4336,50;4403,04;4403,04;4329,91
2023-08-03;4304,63;4335,14;4335,14;4279,05
2023-08-04;4332,91;4306,07;4336,65;4288,80
2023-08-07;4337,50;4330,23;4341,11;4304,13
2023-08-08;4288,85;4329,47;4330,22;4259,84
2023-08-09;4317,33;4289,02;4354,97;4289,02
2023-08-10;4384,04;4320,92;4402,09;4320,92
2023-08-11;4321,33;4381,72;4381,72;4311,11
2023-08-14;4330,23;4318,71;4343,89;4306,26
2023-08-15;4288,57;4334,07;4336,72;4269,86
2023-08-16;4284,27;4284,57;4304,09;4268,85
2023-08-17;4227,83;4281,57;4281,57;4224,78
2023-08-18;4212,95;4224,45;4224,45;4175,37
2023-08-21;4224,87;4212,60;4262,17;4212,60
2023-08-22;4260,37;4226,10;4291,81;4226,10
2023-08-23;4266,67;4260,97;4294,29;4248,82
2023-08-24;4232,22;4278,11;4322,08;4229,67
2023-08-25;4236,25;4230,82;4269,52;4219,99
2023-08-28;4293,69;4245,60;4299,17;4245,60
2023-08-29;4326,47;4297,62;4329,29;4291,35
2023-08-30;4315,31;4326,55;4340,83;4294,62
2023-08-31;4297,11;4316,16;4336,74;4297,11
2023-09-01;4282,64;4296,31;4319,99;4282,36
2023-09-04;4279,87;4286,60;4323,31;4272,06
2023-09-05;4269,16;4275,92;4286,77;4234,79
2023-09-06;4238,26;4265,54;4265,54;4224,35
2023-09-07;4221,02;4235,74;4252,83;4209,98
2023-09-08;4237,19;4224,13;4244,41;4179,97
2023-09-11;4254,33;4241,43;4278,96;4241,43
2023-09-12;4242,27;4258,70;4264,50;4230,64
2023-09-13;4223,48;4236,92;4238,69;4198,99
2023-09-14;4279,75;4223,40;4288,23;4205,68
2023-09-15;4295,05;4287,65;4326,90;4287,65
2023-09-18;4245,88;4291,08;4291,08;4234,73
2023-09-19;4242,70;4245,39;4264,14;4230,33
2023-09-20;4275,98;4242,41;4286,53;4241,57
2023-09-21;4212,59;4271,10;4271,10;4200,72
2023-09-22;4207,16;4211,04;4218,69;4178,44
2023-09-25;4167,37;4204,22;4213,23;4144,71
2023-09-26;4129,18;4165,03;4165,03;4114,97
2023-09-27;4131,68;4129,91;4153,43;4121,31
2023-09-28;4161,56;4131,44;4161,59;4106,48
2023-09-29;4174,66;4171,33;4215,28;4171,33
2023-10-02;4137,63;4181,62;4204,17;4119,45
2023-10-03;4095,59;4124,98;4146,47;4091,00
2023-10-04;4099,85;4084,78;4126,60;4061,94
2023-10-05;4099,81;4104,17;4122,52;4092,03
2023-10-06;4144,43;4106,16;4144,66;4094,01
2023-10-09;4112,57;4139,51;4139,51;4097,94
2023-10-10;4205,23;4118,46;4208,43;4118,46
2023-10-11;4200,80;4203,84;4217,00;4172,91
2023-10-12;4198,23;4202,79;4234,49;4193,98
2023-10-13;4136,12;4197,30;4198,10;4133,13
2023-10-16;4149,86;4137,07;4163,40;4110,83
2023-10-17;4152,32;4148,09;4163,10;4111,52
2023-10-18;4105,86;4152,53;4161,50;4099,90
2023-10-19;4090,33;4104,79;4109,81;4069,29
2023-10-20;4024,68;4077,44;4077,44;4024,68
2023-10-23;4041,75;4025,48;4044,62;3993,10
2023-10-24;4065,37;4045,42;4074,32;4026,65
2023-10-25;4073,35;4062,34;4082,49;4040,51
2023-10-26;4049,40;4070,75;4070,75;4017,74
2023-10-27;4014,36;4056,10;4068,52;4006,64
2023-10-30;4028,32;4023,42;4050,98;4023,42
2023-10-31;4061,12;4030,83;4073,49;4026,93
2023-11-01;4091,71;4069,65;4103,65;4049,87
2023-11-02;4169,62;4102,09;4188,31;4102,09
2023-11-03;4174,67;4175,85;4195,96;4163,86
2023-11-06;4158,64;4178,32;4188,65;4152,08
2023-11-07;4153,37;4150,52;4164,88;4135,53
2023-11-08;4178,49;4148,42;4197,63;4133,46
2023-11-09;4229,20;4179,35;4234,00;4166,89
2023-11-10;4197,36;4218,26;4218,26;4176,16
2023-11-13;4232,19;4205,41;4234,73;4205,41
2023-11-14;4291,72;4232,40;4304,72;4230,91
2023-11-15;4315,53;4294,98;4326,72;4294,98
2023-11-16;4302,45;4315,57;4323,60;4302,45
2023-11-17;4340,77;4304,00;4347,53;4304,00
2023-11-20;4342,41;4338,40;4348,49;4330,47
2023-11-21;4331,90;4343,07;4345,07;4329,53
2023-11-22;4352,02;4335,78;4357,10;4335,78
2023-11-23;4361,32;4352,73;4363,65;4350,42
2023-11-24;4372,10;4357,95;4375,83;4356,08
2023-11-27;4354,41;4369,92;4376,70;4353,27
2023-11-28;4348,02;4350,34;4350,34;4328,12
2023-11-29;4370,53;4341,30;4382,15;4341,30
2023-11-30;4382,47;4370,39;4392,81;4361,83
2023-12-01;4418,51;4393,04;4420,57;4393,04
2023-12-04;4414,95;4414,30;4426,55;4405,33
2023-12-05;4452,77;4414,33;4457,82;4412,67
2023-12-06;4483,26;4460,33;4495,30;4458,53
2023-12-07;4473,77;4480,52;4480,52;4465,25
2023-12-08;4523,31;4477,04;4531,54;4477,04
2023-12-11;4540,19;4522,79;4544,13;4519,62
2023-12-12;4536,61;4544,41;4561,11;4535,04
2023-12-13;4530,19;4539,45;4554,13;4528,99
2023-12-14;4539,16;4541,47;4593,11;4515,92
2023-12-15;4549,44;4551,03;4579,90;4542,11
2023-12-18;4521,13;4540,12;4541,42;4513,10
2023-12-19;4535,40;4522,13;4538,32;4519,28
2023-12-20;4533,82;4538,12;4546,06;4515,52
2023-12-21;4524,86;4522,49;4524,86;4503,36
2023-12-22;4521,47;4520,60;4528,05;4505,73
2023-12-27;4528,38;4521,80;4542,33;4520,51
2023-12-28;4514,38;4536,68;4542,75;4512,64
2023-12-29;4521,44;4518,12;4536,44;4517,31
2024-01-02;4512,81;4528,45;4568,80;4484,82
2024-01-03;4448,13;4514,20;4515,70;4433,14
2024-01-04;4474,01;4451,72;4476,72;4443,42
2024-01-05;4463,51;4458,74;4474,88;4418,08
2024-01-08;4485,48;4461,80;4487,26;4438,49
2024-01-09;4467,17;4486,99;4486,99;4446,62
2024-01-10;4468,98;4467,15;4484,80;4459,54
2024-01-11;4442,28;4481,40;4510,01;4441,46
2024-01-12;4480,02;4453,24;4492,77;4453,24
2024-01-15;4454,68;4483,98;4489,49;4451,03
2024-01-16;4446,51;4443,21;4448,45;4414,44
2024-01-17;4403,08;4420,60;4420,60;4380,97
2024-01-18;4453,05;4417,56;4455,47;4408,42
2024-01-19;4448,83;4465,20;4476,78;4437,50
2024-01-22;4480,32;4454,45;4495,43;4454,45
2024-01-23;4465,91;4487,51;4496,39;4456,78
2024-01-24;4564,11;4469,79;4564,11;4469,60
2024-01-25;4582,26;4562,34;4584,87;4545,52
2024-01-26;4635,47;4572,13;4639,05;4572,13
2024-01-29;4639,36;4636,77;4639,36;4622,46
2024-01-30;4662,70;4647,41;4667,42;4642,26
2024-01-31;4648,40;4659,87;4674,74;4642,69
2024-02-01;4638,60;4641,94;4656,52;4619,48
2024-02-02;4654,55;4645,78;4676,71;4645,78
2024-02-05;4655,27;4656,05;4667,40;4638,33
2024-02-06;4690,87;4667,50;4692,44;4660,02
2024-02-07;4678,85;4691,57;4694,88;4677,92
2024-02-08;4710,78;4687,21;4720,78;4682,83
2024-02-09;4715,87;4711,33;4723,77;4696,51
2024-02-12;4746,35;4720,30;4746,35;4720,30
2024-02-13;4689,28;4746,46;4746,46;4671,99
2024-02-14;4709,22;4685,94;4712,89;4681,62
2024-02-15;4743,17;4713,78;4749,27;4713,78
2024-02-16;4765,65;4754,43;4782,79;4750,76
2024-02-19;4763,07;4755,75;4765,82;4744,59
2024-02-20;4760,28;4757,95;4766,62;4749,18
2024-02-21;4775,31;4761,24;4782,56;4756,68
2024-02-22;4855,36;4812,02;4866,06;4812,02
2024-02-23;4872,57;4857,41;4881,66;4850,32
2024-02-26;4864,29;4865,87;4870,43;4859,49
2024-02-27;4885,74;4865,54;4887,85;4863,81
2024-02-28;4883,77;4883,84;4887,18;4874,94
2024-02-29;4877,77;4883,77;4898,37;4872,63
2024-03-01;4894,86;4888,58;4904,85;4874,03
2024-03-04;4912,92;4904,58;4915,44;4897,94
2024-03-05;4893,07;4909,42;4913,10;4886,07
2024-03-06;4915,49;4890,84;4920,57;4889,58
2024-03-07;4974,22;4901,01;4978,19;4891,79
2024-03-08;4961,11;4974,97;4986,57;4961,11
2024-03-11;4930,42;4932,20;4938,65;4913,84
2024-03-12;4983,20;4937,76;4985,10;4926,21
2024-03-13;5000,55;4985,83;5016,24;4983,82
2024-03-14;4993,12;5007,73;5031,82;4986,60
2024-03-15;4986,02;4993,44;5023,65;4986,02
2024-03-18;4982,76;4993,66;5004,08;4976,61
2024-03-19;5007,92;4979,06;5007,92;4976,37
2024-03-20;5000,31;4991,37;5009,13;4980,95
2024-03-21;5052,31;5042,32;5058,91;5021,14
2024-03-22;5031,15;5035,13;5037,74;5008,90
2024-03-25;5044,19;5029,25;5051,47;5013,60
2024-03-26;5064,18;5046,26;5072,75;5038,73
2024-03-27;5081,74;5063,27;5095,11;5063,27
2024-03-28;5083,42;5085,25;5103,26;5081,78
2024-04-02;5042,00;5096,86;5121,71;5038,63
2024-04-03;5069,25;5047,80;5071,20;5046,23
2024-04-04;5070,76;5071,83;5089,33;5065,65
2024-04-05;5014,75;5043,61;5043,61;4985,67
2024-04-08;5046,05;5012,02;5053,00;5005,31
2024-04-09;4990,90;5038,73;5038,73;4981,23
2024-04-10;5000,83;5006,50;5037,18;4951,19
2024-04-11;4966,68;4994,15;5010,09;4934,40
2024-04-12;4955,01;4986,03;5023,90;4935,03
2024-04-15;4984,48;4969,00;5034,73;4969,00
2024-04-16;4916,99;4962,15;4962,15;4899,41
2024-04-17;4914,13;4918,73;4968,41;4898,90
2024-04-18;4936,57;4924,83;4943,98;4907,61
2024-04-19;4918,09;4911,59;4933,38;4884,12
2024-04-22;4936,85;4921,04;4954,18;4913,70
2024-04-23;5008,17;4941,29;5011,10;4941,29
2024-04-24;4989,88;5004,91;5031,84;4981,81
2024-04-25;4939,01;4993,35;4994,41;4900,27
2024-04-26;5006,85;4950,22;5017,98;4950,22
2024-04-29;4981,09;5014,22;5026,82;4980,42
2024-04-30;4921,22;4985,54;4988,12;4916,57
2024-05-01;4921,22;4921,22;4921,22;4921,22
2024-05-02;4890,61;4907,33;4913,71;4888,11
2024-05-03;4921,48;4901,04;4944,82;4896,41
2024-05-06;4956,96;4921,02;4969,12;4920,93
2024-05-07;5016,10;4969,82;5016,71;4967,81
2024-05-08;5038,17;5025,30;5047,54;5023,74
2024-05-09;5054,41;5019,32;5057,23;5013,77
2024-05-10;5085,08;5060,73;5096,89;5060,73
2024-05-13;5078,96;5083,54;5087,92;5068,06
2024-05-14;5080,29;5079,37;5083,55;5057,94
2024-05-15;5100,90;5083,25;5102,30;5075,06
2024-05-16;5072,45;5094,77;5101,41;5068,11
2024-05-17;5064,14;5061,44;5068,39;5040,23
2024-05-20;5074,34;5060,62;5079,04;5060,62
2024-05-21;5046,99;5064,87;5064,87;5026,07
2024-05-22;5025,17;5044,22;5045,09;5020,70
2024-05-23;5037,60;5026,70;5064,50;5025,28
2024-05-24;5035,41;5027,94;5040,89;4991,70
2024-05-27;5059,20;5038,92;5059,20;5033,56
2024-05-28;5030,35;5060,38;5071,39;5015,85
2024-05-29;4963,20;5027,52;5027,53;4955,84
2024-05-30;4982,18;4954,78;4985,87;4947,21
2024-05-31;4983,67;4985,71;5000,76;4967,19
2024-06-03;5003,54;5008,10;5039,55;4997,01
2024-06-04;4953,37;5001,97;5001,97;4942,14
2024-06-05;5035,66;4972,72;5044,02;4972,72
2024-06-06;5069,09;5051,94;5082,07;5049,88
2024-06-07;5051,31;5072,88;5077,21;5018,35
2024-06-10;5016,48;5027,86;5027,86;4973,88
2024-06-11;4965,09;5025,13;5034,58;4941,39
2024-06-12;5034,43;4970,61;5042,39;4970,61
2024-06-13;4935,50;5031,04;5031,04;4929,87
2024-06-14;4839,14;4942,82;4942,82;4819,56
2024-06-17;4880,42;4858,68;4900,31;4837,88
2024-06-18;4915,47;4898,33;4922,61;4883,18
2024-06-19;4885,45;4913,54;4916,69;4883,30
2024-06-20;4947,73;4894,13;4948,89;4894,13
2024-06-21;4907,30;4945,02;4945,02;4890,08
2024-06-24;4950,98;4911,17;4964,84;4911,17
2024-06-25;4935,97;4938,44;4938,44;4910,92
2024-06-26;4915,94;4954,79;4975,81;4889,23
2024-06-27;4902,60;4918,63;4935,11;4897,18
2024-06-28;4894,02;4909,30;4922,84;4880,98
2024-07-01;4929,99;4924,08;4981,31;4923,32
2024-07-02;4906,33;4918,21;4918,21;4869,48
2024-07-03;4965,80;4922,03;4977,57;4922,03
2024-07-04;4987,48;4972,67;4993,66;4972,67
2024-07-05;4979,39;4993,99;5019,65;4960,51
2024-07-08;4969,83;4976,53;5029,25;4965,24
2024-07-09;4903,62;4960,15;4960,55;4894,76
2024-07-10;4958,86;4909,14;4960,99;4896,85
2024-07-11;4976,13;4970,32;5005,70;4964,12
2024-07-12;5043,02;4980,96;5051,59;4980,96
2024-07-15;4983,11;5029,28;5038,30;4982,42
2024-07-16;4947,83;4968,21;4968,21;4939,17
2024-07-17;4891,46;4939,44;4939,44;4877,15
2024-07-18;4870,12;4902,41;4923,86;4870,12
2024-07-19;4827,24;4868,97;4868,97;4822,55
2024-07-22;4897,44;4833,17;4911,43;4833,17
2024-07-23;4916,80;4906,89;4949,27;4896,33
2024-07-24;4861,87;4892,66;4892,66;4847,39
2024-07-25;4811,28;4832,68;4832,68;4767,15
2024-07-26;4862,50;4810,87;4867,88;4810,20
2024-07-29;4815,39;4873,84;4886,60;4810,81
2024-07-30;4841,00;4830,52;4861,85;4829,92
2024-07-31;4872,94;4852,18;4907,39;4852,18
2024-08-01;4765,72;4867,09;4867,09;4759,68
2024-08-02;4638,70;4752,10;4752,10;4627,27
2024-08-05;4571,60;4605,72;4605,72;4473,94
2024-08-06;4575,22;4580,12;4607,82;4538,20
2024-08-07;4668,06;4592,87;4683,72;4591,59
2024-08-08;4668,74;4661,82;4673,66;4606,70
2024-08-09;4675,28;4678,44;4703,22;4646,71
2024-08-12;4671,88;4686,85;4699,91;4658,86
2024-08-13;4694,92;4680,21;4697,96;4659,23
2024-08-14;4727,60;4710,18;4728,68;4706,76
2024-08-15;4807,77;4736,84;4809,88;4727,63
2024-08-16;4840,52;4813,72;4850,74;4813,72
2024-08-19;4871,41;4838,02;4879,30;4835,58
2024-08-20;4857,58;4878,22;4897,43;4855,90
2024-08-21;4885,28;4856,23;4889,72;4856,23
2024-08-22;4885,00;4885,74;4911,43;4883,98
2024-08-23;4909,20;4890,34;4918,85;4887,70
2024-08-26;4896,69;4907,04;4911,02;4892,19
2024-08-27;4898,78;4897,27;4916,68;4892,51
2024-08-28;4913,03;4904,76;4932,76;4904,76
2024-08-29;4966,27;4915,49;4966,27;4913,49
2024-08-30;4957,98;4959,03;4980,86;4957,96
2024-09-02;4973,07;4955,87;4973,39;4924,18
2024-09-03;4912,52;4977,97;4986,74;4906,98
2024-09-04;4848,18;4889,17;4889,17;4838,83
2024-09-05;4815,15;4840,70;4854,33;4814,77
2024-09-06;4738,06;4806,59;4829,28;4732,86
2024-09-09;4778,66;4745,21;4797,75;4745,21
2024-09-10;4747,20;4779,55;4803,37;4736,89
2024-09-11;4763,58;4752,58;4796,49;4735,95
2024-09-12;4814,08;4777,77;4836,64;4777,77
2024-09-13;4843,99;4817,74;4853,89;4817,74
2024-09-16;4827,63;4835,16;4852,71;4820,11
2024-09-17;4860,78;4832,82;4879,61;4832,82
2024-09-18;4835,30;4861,52;4864,60;4831,09
2024-09-19;4943,38;4862,41;4943,38;4862,41
2024-09-20;4871,54;4929,15;4930,22;4868,80
2024-09-23;4885,57;4875,62;4893,98;4854,93
2024-09-24;4940,72;4907,58;4953,69;4907,58
2024-09-25;4916,89;4928,15;4933,37;4905,33
2024-09-26;5032,59;4956,34;5035,44;4956,34
2024-09-27;5067,45;5028,35;5071,41;5028,35
2024-09-30;5000,45;5060,76;5060,76;5000,45
2024-10-01;4954,15;5004,37;5016,88;4933,39
2024-10-02;4963,29;4961,73;4983,22;4931,56
2024-10-03;4921,33;4959,20;4959,20;4907,60
2024-10-04;4954,94;4920,20;4976,02;4911,36
2024-10-07;4969,71;4959,24;4976,67;4930,79
2024-10-08;4949,00;4953,91;4955,96;4911,83
2024-10-09;4982,57;4948,79;4984,79;4930,13
2024-10-10;4970,34;4980,12;4986,70;4950,16
2024-10-11;5003,92;4970,64;5005,83;4953,82
2024-10-14;5041,01;5007,27;5044,74;4999,18
2024-10-15;4946,73;5045,63;5053,23;4946,73
2024-10-16;4908,71;4918,44;4926,08;4898,95
2024-10-17;4947,30;4913,99;4973,79;4913,99
2024-10-18;4986,27;4950,05;4986,27;4944,13
2024-10-21;4941,22;4977,90;4989,32;4938,10
2024-10-22;4939,31;4941,04;4965,75;4910,32
2024-10-23;4922,55;4924,40;4948,38;4906,28
2024-10-24;4935,45;4929,02;4970,48;4929,02
2024-10-25;4943,09;4940,35;4953,34;4915,57
2024-10-28;4969,83;4962,16;4982,74;4932,61
2024-10-29;4950,02;4978,73;4999,72;4948,84
2024-10-30;4885,75;4931,32;4931,32;4866,59
2024-10-31;4827,63;4866,03;4866,03;4805,23
2024-11-01;4877,75;4829,48;4889,49;4829,48
2024-11-04;4852,10;4873,95;4893,35;4852,10
2024-11-05;4870,33;4853,66;4874,55;4839,44
2024-11-06;4800,63;4880,35;4946,48;4788,41
2024-11-07;4851,96;4812,63;4869,39;4810,63
2024-11-08;4802,76;4853,50;4862,64;4791,06
2024-11-11;4854,03;4825,50;4875,75;4825,50
2024-11-12;4744,69;4834,34;4834,34;4741,99
2024-11-13;4740,34;4740,93;4761,09;4699,78
2024-11-14;4833,53;4759,77;4835,78;4747,57
2024-11-15;4794,85;4810,59;4829,68;4785,65
2024-11-18;4790,33;4786,54;4800,47;4755,79
2024-11-19;4751,23;4791,89;4801,23;4688,68
2024-11-20;4729,71;4760,61;4786,28;4717,45
2024-11-21;4755,83;4731,23;4757,59;4690,45
2024-11-22;4789,08;4772,83;4797,95;4722,77
2024-11-25;4799,87;4806,29;4831,28;4790,77
2024-11-26;4761,99;4781,47;4792,71;4747,01
2024-11-27;4733,15;4752,43;4752,43;4705,97
2024-11-28;4758,65;4759,22;4781,09;4747,37
2024-11-29;4804,40;4754,62;4810,49;4741,89
2024-12-02;4846,73;4785,15;4848,87;4764,38
2024-12-03;4878,51;4854,14;4902,04;4854,14
2024-12-04;4919,02;4884,94;4929,53;4884,52
2024-12-05;4951,58;4914,06;4954,92;4912,75
2024-12-06;4977,78;4953,93;4985,22;4944,29
2024-12-09;4985,46;4991,84;5007,70;4974,05
2024-12-10;4951,74;4979,17;4979,17;4949,32
2024-12-11;4959,35;4947,44;4966,23;4940,08
2024-12-12;4965,53;4964,17;4974,90;4953,21
2024-12-13;4967,95;4964,08;4996,96;4955,29
2024-12-16;4947,03;4963,88;4963,88;4940,39
2024-12-17;4942,58;4936,52;4966,14;4922,34
2024-12-18;4957,28;4945,61;4970,35;4940,30
2024-12-19;4879,00;4916,32;4916,32;4869,11
2024-12-20;4862,28;4861,59;4872,66;4803,20
2024-12-23;4852,93;4859,04;4862,51;4832,15
2024-12-24;4857,86;4857,79;4868,36;4857,79
2024-12-27;4898,88;4854,16;4898,88;4847,89
2024-12-30;4869,28;4890,52;4904,08;4862,16
2024-12-31;4895,98;4866,22;4896,02;4860,86
